{
    "hyperparameters": {
        "learning_rate": 0.001,
        "discount_factor": 0.99,
        "epsilon": 0.1,
        "gae_lambda": 0.95,
        "value_function_coef": 0.5,
        "num_episodes": 300,
        "num_epochs": 10,
        "batch_size": 64,
        "horizon": 512,
        "entropy_coefficient_init": 0.1,
        "entropy_coefficient_target": 0.01,
        "entropy_coefficient_const": 0.01,
        "entropy_decay_steps": 100000
    },
    "run_configs": {
        "agent": "PPO",
        "environment": "ORIGINAL",
        "entropy_setting": "FIXED",
        "plotting_setting": "REWARDS_AND_TRACK_DISTANCE",
        "zero_brake": false,
        "automatic_restart": false,
        "use_existing_model": "",
        "save_as_onnx_model": false
    },
    "episodes_reward_data": [
        -6.0076177883311175,
        -7.763193168066209,
        -3.90823465550784,
        -4.7158832111163065,
        -7.839471354644047,
        -2.0598111607978353,
        -6.802759948186576,
        -1.9521161091688555,
        -16.07949178587296,
        -6.717218861274887,
        -6.399260208723717,
        -0.9857034440501593,
        -4.861303896992467,
        1.7565209780004807,
        0.2955636903643608,
        -0.07635273510823026,
        -3.862294309772551,
        -2.1981070729525527,
        -3.9700945978984237,
        0.10372200033452827,
        -1.6561869536380982,
        -1.3957058784726541,
        1.3557436045084614,
        -1.2336648715281626,
        -1.1163552269572392,
        -1.1247579531627707,
        0.30540811028913595,
        0.24677902838448063,
        -1.441286732966546,
        1.6957065181923099,
        6.856943720835261,
        -7.384384666976985,
        0.7305623016582103,
        8.43462673544127,
        0.7540783363801893,
        0.8817953150719404,
        2.5542875050159637,
        2.1058389615500346,
        -1.2024350668216357,
        5.684024952206528,
        0.08005960285663605,
        -0.031222177611198276,
        0.3648957483819686,
        1.018746782108792,
        1.5542950418384862,
        7.266922428709222,
        1.3532376720104367,
        4.440333189355442,
        5.139603221978177,
        -1.9739956731136772,
        -3.715568603874999,
        11.144392971415073,
        -0.6414371325518005,
        2.552528624801198,
        5.428770915073983,
        13.350926924700616,
        -0.3321030900115147,
        4.242512309720041,
        5.867159120854922,
        -1.981739272174309,
        1.7122997241385747,
        4.912334984750487,
        0.5176761503971647,
        3.013909764937125,
        4.532953507208731,
        2.3105336306034587,
        20.76570269704098,
        8.901352153559856,
        19.89860341048916,
        -1.702913667089888,
        0.03596539115824271,
        15.361892306536902,
        6.611019743751967,
        2.249741180043202,
        10.8866466679101,
        16.56318168831058,
        28.22201495571062,
        1.3374889200204052,
        -1.092254979579593,
        11.784487884069677,
        10.295281039259862,
        36.731834934442304,
        1.2172373885987327,
        1.2918899211799726,
        13.954344418656547,
        34.46872290543979,
        58.9170161858201,
        83.58866468834458,
        16.216595032339683,
        60.982093443279155,
        44.55002337245969,
        10.65986603446072,
        38.0468538790592,
        11.809782497002743,
        4.977499758722843,
        22.367634168913355,
        22.26737997296732,
        7.737976442207582,
        134.97576911610668,
        3.0020947564407834,
        41.82730682461988,
        42.41898519197275,
        88.63111614924856,
        3.2122861612588167,
        28.474478776624892,
        13.811586782103404,
        31.49791905458551,
        64.84993500262499,
        6.615140504785813,
        65.36097179001081,
        24.418526030203793,
        87.12422519834945,
        25.32913371923496,
        96.12315941923589,
        100.1179830362089,
        89.52512652663427,
        23.802288992184913,
        206.13165058281447,
        222.06684658624,
        226.52407183370087,
        25.31506709878886,
        234.55253067956073,
        227.05492981040152,
        39.58806920252391,
        237.68712352809962,
        42.54701006843243,
        235.43074229112244,
        102.3225508518226,
        178.74682814470725,
        187.43745593182393,
        229.20779805802158,
        228.61618969397387,
        82.36346325222985,
        217.02635089529213,
        239.4420078406256,
        154.73707448830828,
        21.74473303940613,
        215.37139092947473,
        122.62646759363997,
        53.58447354048258,
        231.03173831605818,
        236.9561878151435,
        89.9504225901328,
        144.83710030006478,
        74.3334785932384,
        82.30908000154886,
        15.788494928521686,
        53.751906466670334,
        53.85608463503013,
        148.56579449458513,
        9.214587235299405,
        212.48392549756682,
        171.37923484978091,
        14.286382880614838,
        142.51276150450576,
        45.72678269482276,
        10.913618778984528,
        3.1912668034347007,
        75.49317273472843,
        209.7996884502645,
        219.19173395750113,
        222.4349833293236,
        220.46074482420227,
        225.8965729365882,
        235.09807501314208,
        18.55627179192379,
        229.39156165072927,
        74.14348055084702,
        103.92957666699658,
        27.933210885617882,
        117.44857732392848,
        38.55857089119672,
        11.563020473869983,
        106.17986469960306,
        -3.4753896987022017,
        155.49050459574937,
        13.554687031457433,
        105.37893411006371,
        116.54800454335054,
        116.38097264489625,
        4.2845526269229595,
        82.06386203030706,
        72.50074860753375,
        202.36461441541906,
        132.19208475359483,
        210.57159330431023,
        211.03402242276934,
        30.378450548043475,
        173.33631149950088,
        208.5601892232662,
        215.69457555559347,
        15.391895944077987,
        140.04975435620872,
        232.26201060472522,
        63.04821595773683,
        173.4333648486063,
        43.203941377214505,
        227.90054562140722,
        43.88130234845448,
        113.31032426856109,
        225.78579307657492,
        28.658508288033772,
        226.95631351821794,
        84.93394538696157,
        219.18779504441773,
        230.4535291245702,
        223.3515780712769,
        177.2130130448495,
        87.92956130336825,
        122.26889582601143,
        101.97939195203071,
        89.96887785634317,
        215.00563074910315,
        47.018646527663805,
        83.21034039760707,
        53.22104860423133,
        11.604055269272067,
        218.9263030027505,
        23.89693101015291,
        24.880002466539736,
        214.36472025941475,
        54.86009233517689,
        206.37732316982874,
        52.025637753511546,
        104.07873725268291,
        115.1717139276443,
        95.25780203236354,
        4.0140014849748695,
        89.52547804336064,
        151.75175808282802,
        47.474560662696604,
        116.29585846449481,
        129.95284069384797,
        45.820171140891034,
        12.868281355840736,
        168.51044469024055,
        23.79400128585985,
        7.030781180481426,
        13.413590507116169,
        204.68382393443608,
        209.87199988029897,
        217.33896210420062,
        217.2898124747444,
        10.46430357688223,
        47.76316320121987,
        85.00830051710363,
        109.11340837410535,
        34.86212170886574,
        214.73748229378543,
        207.9124572503497,
        53.1247087699594,
        186.87552992464043,
        108.16675676534942,
        83.89390176458983,
        26.290001781337196,
        204.83996173393098,
        227.26851580347284,
        217.57575320251635,
        124.26115172758,
