{
    "hyperparameters": {
        "learning_rate": 0.0003,
        "discount_factor": 0.99,
        "epsilon": 0.1,
        "gae_lambda": 0.95,
        "value_function_coef": 0.5,
        "num_episodes": 300,
        "num_epochs": 10,
        "batch_size": 64,
        "horizon": 512,
        "entropy_coefficient_init": 0.1,
        "entropy_coefficient_target": 0.01,
        "entropy_coefficient_const": 0.01,
        "entropy_decay_steps": 100000
    },
    "run_configs": {
        "agent": "PPOBETA",
        "environment": "RIGHTTURN",
        "entropy_setting": "SCHEDULED",
        "plotting_setting": "REWARDS_AND_TRACK_DISTANCE",
        "zero_brake": false,
        "automatic_restart": false,
        "use_existing_model": "20230709_121341.764_model",
        "save_as_onnx_model": false,
        "seed": 2
    },
    "episodes_reward_data": [
        37.74054561153753,
        78.63877706510539,
        50.8662541701633,
        62.28367159412301,
        61.54470119153848,
        56.261852243114845,
        47.2216054048331,
        51.63559450994944,
        50.613619413328706,
        48.61155657301424,
        44.50220365394489,
        57.84964519407367,
        31.580804480880033,
        40.41060696510249,
        54.105047588658636,
        45.60878766834503,
        7.960909857196384,
        34.14309221052099,
        30.682706744759344,
        19.84697721610428,
        33.396825324423844,
        41.28125574643491,
        33.598570038506296,
        -11.925046495889546,
        27.262310525402427,
        33.46117024117848,
        46.82677785499254,
        21.189304388593882,
        45.072387161751976,
        21.491687554254895,
        61.08028759385343,
        19.622532715569832,
        37.046732343907934,
        9.721321689692559,
        -15.69921017572051,
        15.115557960350998,
        -5.189504542184295,
        33.44403868849622,
        51.00832943660498,
        49.822336107856245,
        -7.025586077739717,
        29.550120461703045,
        25.769172384636477,
        36.43076007227501,
        -14.365840853541158,
        51.43366161431186,
        42.114277444488835,
        6.208414157183142,
        49.0827344111749,
        3.35878158477135,
        6.720457396353595,
        2.3384279697493184,
        11.218179187068017,
        4.144745845231228,
        35.53228222718462,
        -18.28228882723488,
        8.941321372520179,
        -9.04835681928671,
        11.130444699636428,
        12.212574055229197,
        16.65121867059497,
        -12.975909755536122,
        -11.71670969875413,
        -4.174053151509725,
        -2.4684693543822505,
        -18.33221810394025,
        -26.518395010549284,
        10.342704178081476,
        -6.65643950458616,
        9.396729036205215,
        19.03179534433002,
        -0.06455418476980412,
        1.4702684870135272,
        2.4443771006772295,
        16.36841826341697,
        1.4489760929136537,
        -0.29328061401611194,
        -3.9568938230513595,
        13.47868917703454,
        -4.693986127676908,
        -39.24018833079026,
        -5.542171929555479,
        -1.998929088746081,
        -22.294157224619994,
        -2.5741661668289453,
        -11.960092075561988,
        3.519208048703149,
        29.595495015673805,
        32.3188288705569,
        8.15809229738079,
        -23.83229971496621,
        54.45037596783368,
        -27.433606135629816,
        20.860355519631412,
        -27.58257347898325,
        -7.000921717379242,
        -16.81372607627418,
        -3.27948232262861,
        -3.4512258984177606,
        -22.880788186215796,
        -18.685831598180812,
        -28.795432299666572,
        -25.475310312234797,
        -5.12281588112819,
        -28.650905270449584,
        -4.151687560224673,
        -2.918422767907032,
        14.392899088663398,
        -4.160251266715932,
        -8.972480185970198,
        -43.30226156587014,
        -2.7419935463985894,
        -10.583330324850976,
        -25.014882911578752,
        -13.512277804751648,
        -1.7211634771811077,
        -16.31601783487713,
        -19.169705101114232,
        -9.409313985117478,
        -1.4011738235130906,
        -11.901525323628448,
        -22.610853373771533,
        -26.969830238289433,
        -10.453431838715915,
        -5.880238800265943,
        -2.748221492220182,
        -6.67300408045412,
        -3.301020783430431,
        -3.0706278953584842,
        -5.235049337323289,
        -12.853882396477275,
        -3.724916134349769,
        -3.8537348955724156,
        -3.364049966126913,
        -3.497490104047756,
        -15.056789305017446,
        -2.017891506686283,
        -4.244905687170103,
        -2.028791494827601,
        -2.7916499982966343,
        -3.3070780811540317,
        -3.604707445614622,
        -11.12847079092171,
        -10.49489423778141,
        -1.598366613558028,
        -3.187837613877491,
        -2.5444459798454773,
        -3.6429190922062844,
        -11.122179772006348,
        -3.233755463064881,
        -5.712295174802421,
        -1.5494211097247899,
        -2.258294771236251,
        -5.243814152519917,
        -5.165347621339606,
        -12.685407836863305,
        -3.277955742800259,
        -2.2366271641512867,
        -3.1701511653518537,
        -3.493168640139629,
        -10.657661127857864,
        -3.9731401833123527,
        -1.750933884322876,
        -4.297809018171392,
        -5.517242347123101,
        -5.153682951204246,
        -4.088679848107859,
        -5.495880468093674,
        -5.55002651050745,
        -2.6837290689290967,
        -4.609583786281291,
        -4.2736424640752375,
        -9.843154481961392,
        -3.872249620326329,
        -3.2989136288815644,
        -14.656462043261854,
        -2.556677972621401,
        -4.198886388505343,
        -5.090236885880586,
        -3.0228996922960505,
        -5.96566668421292,
        -3.266211739042774,
        -2.117863540741382,
        -5.337119109695777,
        -2.23932634681114,
        -3.072531315687229,
        -6.90571900762734,
        -4.354618701589061,
        -2.639754533272935,
        -1.166047780541703,
        -2.712730464176275,
        -3.7121495020692237,
        -5.292055972153321,
        -4.809002371242968,
        -2.9394440851174295,
        -3.7760604280483676,
        -4.566545234847581,
        -6.019187293131836,
        -2.191312096096226,
        -7.550573682623508,
        -5.868579511239659,
        -1.8171553948777728,
        -1.9534879391576396,
        -1.4618080725485925,
        -2.7092209164693486,
        -4.537113313563168,
        -4.204367435639142,
        -9.60921214625705,
        -4.921089456707705,
        -2.080251912208041,
        -1.8800870115228463,
        -6.249595302855596,
        -2.832210664462764,
        -9.820699178555515,
        -5.504441215540282,
        -2.684421038837172,
        -3.7421480016200803,
        -2.1097522554773604,
        -1.6750462144555058,
        -5.161636353797803,
        -3.79268124664668,
        -4.055741225573001,
        -4.363877861527726,
        -5.489979279882391,
        -12.352236632315908,
        -4.272221219667699,
        -4.023463587742299,
        -1.4928457834466826,
        -2.540563699993072,
        -7.667548178287689,
        -2.1863929159299005,
        -3.8548845924960915,
        -3.8092838883167133,
        -4.154099529281666,
        -5.551428856851999,
        -2.80543157827924,
        -2.8610370083188172,
        -2.5443184194737114,
        -5.372225823739427,
        -2.9294316034938674,
        -1.3089012501586694,
        -3.469616950802447,
        -3.1153638686810154,
        -2.279609122007969,
        -4.567672655946808,
        -3.11420524015557,
        -1.3425170628470369,
        -2.751526768435724,
        -5.5304453719145386,
        -1.0015213134756777,
        -3.6694848694314715,
        -3.561147241445724,
        -7.146106019616127,
        -6.562073497916572,
