{
    "hyperparameters": {
        "learning_rate": 0.0003,
        "discount_factor": 0.99,
        "epsilon": 0.1,
        "gae_lambda": 0.95,
        "value_function_coef": 0.5,
        "num_episodes": 300,
        "num_epochs": 10,
        "batch_size": 64,
        "horizon": 512,
        "entropy_coefficient_init": 0.1,
        "entropy_coefficient_target": 0.01,
        "entropy_coefficient_const": 0.01,
        "entropy_decay_steps": 100000
    },
    "run_configs": {
        "agent": "PPOBETA",
        "environment": "ADVANCED",
        "entropy_setting": "FIXED",
        "plotting_setting": "REWARDS_AND_TRACK_DISTANCE",
        "zero_brake": false,
        "automatic_restart": false,
        "use_existing_model": "20230710_130904.644_model",
        "save_as_onnx_model": false,
        "seed": 5
    },
    "episodes_reward_data": [
        9.911005813919473,
        54.87384942965582,
        4.227333796152379,
        61.7104704293306,
        33.686684778833296,
        31.73194827797124,
        47.84916061582044,
        5.49727587038069,
        46.099560378846945,
        64.012313803687,
        8.00909769986174,
        43.15348822576925,
        55.363801249157405,
        9.40942222942249,
        46.3001411514706,
        6.163524769988726,
        58.308933704480296,
        10.925607046941877,
        56.80670192389516,
        -2.620033029001206,
        32.75209178494697,
        46.050373810809106,
        51.909485973010305,
        11.545641726988833,
        -3.393371411599219,
        23.63276337896241,
        28.51179427927127,
        48.84554519876838,
        21.05787066380435,
        39.50680414767703,
        48.95034116337774,
        -1.9940015394240618,
        9.739729890490707,
        45.647349681239575,
        3.0808074917149497,
        38.29573320283089,
        36.1130536445271,
        -2.9001419513951987,
        60.70758216275135,
        6.658812130597653,
        3.0116396735829767,
        57.819865106081124,
        -6.286366160289617,
        28.572951061389176,
        45.33128060854506,
        7.595375797332963,
        -5.512255916371942,
        47.70686393138021,
        -3.6019711568951607,
        10.829191084507329,
        -0.038318341597914696,
        61.55200186994625,
        22.477646850049496,
        9.278319475444732,
        43.40368023733026,
        20.952072954765754,
        41.89319535854156,
        45.35680828569457,
        30.55321841262048,
        58.277782690594904,
        38.308101463582716,
        13.726612719030527,
        3.3805978025193326,
        47.02747023291886,
        4.340336217021104,
        53.77400488249259,
        46.14356209739344,
        50.14810451539233,
        39.26531939121196,
        61.81058109382866,
        44.63838526638574,
        65.8258486125269,
        12.516651682948577,
        23.865395506087225,
        13.00261232311459,
        5.821666373260086,
        36.39797723654192,
        2.9904821967938915,
        15.247647382624564,
        0.6950608044862747,
        5.622393668018049,
        14.269620007529738,
        66.01621534029255,
        43.03878797509242,
        4.22906978733954,
        0.3225084338337183,
        10.394641314218461,
        6.012007450073725,
        38.57827963276941,
        41.8409066402819,
        37.750355327894795,
        42.712577884085476,
        25.765993128472473,
        8.4375366582899,
        57.08466352793039,
        4.375189382844837,
        55.745385130052455,
        29.25360521519906,
        10.817415094898024,
        64.91573874879396,
        41.27100922737736,
        37.37573764566332,
        5.218687599466648,
        41.99337249621749,
        36.17724519975309,
        40.5335167622834,
        49.43133587524062,
        6.195575440317043,
        -4.92388025787659,
        38.75797268765746,
        3.7463486302876845,
        0.11034857667982578,
        25.33230224600993,
        22.066781303146854,
        36.53737101817387,
        41.76204978887108,
        32.67703999453806,
        0.5933091901242733,
        13.254481895404751,
        -4.269125993130729,
        39.35620319843292,
        63.52699591970304,
        63.345924148045015,
        41.95896967902081,
        -0.24667112156748772,
        10.945556544451392,
        41.801335282449145,
        54.222682589810574,
        28.038162950862898,
        48.916638883179985,
        45.228655955172144,
        39.0339532076905,
        9.2750052912088,
        62.63735963287763,
        20.34533182301675,
        37.27867213729769,
        7.349511898966739,
        26.312865182815585,
        6.274659696573508,
        44.36219080950832,
        39.68216540990397,
        56.98065125491121,
        25.45255925899255,
        36.63100834120996,
        42.42906632422819,
        34.4517413356225,
        36.48884450273181,
        0.11029959842562675,
        50.85269847299787,
        37.76238289102912,
        11.692341563073569,
        41.64821719285101,
        13.219192688105977,
        62.337755514658056,
        55.132182178873336,
        10.806774302756821,
        33.390118842798984,
        0.9046594377141446,
        4.341605549067026,
        -0.5374914791900665,
        56.26937432115665,
        38.83513580108411,
        26.976308205339592,
        23.331206641130848,
        49.018772557610646,
        39.22227742598625,
        -0.05324162729084492,
        4.796344243834028,
        55.911026287969435,
        55.29863538511563,
        5.867125786986435,
        37.59995402744971,
        2.96532437694259,
        33.10383451078087,
        28.059358090453316,
        12.74554082636314,
        48.824937526660506,
        34.43422053399263,
        51.51542709363275,
        28.191598863806576,
        27.65008032741025,
        35.63841526728356,
        46.02148422729806,
        -0.46620052482467145,
        39.531307666009525,
        41.749760890961625,
        25.092150545911863,
        52.072677449614275,
        12.724360248452285,
        6.191944650432561,
        52.61256645468529,
        21.95823398148059,
        24.563666941481642,
        33.04826042157947,
        5.330829008802539,
        50.65382946270984,
        23.19538301229477,
        65.40771416889038,
        33.41355130376178,
        46.37513048626715,
        7.838844780868385,
        23.968100898026023,
        49.181060491479,
        43.88160044234246,
        11.571150165444124,
        5.47044354629179,
        30.190824308840092,
        25.855876409623306,
        5.573192063398892,
        10.926747444289504,
        40.00943864567671,
        40.06521185778547,
        49.31062463577837,
        21.625889990478754,
        25.417377490666695,
        24.18623240108718,
        46.33264453249285,
        37.86068182263989,
        28.233965354942484,
        30.240265067870496,
        28.051923550548963,
        48.74693810590543,
        24.062033397553023,
        37.352218459534924,
        42.40686832042411,
        38.01038264576346,
        18.91650963993743,
        8.671406668407144,
        37.80624849614105,
        37.60781129414681,
        -6.4781574696535245,
        20.246692109009018,
        23.433496764453594,
        29.920147173877922,
        41.18518907891121,
        24.207716998207616,
        58.37958847754635,
        50.25754738319665,
        37.614105803426355,
        -2.9462806889787316,
        42.905740210117074,
        21.338496321521234,
        51.58937019115547,
        32.82449686617474,
        36.45004129677545,
        2.577793452946935,
        23.820031215582276,
        22.02155895298347,
        22.563325950526632,
        -0.030429469421505928,
        7.539654768363107,
        55.04777253692737,
        -0.2309155073016882,
        36.541820226295386,
        8.170140383794205,
        56.09678821294801,
        22.154999369871803,
        53.50497016997542,
        9.57466566025687,
        42.67169465031475,
