{
    "hyperparameters": {
        "learning_rate": 0.0003,
        "discount_factor": 0.99,
        "epsilon": 0.1,
        "gae_lambda": 0.95,
        "value_function_coef": 0.5,
        "num_episodes": 300,
        "num_epochs": 10,
        "batch_size": 64,
        "horizon": 512,
        "entropy_coefficient_init": 0.1,
        "entropy_coefficient_target": 0.01,
        "entropy_coefficient_const": 0.01,
        "entropy_decay_steps": 100000
    },
    "run_configs": {
        "agent": "PPOBETA",
        "environment": "ORIGINAL",
        "entropy_setting": "FIXED",
        "plotting_setting": "REWARDS_AND_TRACK_DISTANCE",
        "zero_brake": false,
        "automatic_restart": false,
        "use_existing_model": "",
        "save_as_onnx_model": false,
        "seed": 42
    },
    "episodes_reward_data": [
        4.313081904867431,
        5.424771127232816,
        -4.191311131959083,
        1.072741345356917,
        8.140918660355965,
        -1.8315626466937829,
        12.814548593130894,
        6.278379955037963,
        1.6536646034801379,
        3.83658282936085,
        2.2932133869617246,
        3.3830471211113036,
        17.80811045569135,
        3.572836700535845,
        3.3211717824160587,
        -0.6304866526625119,
        -0.1553698898642324,
        -0.7049044596060412,
        9.265281360014342,
        6.175641819747398,
        -2.194267536426196,
        -1.4692272463289555,
        -0.7689503023284487,
        9.938883601003909,
        -0.6298801823431859,
        2.4747063770191744,
        -0.03291479527251795,
        0.21153642309946008,
        6.777107505535241,
        -0.8751858775503933,
        4.806225657070172,
        6.632124091251171,
        0.8564153450715821,
        -0.3109949064964894,
        2.909582022461109,
        8.07571865580394,
        8.527124891523272,
        5.49561731016729,
        -4.031825432408368,
        -0.4388305218599271,
        3.839333789612283,
        3.114810454804683,
        -0.23439715069252998,
        1.8668445601360872,
        18.60121771725244,
        1.7888859448139556,
        5.633107261091936,
        5.647158492589369,
        15.583607626016601,
        -0.9058487471047556,
        4.231673615518957,
        19.373897657962516,
        1.434053735807538,
        -1.2326858693559188,
        10.859432547178585,
        3.329314563132357,
        4.521306396403816,
        1.3749581965385005,
        23.799221071240027,
        1.5014543085198966,
        51.21398450114066,
        45.969095818072674,
        35.31333416365669,
        2.8639788810396567,
        17.005376168555813,
        75.28918336820789,
        23.624155700963456,
        76.65267675832729,
        83.55824955517892,
        -2.0375986952276435,
        10.543615770962788,
        50.839690525026526,
        101.92078082915395,
        50.18895267811604,
        75.67106777544541,
        75.3694838694064,
        224.19131464109523,
        21.31121112589608,
        97.9015278309671,
        52.84901228162926,
        180.88070236024214,
        22.838811877474654,
        50.531456699740374,
        60.925579288072186,
        204.25441949118976,
        210.6358269546181,
        199.27123166865204,
        227.6933825807937,
        228.90276405843906,
        241.10347887578246,
        237.34034376958152,
        239.8548653457692,
        234.83372252160916,
        244.81369712133892,
        27.785326255732798,
        250.46368432982126,
        107.17082313197898,
        34.35169487752137,
        117.08737365173874,
        235.61353008928563,
        234.4904474359646,
        240.61022856610361,
        244.27430409367662,
        249.2169422353909,
        139.0048668085583,
        37.13595497148344,
        242.6068891537725,
        249.1328030382283,
        22.261800697539,
        219.47861693936284,
        22.71393531720969,
        236.40534545658738,
        33.054095481697004,
        52.20183600927703,
        155.24852951688808,
        161.11372733092867,
        240.348476189567,
        45.312154377112165,
        194.17234265984735,
        13.338072212674888,
        240.54516085697105,
        239.27818555317936,
        244.7963367602788,
        26.415153448935598,
        242.1727137490525,
        142.86693829097203,
        93.3825507099391,
        241.28166372873238,
        243.84116094984347,
        230.20517925091553,
        192.2162976715481,
        241.90698380296817,
        235.99189153508632,
        228.9546410702169,
        227.17879327572882,
        227.2353260674281,
        232.03126778372098,
        12.09850867863861,
        34.53256274483283,
        229.30513925644482,
        233.35770432662684,
        220.41381434263894,
        234.352632091759,
        231.48152452497743,
        24.531180386198685,
        216.18934055691352,
        173.70631697704084,
        232.2437793866411,
        234.88473127182806,
        242.1595549142803,
        88.72390897746664,
        235.3142866838025,
        235.07966360381397,
        222.1074822929222,
        230.26279654272366,
        234.47580817813287,
        238.2563803094963,
        233.22074473938846,
        246.13822295036516,
        240.80387210589834,
        147.31750238218228,
        239.7764267675957,
        237.3357561761659,
        31.968698202457745,
        245.6572720931872,
        237.06065897729422,
        243.6831116110552,
        12.328893176425481,
        244.57276472903322,
        132.27971597819123,
        244.32212589069968,
        238.15019634534838,
        186.14347347518196,
        222.4237820985727,
        244.04754341644002,
        65.83524172523175,
        239.70936298149172,
        237.8787967243843,
        245.7410309849074,
        60.86092429926066,
        135.4038552926213,
        10.163962777427514,
        241.12712099956116,
        242.60077128268313,
        145.69476060202578,
        236.04326165124803,
        245.5289981572132,
        246.9663190493011,
        178.1927786297747,
        16.281600634174538,
        245.16986356742564,
        244.04880670376588,
        114.84574503760086,
        243.75051487822202,
        164.33992151822895,
        233.74746367172338,
        236.84246954804985,
        239.50904136546887,
        250.66093351620657,
        242.74918892772985,
        6.221734135935549,
        62.001396158506395,
        234.08434266527183,
        241.08695667257416,
        239.95830404562003,
        240.4094872258138,
        244.82651714491658,
        168.14383235530113,
        247.91936593897117,
        247.1701541985094,
        248.1507585822037,
        251.83274414384505,
        194.35480315668974,
        100.7146188482875,
        244.39067132241325,
        183.51607071707258,
        234.68812833768607,
        237.38388995314017,
        48.5138166633551,
        232.541726437099,
        236.85468778660288,
        246.19795240744133,
        155.31175399226777,
        247.87883591996797,
        169.80858944900683,
        246.3012833718676,
        246.3394768916187,
        52.01480887073558,
        246.1732753579854,
        244.27118035992316,
        243.08350157516543,
        66.063146942819,
        247.2575137988606,
        238.2959829053434,
        243.7150337959465,
        245.3773714264389,
        248.7775517840928,
        89.35481423814781,
        244.8816182561568,
        248.57959846095764,
        245.85830114211421,
        247.54613450352917,
        248.31957842360134,
        192.87935098056914,
        242.1940257557726,
        249.02596287574852,
        53.61507787577284,
        194.5403634586546,
        241.87506357434904,
        211.93426717547118,
        235.34752188031416,
        242.08024245130946,
        245.67116299975896,
        248.20751450574608,
        243.63324847898912,
        245.3979565864429,
        239.1879948496935,
        249.58801703815698,
        244.1621699408861,
