{
    "hyperparameters": {
        "learning_rate": 0.0003,
        "discount_factor": 0.99,
        "epsilon": 0.1,
        "gae_lambda": 0.95,
        "value_function_coef": 0.5,
        "num_episodes": 300,
        "num_epochs": 10,
        "batch_size": 64,
        "horizon": 512,
        "entropy_coefficient_init": 0.1,
        "entropy_coefficient_target": 0.01,
        "entropy_coefficient_const": 0.01,
        "entropy_decay_steps": 100000
    },
    "run_configs": {
        "agent": "PPOBETA",
        "environment": "CURVES",
        "entropy_setting": "FIXED",
        "plotting_setting": "REWARDS_AND_TRACK_DISTANCE",
        "zero_brake": false,
        "automatic_restart": false,
        "use_existing_model": "20230709_121341.764_model",
        "save_as_onnx_model": false,
        "seed": 1
    },
    "episodes_reward_data": [
        4.426483692950569,
        -0.5799658030737191,
        4.50340572767891,
        -0.2953901176515501,
        2.2065126408997457,
        -1.5273053301207256,
        6.805555234343046,
        7.052312095736852,
        -1.5072039976366796,
        4.353631977835903,
        2.950729660689831,
        4.432811103368294,
        1.327081985771656,
        6.1165163782425225,
        3.915320012893062,
        7.0044409952824935,
        -0.31134435621788725,
        0.7333498362859245,
        -0.9844715447397903,
        2.6910818306787405,
        2.915636989986524,
        12.275904058071319,
        0.24311108599067666,
        4.831194237747695,
        0.07205654896097258,
        -2.7991115452023223,
        4.626160110812634,
        -2.0741327104042284,
        6.973329645115882,
        -0.46434763452271,
        19.032524602487683,
        7.24709354841616,
        -0.8430535432416946,
        0.3952068307553418,
        -1.576750646752771,
        3.0626327228092123,
        3.0659228108124807,
        5.348578294928302,
        -0.26280698424670845,
        -3.9374663979397155,
        -0.38076608238043264,
        0.7756152176880278,
        21.928810382436495,
        0.6739912545308471,
        1.7613379203830846,
        10.052111721481197,
        6.510146571759833,
        12.48226030683145,
        17.430015133257257,
        5.709388392424444,
        -2.308526670851279,
        -0.13117102364776656,
        -1.1192963723442517,
        4.381500498915557,
        1.911721003940329,
        1.0316816898994148,
        0.2425804747035727,
        -1.07170532096643,
        4.38652099337196,
        -1.247723990061786,
        4.557845189672662,
        12.608319639519323,
        5.559076414734591,
        5.97856375540141,
        4.336687516071834,
        9.863080110400915,
        22.931201062572654,
        0.8120401460910216,
        -3.6454797739279456,
        6.1541564469225705,
        3.351566400495358,
        4.101533195062075,
        10.272057288035285,
        -1.1118330904864706,
        7.033972073084442,
        27.60916384618031,
        40.582189250475494,
        2.2365498978761025,
        1.4459685574984178,
        -2.7374532869434915,
        -2.4229807720403187,
        4.483109641005285,
        26.157812976511195,
        18.339207885961514,
        39.484254044888075,
        61.223745143041015,
        3.9268603798700497,
        6.497223605925683,
        4.786021234584041,
        -0.9296724229352549,
        5.863087729609106,
        30.990434684441425,
        5.531478597316891,
        52.41135276880232,
        25.87313671875745,
        0.542118507088162,
        42.34000182256568,
        11.247435700133792,
        51.72358629660448,
        -2.383785764046479,
        6.0373122549499385,
        50.82299847796094,
        52.65825847326778,
        34.22836931189522,
        6.384889918612316,
        10.645386756863445,
        31.231436055590166,
        25.921254784043413,
        1.0835217665880919,
        21.94890800025314,
        69.810455632105,
        4.2784948396729305,
        1.7501672813668847,
        45.106350831338204,
        50.0331553358119,
        9.826696990116034,
        42.039135021856055,
        10.912241965474095,
        61.92984228290152,
        21.664906323770992,
        -2.437166583520593,
        57.52979259022686,
        11.711894605250563,
        0.3216147647763137,
        5.595025174756302,
        -0.1576804756768979,
        71.25933161636931,
        50.320317167032044,
        49.627690700493986,
        7.926769358906313,
        25.05027341019013,
        2.820377913361881,
        29.125608012080193,
        67.59369837483973,
        16.06853810022585,
        59.54411238100147,
        10.458577218523715,
        61.55331013398245,
        62.862649047761806,
        6.234068836289225,
        63.69339237117674,
        0.748390800668858,
        31.850642300763866,
        10.407304803025909,
        6.830445811021491,
        70.43105075662606,
        24.18222735216841,
        30.70197933720192,
        21.44680832978338,
        59.25520697096363,
        42.35586953390157,
        12.201293907128274,
        31.11391167039983,
        51.51861595470109,
        29.347758268995676,
        5.940716698009055,
        7.351783299265662,
        8.556752596865408,
        60.37137353190337,
        1.923120149411261,
        -1.9986844675149769,
        1.6414615707180928,
        40.474092553544324,
        25.013989590428537,
        6.002067257883027,
        21.6625920215738,
        49.60661513937521,
        61.51542500790674,
        70.58790851477534,
        66.48858684202423,
        75.19378924713237,
        49.26687168359058,
        24.86283237708267,
        5.167443564219866,
        36.321533115406055,
        19.150471678061876,
        41.92438684616354,
        47.866105908644386,
        21.719184180314187,
        55.65026922151446,
        3.6622892351588234,
        24.104314922878984,
        4.118033042846946,
        66.85391671222169,
        78.43184058443876,
        69.95086541370256,
        24.849833867512643,
        42.62092075741384,
        40.184858620516025,
        15.538356211036444,
        2.5409034424228594,
        -0.020340387214673683,
        14.394225165829994,
        72.09510652418248,
        3.330561681999825,
        70.01419715149677,
        42.85336092027137,
        -1.24217604479054,
        25.75845416681841,
        6.091072119772434,
        20.00763003458269,
        76.73449020559201,
        -1.462995761190541,
        51.07696607688558,
        69.7932218798669,
        30.45683255547192,
        53.80021278746426,
        51.71738804603228,
        72.13691289714188,
        66.7266261667246,
        69.03966009506257,
        71.37558234564494,
        68.09779923266615,
        -0.09845485660480335,
        62.412451522191986,
        54.40688065809081,
        59.489615123777185,
        61.19629429106135,
        68.85307699837722,
        64.03821010142565,
        61.93171770055778,
        65.9355946261785,
        69.48495347326389,
        74.86895354697481,
        71.63576636678772,
        61.67650860652793,
        2.0087825765658636,
        27.86776608764194,
        28.388749185251072,
        67.97471127018798,
        71.09970153888571,
        58.36371807573596,
        54.81840241124155,
        65.8568062025006,
        66.46596186299575,
        48.01723062747624,
        62.40412488760194,
        53.45789182127919,
        65.89349348365795,
        53.91833370790118,
        62.62070288404357,
        57.35178354050731,
        59.192372280173004,
        60.92077539747697,
        62.83948407985736,
        2.334048733173404,
        67.50589820783352,
        55.18062054825714,
        61.96225578326266,
        27.877943703031633,
        39.000699563650414,
        30.63601473842573,
        -2.454418566834647,
        63.14520108414581,
        54.73655014822725,
        56.95083944682847,
        50.46161026658956,
        52.58572660339996,
        49.458626702893525,
        66.64847318944521,
