{
    "hyperparameters": {
        "learning_rate": 0.0003,
        "discount_factor": 0.99,
        "epsilon": 0.1,
        "gae_lambda": 0.95,
        "value_function_coef": 0.5,
        "num_episodes": 300,
        "num_epochs": 10,
        "batch_size": 64,
        "horizon": 512,
        "entropy_coefficient_init": 0.1,
        "entropy_coefficient_target": 0.01,
        "entropy_coefficient_const": 0.01,
        "entropy_decay_steps": 100000
    },
    "run_configs": {
        "agent": "PPOBETA",
        "environment": "ADVANCED",
        "entropy_setting": "FIXED",
        "plotting_setting": "REWARDS_AND_TRACK_DISTANCE",
        "zero_brake": false,
        "automatic_restart": false,
        "use_existing_model": "20230710_185155.602_model",
        "save_as_onnx_model": false,
        "seed": 2
    },
    "episodes_reward_data": [
        1.955705199856311,
        15.241179007905885,
        24.367627144849394,
        1.7067854299675673,
        22.71218071927433,
        33.52539099036949,
        27.424418408074416,
        4.8099660901061725,
        15.249596381356241,
        28.3485033713514,
        33.754511289531365,
        71.18210926209576,
        0.9584281053976156,
        30.896078645193484,
        27.17225023644278,
        3.4827081538096536,
        4.752941909049696,
        10.765513790771365,
        23.179346931632608,
        2.361031556953094,
        26.45982612017542,
        25.422836924903095,
        33.90456561531755,
        70.32206809290801,
        3.7365692491730442,
        2.874316807865398,
        30.2562721259892,
        113.1735913180164,
        6.075458188395714,
        2.8514009811915457,
        22.4507980759372,
        23.061053918412654,
        2.481242966838181,
        16.567178499986767,
        1.6304132604855113,
        26.357879051181953,
        28.21457863537944,
        22.51645227218978,
        33.83920443014358,
        28.946383794624126,
        32.107064175244886,
        23.057130444794893,
        28.854772291029803,
        24.84225281739782,
        -0.22465018182992935,
        10.090198973193765,
        111.50099864136428,
        22.798465015366673,
        2.0736517503100913,
        68.50058361049742,
        13.679058478679508,
        28.08222579669382,
        28.557710107503226,
        22.97703102309606,
        122.14053628582042,
        -0.08365420252084732,
        6.048951883545669,
        31.160134087956976,
        52.859966727904975,
        113.87123624823289,
        26.05407152045518,
        1.8633107969508274,
        68.01860697481607,
        0.301106546074152,
        29.02851754182484,
        60.78773733123671,
        66.7354724771285,
        43.67145490439725,
        2.337685101359966,
        60.06484247978369,
        14.955728268716484,
        35.36409676168114,
        56.30884326103842,
        30.115970153245144,
        41.144275212689536,
        168.94614864798496,
        112.27385392505676,
        12.69435709528625,
        67.88559414830524,
        75.78483196141315,
        10.901903892867267,
        156.0198962444847,
        3.630703083545086,
        28.460376005910803,
        195.4619293207361,
        49.12991041011992,
        66.2293618277181,
        133.57110091889626,
        20.913967631291598,
        41.05913198646158,
        31.09051277648541,
        118.09644764507539,
        34.75502661470091,
        54.33137392110075,
        171.39390807924792,
        55.97538984624407,
        41.568664604012156,
        26.224538208305603,
        35.67652909230674,
        35.44316350709414,
        50.53527244523866,
        0.5473771654069424,
        43.72384975483874,
        39.1056957244291,
        38.52327818667982,
        47.680065245658625,
        63.33732966470416,
        30.41915438399883,
        52.796190342487535,
        11.551071812398732,
        164.56210089923115,
        26.631676352611976,
        8.395889978193736,
        112.87033743597567,
        74.07496930210618,
        0.09886706247925758,
        197.63002418219548,
        50.83215534267947,
        0.44316333066672087,
        33.22106391005218,
        26.016402017325163,
        71.76796201380785,
        57.489882709036465,
        66.26213175262092,
        157.08979274582816,
        32.346516015939415,
        53.951373480289476,
        12.70105359533045,
        -0.8968112887814641,
        33.56313655839767,
        97.65732326595753,
        66.23585530743003,
        23.133269519545138,
        158.88475617647055,
        47.88949503781623,
        201.5850751475955,
        2.7574672509508673,
        14.715363134338986,
        116.59747398569016,
        114.91018842815538,
        49.699013424513396,
        59.83085657778429,
        43.16848590224981,
        118.38535353183397,
        68.36411198391579,
        156.12915686890483,
        165.06563698142418,
        65.41970678741927,
        0.007698616944253445,
        79.91848496827879,
        42.33646773226792,
        35.783159013371915,
        74.78635290887905,
        12.775656584650278,
        187.25530057260767,
        14.593249670695513,
        47.148212506683194,
        25.134468248550547,
        46.657092019224365,
        180.66862036386738,
        28.853599462890998,
        22.764246568083763,
        29.71405256248545,
        33.157312226481736,
        63.78692610080179,
        187.74355219781864,
        57.03489946795162,
        52.545135198161006,
        85.16208811290562,
        74.20625306168222,
        85.08261387445964,
        197.47498074860778,
        144.24719072476728,
        200.11985041986918,
        162.80431920546107,
        105.14045372523833,
        61.42798004770884,
        167.270318157156,
        22.69959630910307,
        102.66858202210278,
        71.88683576077165,
        46.46429655136308,
        193.45502361439867,
        145.7527719947684,
        40.82611482497305,
        170.42764532734873,
        -0.1413719179108739,
        71.50193505425705,
        65.07867714186432,
        27.8807675675489,
        171.64731396717252,
        104.66052351752296,
        9.851013439707458,
        72.4606981187826,
        195.5074637569487,
        193.83293081913143,
        104.33143158716848,
        166.11359025299316,
        15.824690565408673,
        49.992320760313305,
        192.80895794695243,
        104.74631732999114,
        187.98041477733932,
        88.3472774328693,
        102.16712466446916,
        64.81075564291677,
        201.09554127224692,
        183.2379369069822,
        40.81520556915348,
        0.2897151820361614,
        162.49651339882985,
        16.953468084393535,
        19.149543689985876,
        46.18750327808084,
        72.43227523344103,
        34.38131187390536,
        0.1992263589054346,
        65.91015753429383,
        122.21107911484432,
        173.6058496182668,
        33.35064585786313,
        187.0535571370856,
        70.39272936678026,
        32.84601607087825,
        -0.022913476452231407,
        54.77449280285509,
        16.60499707676354,
        12.167627346498193,
        202.48902179228025,
        111.03072746563703,
        45.647208141119336,
        203.96658652479528,
        106.30203016169253,
        79.7967308005318,
        52.201059628729126,
        203.48735267587472,
        213.2519966305117,
        60.808923887234414,
        48.503615656052716,
        12.25150579540059,
        14.298738940735348,
        118.55206687701866,
        125.78133515361696,
        0.46774663031101227,
        33.452539634890854,
        64.99703733592469,
        73.73769376505516,
        47.56252627080539,
        168.51275027138763,
        0.41405924037098885,
        9.527704558335245,
        29.031965986461728,
        182.17083927804197,
        140.9571547464875,
        205.4235960572114,
        191.9765082738595,
        59.758864964707755,
        164.7930283268215,
        199.67974659588072,
