{
    "hyperparameters": {
        "learning_rate": 0.0003,
        "discount_factor": 0.99,
        "epsilon": 0.1,
        "gae_lambda": 0.95,
        "value_function_coef": 0.5,
        "num_episodes": 300,
        "num_epochs": 10,
        "batch_size": 64,
        "horizon": 512,
        "entropy_coefficient_init": 0.1,
        "entropy_coefficient_target": 0.01,
        "entropy_coefficient_const": 0.01,
        "entropy_decay_steps": 100000
    },
    "run_configs": {
        "agent": "PPOBETA",
        "environment": "RIGHTTURN",
        "entropy_setting": "FIXED",
        "plotting_setting": "REWARDS_AND_TRACK_DISTANCE",
        "zero_brake": false,
        "automatic_restart": false,
        "use_existing_model": "",
        "save_as_onnx_model": false,
        "seed": 1
    },
    "episodes_reward_data": [
        -3.2787339823844377,
        -5.649766218601144,
        -3.076924906577915,
        -1.1689296966360416,
        -2.7882798098871717,
        -5.036715218710015,
        -4.826267078926321,
        -0.42908526328392327,
        -6.1131421402678825,
        -2.9370058061904274,
        -2.4523461437493097,
        -6.432118741911836,
        -2.4536341315251775,
        -2.779238411341794,
        -1.9097985555417836,
        -3.6078083796892315,
        -2.9079682924202643,
        -3.7647337645757943,
        -2.8177120542968623,
        -3.345661518338602,
        -3.621105575119145,
        -1.0275965071341489,
        -2.4791286706458777,
        -0.3547054785012733,
        -1.2371441728319041,
        -1.230407512979582,
        -2.4034389759181067,
        -2.891755144111812,
        -3.005772159231128,
        -4.29277792807261,
        -2.028848033223767,
        -3.0791912137938198,
        -1.746476047395845,
        -2.323837435222231,
        -0.704172683210345,
        -2.103488033404574,
        -1.6248766285716556,
        7.640985292207915,
        1.992783072637394,
        13.91385736099619,
        7.779365418609814,
        3.2580617005878594,
        14.314579539335682,
        -2.103872330058948,
        2.1293062080512755,
        -1.6533435470046243,
        0.8885369075869676,
        6.833739108842565,
        5.321750260191038,
        13.85893101093825,
        7.3812103334930725,
        11.139259835355915,
        5.321631785714999,
        5.082860856578918,
        5.4220425526291365,
        6.3547548206406645,
        7.180675121897366,
        1.2360072907758877,
        5.553803912102012,
        21.29250628798036,
        6.844232508301502,
        8.36904084176058,
        6.293126926670084,
        36.67571657037479,
        41.42340644748765,
        41.09337412084278,
        39.69174910505535,
        49.00425516779069,
        55.215977232321166,
        54.43612256683991,
        58.45755347222439,
        52.43389079536428,
        56.13199257108499,
        55.77492837133468,
        51.829275114345364,
        51.78415402927203,
        60.07373006929993,
        60.4674594917451,
        60.31814649360604,
        59.35424835968297,
        56.450824004859896,
        59.25146642618347,
        63.65534125789418,
        60.83494989719475,
        61.70946351721068,
        60.69479860755382,
        54.350853421521606,
        69.13571694737766,
        59.344688956218306
    ],
    "episodes_track_distance_data": [
        -22,
        -25,
        -15,
        -4,
        -19,
        -18,
        -18,
        0,
        -25,
        -18,
        -15,
        -29,
        -9,
        -17,
        -7,
        -21,
        -9,
        -25,
        -18,
        -24,
        -20,
        -4,
        -7,
        6,
        -13,
        -5,
        -13,
        -17,
        -16,
        -24,
        -7,
        -18,
        -11,
        -14,
        0,
        -16,
        -6,
        75,
        25,
        108,
        69,
        51,
        171,
        -2,
        53,
        19,
        40,
        58,
        66,
        116,
        77,
        109,
        74,
        95,
        86,
        63,
        76,
        28,
        76,
        197,
        137,
        108,
        78,
        415,
        426,
        442,
        416,
        532,
        598,
        564,
        660,
        564,
        582,
        600,
        582,
        596,
        596,
        594,
        618,
        640,
        594,
        628,
        622,
        666,
        666,
        666,
        618,
        630,
        680
    ]
}