{
    "hyperparameters": {
        "learning_rate": 0.0003,
        "discount_factor": 0.99,
        "epsilon": 0.1,
        "gae_lambda": 0.95,
        "value_function_coef": 0.5,
        "num_episodes": 300,
        "num_epochs": 10,
        "batch_size": 64,
        "horizon": 512,
        "entropy_coefficient_init": 0.1,
        "entropy_coefficient_target": 0.01,
        "entropy_coefficient_const": 0.01,
        "entropy_decay_steps": 100000
    },
    "run_configs": {
        "agent": "PPOBETA",
        "environment": "MIDDLE",
        "entropy_setting": "FIXED",
        "plotting_setting": "REWARDS_AND_TRACK_DISTANCE",
        "zero_brake": false,
        "automatic_restart": false,
        "use_existing_model": "20230711_005151.004_model",
        "save_as_onnx_model": false,
        "seed": 1
    },
    "episodes_reward_data": [
        7.589150434534531,
        16.604832747689215,
        8.165381455502938,
        -1.2641654098406434,
        3.7347298905369826,
        14.775475385278696,
        18.41232310674968,
        2.7186796928290278,
        4.670691116712987,
        4.777380217215978,
        1.7731004366651177,
        27.334870573395165,
        1.5723360575502738,
        2.5174022492137738,
        -1.5542209421982989,
        3.5385325584502425,
        3.44268788662157,
        2.4205266726203263,
        1.2443530235323124,
        0.13582674320787191,
        5.991828684869688,
        -2.1513963215984404,
        5.330638031940907,
        -0.6158477090066299,
        2.571961995214224,
        -6.5054236937721726,
        4.291414898703806,
        8.32673355708539,
        6.869298439269187,
        6.528182232519612,
        1.123937369324267,
        7.601223896199372,
        11.391742754552979,
        5.157689564963221,
        9.998570718773408,
        1.1264033489860594,
        0.675538457930088,
        -0.5764612294733524,
        5.198571384826209,
        2.986584040831076,
        -0.5224651698954403,
        -0.10631733946502209,
        3.548435199132655,
        -0.4603726132772863,
        -0.8437939463183284,
        -0.20253824640531093,
        1.5722285428200848,
        11.255541435966734,
        -0.7931541826110333,
        19.629913358425256,
        1.8020279156044126,
        5.608390160661656,
        6.84784695484268,
        7.316464882256696,
        -0.3270286194165237,
        8.903097665082896,
        8.956547382287681,
        18.006259440619033,
        8.213608876569197,
        1.8167793992906809,
        0.5791775900870562,
        3.051040750113316,
        6.416767174843699,
        -3.118717411532998,
        4.527241303265328,
        -0.3610000460757874,
        6.110760661889799,
        0.6143533657304943,
        -2.4246323546394706,
        -0.41010160656878725,
        4.609663707669824,
        0.2784401625394821,
        -2.8994570914655924,
        5.140463948278921,
        1.3299989087390713,
        3.6920182735775597,
        -1.7948824129998684,
        23.53858200943796,
        1.1484593529894482,
        -0.6397217884659767,
        3.2753112438949756,
        4.381698825774947,
        -0.39066116232424974,
        -0.0015010964125394821,
        16.52184334344929,
        1.1498621059581637,
        8.4477501969086,
        3.6725739800021984,
        0.9627162616234273,
        -1.1663930108770728,
        -2.88364714384079,
        2.047411470412044,
        -2.6896779369562864,
        -0.19953520252602175,
        0.04359905867022462,
        0.5890257536084391,
        1.4884194968326483,
        4.388181569986045,
        8.372150084760506,
        8.455197258736007,
        4.717825600499054,
        8.406243240460753,
        -3.03174018394202,
        22.874599230461172,
        4.068586462177336,
        6.206328596454114,
        1.836113524826942,
        1.2725143758580089,
        6.465290402062237,
        8.719599995267345,
        10.46554025466321,
        4.456543707638048,
        7.273763770441292,
        3.027291553968098,
        4.87105680006789,
        0.18897541239857674,
        9.399328237166628,
        -5.89981592586264,
        -2.5684944917738903,
        5.443965390324593,
        6.415934057615232,
        5.183715512685012,
        -0.5106430271989666,
        -1.8982721290085465,
        3.300616106716916,
        1.27816416422138,
        -5.074766911682673,
        1.213337430730462,
        12.235963268671185,
        -0.6943539008498192,
        1.6163313091383316,
        0.44021216314285994,
        0.7099183472164441,
        0.6618019799352624,
        0.4066659190575592,
        17.79808643949218,
        -0.5425795044284314,
        1.8814556148718111,
        9.222647739457898,
        6.247074803017313,
        4.233433280372992,
        -1.0971357351518236,
        -3.7331901816651225,
        35.844241419108585,
        3.740390180668328,
        8.19702862156555,
        4.205748922249768,
        1.098614115267992,
        1.689473420206923,
        0.9211308683443349,
        3.96865923400037,
        3.115026301064063,
        3.162841900077183,
        4.772694977989886,
        0.33261638617841527,
        49.83861352875829,
        5.419238620845135,
        5.534918257268146,
        -0.45207258011214435,
        15.509004363324493,
        3.6332156772259623,
        20.724908812204376,
        8.788253077771515,
        -1.0124055780470371,
        0.2857970246113837,
        9.111043569049798,
        20.120538611430675,
        -4.615468663396314,
        21.713858043338405,
        1.6045013234834187,
        5.717125064809807,
        19.472381583647802,
        1.970492074266076,
        1.8729411996901035,
        -0.7615471104509197,
        2.1751384017406963,
        3.6942087895586155,
        -3.1884657017944846,
        0.1024169948650524,
        5.870169006288052,
        0.3501646793738473,
        -0.20882302871905267,
        -0.41089292464312166,
        5.276905550330412,
        0.8737346375419293,
        41.211539410753176,
        2.7998577091202606,
        2.5902953321347013,
        -1.4868038650602102,
        19.94481357606128,
        1.982535248826025,
        -3.3333188574761152,
        36.799390581290936,
        6.7206506681395695,
        21.702424438670278,
        30.151707386568887,
        1.3141111452132463,
        -0.1681660742033273,
        0.48197219241410494,
        -1.4621899593039416,
        8.492417446803302,
        1.945787600852782,
        1.6129967157903593,
        12.945728709397372,
        -0.6666508070193231,
        1.1791859116056003,
        60.990506263187854,
        -2.4947363829996902,
        -0.40843588387360796,
        4.2891739180195145,
        4.2407215283601545,
        19.557596372556873,
        32.724675897246925,
        -5.749714293517172,
        -0.166946230805479,
        8.650947015732527,
        5.407218996930169,
        8.762841802075855,
        -2.3452211236581206,
        3.004651446826756,
        13.006033960875357,
        18.525981223210692,
        1.1647842307575047,
        23.716614506949554,
        0.5843850914388895,
        4.499698815314332,
        0.9744160599366296,
        -0.1778528243303299,
        -1.4890996829490177,
        2.5490789096802473,
        24.95264227531152,
        1.1586163611500524,
        -1.4365208745002747,
        -0.1907354574650526,
        0.1615743050351739,
        0.0581426577991806,
        7.936458513897378,
        0.0780531796917785,
        0.09631198178976774,
        4.340568985498976,
        8.965701608351083,
        49.367589657369535,
        2.9776585693471134,
        3.8497629815828986,
        -3.86928728595376,
        0.04760172253008932,
        2.443422047421336,
        4.1468816850101575,
        23.99868310027523,
        6.486998709850013,
        3.716195453336695,
        52.615543734282255,
        -0.36505744684836827,
        3.586043684510514,
        10.885487991385162,
        4.682013107929379,
