{
    "hyperparameters": {
        "learning_rate": 0.0003,
        "discount_factor": 0.99,
        "epsilon": 0.1,
        "gae_lambda": 0.95,
        "value_function_coef": 0.5,
        "num_episodes": 300,
        "num_epochs": 10,
        "batch_size": 64,
        "horizon": 512,
        "entropy_coefficient_init": 0.1,
        "entropy_coefficient_target": 0.01,
        "entropy_coefficient_const": 0.01,
        "entropy_decay_steps": 100000
    },
    "run_configs": {
        "agent": "PPOBETA",
        "environment": "RIGHTTURN",
        "entropy_setting": "SCHEDULED",
        "plotting_setting": "REWARDS_AND_TRACK_DISTANCE",
        "zero_brake": false,
        "automatic_restart": false,
        "use_existing_model": "20230709_121341.764_model",
        "save_as_onnx_model": false,
        "seed": 5
    },
    "episodes_reward_data": [
        66.63094405653828,
        55.12084536929615,
        -0.06968482653610408,
        -3.4964010144176427,
        63.32261294516502,
        68.22490381990792,
        61.05944014212582,
        54.24609218799742,
        51.87424742712756,
        38.71483438607538,
        43.41655469688703,
        60.62169736568467,
        38.97843219214701,
        56.396567476404016,
        44.301681983619346,
        46.05273925943766,
        25.078372377494816,
        54.161721130105434,
        33.49842908690334,
        45.60631044607726,
        52.48816190243815,
        24.572284747933736,
        67.92743291343504,
        42.53146766178543,
        51.914867489249445,
        44.87705289700534,
        51.029086299211485,
        3.9082104354165494,
        12.769310413452331,
        21.095306312083267,
        27.731370094130398,
        10.96053233454586,
        43.87452355999267,
        31.44132542729494,
        1.3613379282760434,
        34.697310194256715,
        46.36359125182207,
        65.50504255088163,
        36.12240207550349,
        28.769873547833413,
        52.069568203078234,
        53.90337430060754,
        27.58095324470196,
        39.52128507956513,
        12.733002797860536,
        12.000542165071238,
        24.797853351628873,
        26.699274388491176,
        39.09297988412436,
        -9.288466114347102,
        36.38299164545606,
        18.177638235269114,
        9.995654419442872,
        12.084956419246737,
        13.77064192382386,
        28.104915153584443,
        39.274236883822596,
        11.195169963175431,
        12.562773463549092,
        -14.773397165641654,
        0.5932730643980904,
        2.277235466608545,
        15.931727265648078,
        14.46253784460714,
        -13.441149756370578,
        30.886220313666854,
        -12.346721853828058,
        17.483962614496704,
        34.42010478195152,
        13.72550325483462,
        21.23294311904465,
        20.979860417428426,
        14.799154980421008,
        -22.032477867905982,
        25.922657940755016,
        -28.031450991198653,
        -27.23598218371626,
        -6.324268050142564,
        19.351312223036075,
        23.715147701164824,
        -10.529631435172632,
        -3.207546414232638,
        -28.482962079709978,
        -5.594325482466957,
        -3.4994882043101825,
        -3.682980287412647,
        -31.917916954727843,
        -4.388459746740409,
        -17.92186644024332,
        -19.696258398296777,
        -20.88416388776386,
        -43.005048715218436,
        27.693276156147476,
        0.5734291710396064,
        -4.374549359657976,
        33.667495759553276,
        -3.079871925918269,
        -3.1258197567076422,
        -2.685279596829787,
        -3.4537950693047605,
        -5.121287903661141,
        -11.308527868241072,
        -1.0685460610256996,
        -22.81364144218969,
        -12.51581540913321,
        -22.94082135334611,
        -3.0875123980804347,
        -3.63741543807555,
        -5.5926689348125365,
        -9.294251327490201,
        -28.505287746957038,
        -15.223370427673217,
        -9.412570507876808,
        -20.98880175645172,
        -7.5221984586678445,
        -5.47849186277017,
        -4.660212529648561,
        -10.191048013104592,
        -4.193834816309391,
        -12.996041612233967,
        -7.165035696714767,
        -3.632671536237467,
        -1.9141251934343018,
        -3.9125934257754125,
        -2.9489402806648286,
        -21.655574665404856,
        -17.28210971172666,
        -36.36620948583004,
        -4.973885534971487,
        -4.121994604647625,
        -7.680514870779007,
        -13.593324251298327,
        -7.297642619116232,
        -15.791122570044536,
        -2.783840863936348,
        -0.7106858884508256,
        -3.8008867845637724,
        -28.030331925459905,
        -5.805387918953784,
        -2.6107023857475724,
        -23.17890426714439,
        -3.037578535164357,
        -4.895115091538173,
        -13.664386915275827,
        -4.704325491358759,
        -19.86467274755705,
        -9.527111124509247,
        -2.986727174167754,
        -3.502077056473354,
        -15.446542988123838,
        -3.1622958423686214,
        -2.5944222763064317,
        -3.5697878347564256,
        -15.171123764943331,
        -16.68585442562471,
        -3.158621125141508,
        -7.0566548249917105,
        -14.765607510809787,
        -3.5232885852456093,
        -3.4756951843737625,
        -2.493488030231674,
        -3.485752301843604,
        -4.236426845774986,
        -13.297411071660463,
        -3.935760001637391,
        -12.147818544093752,
        -4.744323696722859,
        -5.159134417393943,
        -4.530030942521989,
        -1.5516822086356115,
        -5.24877782879048,
        -8.562725328083616,
        -7.324622626125347,
        -1.3525017350475537,
        -2.3192312760656932,
        -3.023977082761121,
        -2.199145628284896,
        -2.9777262809875538,
        -4.470346009416971,
        -6.563227266306058,
        -7.394972073176177,
        -1.6942746482673101,
        -3.4052191514638253,
        -2.8556958191329613,
        -4.134593688708264,
        -3.856232409743825,
        -6.174118834955152,
        -2.174334625931806,
        -6.424687710787111,
        -8.921249512466602,
        -3.493178867851384,
        -9.431246904481668,
        -4.757070902138366,
        -5.314373545115814,
        -3.6365393705491442,
        -2.3560648835555185,
        -12.34273449255852,
        -4.693472786602797,
        -8.504260001849616,
        -8.333169198071118,
        -2.7322988887608517,
        -3.4363970968988724,
        -8.47608174016932,
        -6.469358839007327,
        -3.462836687656818,
        -5.299843736633193,
        -4.962481226131786,
        -1.4900810996696237,
        -12.243341680034064,
        -10.139506359730149,
        -10.206120755989105,
        -2.612025127571542,
        -6.811330490279943,
        -3.2961768633394968,
        -12.2158890136634,
        -2.093602549546631,
        -2.820735938876169,
        -3.9284067866246914,
        -2.3871935156785185,
        -3.120293811443844,
        -7.129624887282262,
        -3.333191271602118,
        -13.249456164252479,
        -4.401631318687578,
        -1.5357175294484477,
        -2.534293727221666,
        -1.6011462815804407,
        -2.886157188710058,
        -4.157043477811385,
        -1.2772376093780622,
        -9.949141513643553,
        -3.5879338087397628,
        -3.784371081244899,
        -3.953181969525758,
        -5.633026911818888,
        -4.644675009738421,
        -1.3400688211404486,
        -2.7627638956182636,
        -4.29865537409205,
        -3.283672298217425,
        -2.6337244665191974,
        -1.3536903326457832,
        -1.4943847971881041,
        -3.415865994640626,
        -2.79005693126237,
        -6.542884334863629,
        -1.6864613848301815,
        -3.0101008003548486,
        -4.765323851417634,
        -5.333352107889368,
        -3.2016897945431992,
        -3.469171231670771,
        -7.005902137287194,
