{
    "hyperparameters": {
        "learning_rate": 0.0003,
        "discount_factor": 0.99,
        "epsilon": 0.1,
        "gae_lambda": 0.95,
        "value_function_coef": 0.5,
        "num_episodes": 300,
        "num_epochs": 10,
        "batch_size": 64,
        "horizon": 512,
        "entropy_coefficient_init": 0.1,
        "entropy_coefficient_target": 0.01,
        "entropy_coefficient_const": 0.01,
        "entropy_decay_steps": 100000
    },
    "run_configs": {
        "agent": "PPOBETA",
        "environment": "RIGHTTURN",
        "entropy_setting": "FIXED",
        "plotting_setting": "REWARDS_AND_TRACK_DISTANCE",
        "zero_brake": false,
        "automatic_restart": false,
        "use_existing_model": "20230709_121341.764_model",
        "save_as_onnx_model": false,
        "seed": 3
    },
    "episodes_reward_data": [
        57.30279058814631,
        75.05355042617884,
        75.58706177770364,
        -4.449093015922699,
        15.914831267204136,
        88.34802375438449,
        -3.2628424507565796,
        65.82048741004837,
        92.55259668147482,
        50.6100539220497,
        32.86743673478486,
        -6.492314922157675,
        77.38422625773819,
        61.35769027931383,
        65.73681544270949,
        58.38122607758851,
        1.3163537523942068,
        21.116769292391837,
        52.43312045539642,
        29.784423543926096,
        57.14341440866701,
        59.5429056569119,
        56.62764322763542,
        71.3189761963149,
        59.15743734143325,
        24.50816002106876,
        -4.277018423075788,
        58.510286625270965,
        43.91383493816829,
        81.69948378774279,
        55.81570550374454,
        48.39756184250291,
        42.81110569999146,
        53.6942001877469,
        46.44384149585676,
        73.86372523655882,
        -1.857114035927225,
        57.161936609001714,
        16.861912573047448,
        70.1319668026772,
        -6.854921275691595,
        26.278510870644823,
        11.443077362120675,
        -8.282658518233802,
        16.71477565326495,
        67.23378063628479,
        46.33334668021416,
        71.55496343171399,
        28.353616512031294,
        72.30144209350692,
        3.6811532753054053,
        83.63360413425835,
        70.52427137181076,
        85.1923490161571,
        -7.785960460838396,
        82.26219505959307,
        84.42132313322509,
        71.5215744212328,
        63.41887893091189,
        68.84819861181313,
        63.94134200588451,
        -3.594908648985438,
        -3.407273167715175,
        44.84826195749338,
        61.55550413852325,
        53.038168023660546,
        75.50295818477753,
        68.36634413598222,
        73.62965920707211,
        19.90552322519943,
        76.1135875985783,
        57.13774659886258,
        31.893108164214937,
        88.66977355847484,
        66.17697189454339,
        67.95357101212721,
        84.26950884952385,
        -3.1658116143662483,
        45.35555844125338,
        90.52369511805591,
        90.8944685292081,
        84.62960838877189,
        81.16645262012753,
        0.07416236068820581,
        89.25657825820963,
        64.25613069208339,
        0.802426639944315,
        80.80910331368796,
        68.45806963344512,
        68.17750824155519,
        79.66345989264664,
        82.46071605442557,
        85.7995820961587,
        82.04322676622542,
        -2.760452613554662,
        78.19862861701404,
        67.45090575533686,
        34.78616366640199,
        -2.528898883057991,
        70.27671789453598,
        68.5463241104153,
        -8.351472593843937,
        62.443164755939506,
        60.78129147418076,
        78.04777777023264,
        62.0913919096638,
        87.81093500058341,
        64.53286005402333,
        63.78723783174064,
        64.95796631032135,
        68.07857755722944,
        82.54659924816224,
        69.33976995918783,
        86.59273040381959,
        -6.286708354251459,
        61.09567070748744,
        86.53751598938834,
        14.392988188541494,
        67.71232871353277,
        70.57185603193648,
        90.725310537935,
        35.733801141468575,
        67.81115529220551,
        69.0405892685958,
        -3.215753592841793,
        84.11907613869698,
        87.01210872564116,
        68.07065839425195,
        25.35463156644255,
        -6.875559333013371,
        69.92953757150099,
        65.26084723003441,
        65.7100133142958,
        71.19812790285505,
        70.46228051751677,
        70.37271568237338,
        75.67363216247759,
        85.60789285539067,
        96.15802279399941,
        -5.6952094292937545,
        79.23804629369988,
        78.6948237715842,
        -4.130509374896064,
        83.87029301811708,
        87.28552628129546,
        73.22499509229965,
        -0.9781305685464758,
        15.688107631940511,
        77.2862505282028,
        72.76663636293961,
        -0.36525034994701855,
        60.177750094851945,
        66.59394454644644,
        70.3866066755727,
        69.97107096764375,
        80.60516732608085,
        69.09910703508649,
        19.11852576311503,
        65.39185453580285,
        60.04698043974349,
        68.43561988516012,
        65.16159783842159,
        64.76794153358787,
        -0.9108483985764906,
        79.80170951949549,
        22.433432071418792,
        2.5261430727114202,
        76.06561486644205,
        77.10732330326573,
        82.25345323831425,
        63.833785987168085,
        59.37560036336072,
        58.36954765964765,
        73.16831560875289,
        71.92283474467695,
        46.94593977507611,
        67.376984132512,
        74.56977970476146,
        -3.7738425757124787,
        57.15085702720535,
        71.33688855830405,
        76.0474679376639,
        59.861148322263034,
        20.94420858437661,
        -2.4063320172281237,
        67.44094820746977,
        68.60583734199463,
        65.93143261192017,
        63.36843900557142,
        61.21176317933714,
        64.31954817468068,
        89.63588775371318,
        -6.517793916398659,
        71.47652188694337,
        9.608436397335026,
        -4.329423964722082,
        89.2343002404159,
        75.16247522403137,
        2.5557146750506945,
        46.8378203100292,
        72.15031404644833,
        82.06291517987847,
        1.371843375469325,
        77.97525367862545,
        77.96095608151518,
        -3.5127905096742325,
        70.42906679277075,
        73.25951517932117,
        76.46581817496917,
        79.00397628976498,
        34.150395961565664,
        69.65815564536024,
        74.97601732987096,
        8.26722820600844,
        79.33418641262688,
        74.206209963726,
        74.8869420903502,
        66.78022303807666,
        91.40364380402025,
        79.01338913076324,
        73.91673678008374,
        74.96081592759583,
        35.67969179159263,
        73.75366715059499,
        82.36726266305777,
        70.63046247296734,
        88.34955901413923,
        28.08476599783171,
        -7.875594589218963,
        28.32475870862254,
        -4.25693623861298,
        33.254532693114015,
        -3.860620640225534,
        31.23867073963629,
        30.943367993619177,
        84.81728074906277,
        79.50178775264067,
        37.82607664546231,
        -7.22517068812158,
        9.888625186024,
        77.21302004592144,
        78.57558143697679,
        76.34056192322168,
        100.38560652405431,
        76.57726823762641,
        58.0927119263215,
        -2.6261543275177246,
        20.911591546901036,
        -1.5469138629705412,
        83.91289298515767,
        -2.0692905817413703,
        59.585527185408864,
        4.105957471241709,
        -3.794362394954078,
        5.103146898414707,
        76.99982476027799,
        -3.486458345549181,
        67.51178283186164,
        24.05437854619231,
        77.8413538854802,
        73.65285707707517,
        5.127809249504935,
