{
    "hyperparameters": {
        "learning_rate": 0.0003,
        "discount_factor": 0.99,
        "epsilon": 0.1,
        "gae_lambda": 0.95,
        "value_function_coef": 0.5,
        "num_episodes": 300,
        "num_epochs": 10,
        "batch_size": 64,
        "horizon": 512,
        "entropy_coefficient_init": 0.1,
        "entropy_coefficient_target": 0.01,
        "entropy_coefficient_const": 0.01,
        "entropy_decay_steps": 100000
    },
    "run_configs": {
        "agent": "PPOBETA",
        "environment": "ORIGINAL",
        "entropy_setting": "FIXED",
        "plotting_setting": "REWARDS_AND_TRACK_DISTANCE",
        "zero_brake": false,
        "automatic_restart": false,
        "use_existing_model": ""
    },
    "episodes_reward_data": [
        7.397242068895139,
        10.7365304690029,
        3.1976614680315834,
        3.2475953227258287,
        3.8388669414562173,
        -0.21674986591824563,
        2.127754046348855,
        1.7052064507151954,
        3.6791963251889683,
        5.783190564427059,
        1.6977477586769965,
        5.530955849273596,
        6.001317523579928,
        1.9990839190722909,
        1.3020607695216313,
        0.859360638045473,
        10.10174369168817,
        0.9288303540015477,
        5.791589036263758,
        0.6902157490330865,
        0.306209181988379,
        -0.2563923665948096,
        -2.565601838636212,
        2.059889225252846,
        -0.21591168764280155,
        18.927184204861987,
        0.4491607290110551,
        1.8913022532942705,
        23.601728546374943,
        5.327975534659345,
        13.062483512418112,
        9.601754329603864,
        2.271775615721708,
        4.051001028252358,
        26.93545616895426,
        2.8691320252837613,
        -0.1079150369623676,
        6.6218672869727015,
        -1.0635288955381839,
        33.96359575443785,
        20.878431307028222,
        21.908011103601893,
        13.83117746305652,
        73.28252539478126,
        49.6488521610263,
        29.851324655726785,
        32.12669910673867,
        28.054409503529314,
        6.444848144194111,
        -0.723193699028343,
        25.032958885960397,
        113.74789431755198,
        37.51979449490318,
        22.572029296963592,
        15.805498439643998,
        102.21919268569036,
        81.4068219595938,
        181.28306714816426,
        71.3121758606867,
        110.0022070602281,
        58.45993787512998,
        135.43379501566233,
        47.64267707421095,
        87.20743698567458,
        186.51648704827676,
        153.7569694345584,
        217.23279821730102,
        216.38184516932233,
        56.89012773492141,
        190.89989290719677,
        111.56836912489234,
        209.92697762418538,
        115.61081679383642,
        47.59266478709833,
        24.038507859775564,
        123.10845174686983,
        235.01926156989066,
        27.308596860413672,
        231.16944589227205,
        239.73338127552415,
        237.99435606622137,
        243.17577987455297,
        47.38868169838679,
        241.26106753441854,
        226.39479019798455,
        239.19294803214143,
        245.47442936117295,
        208.3528515090875,
        175.31536198021058,
        71.12891207251232,
        34.17282801301917,
        5.561405974323861,
        237.36018404303468,
        240.23573019291507,
        239.29062684212113,
        183.43906588794198,
        241.23372990099597,
        224.26657207056996,
        46.533558199967956,
        17.25153287529247,
        5.004117433258216,
        207.1829022083839,
        234.2519518877234,
        51.540417808369966,
        229.98027764029393,
        212.9291505064466,
        231.14878265211155,
        85.10298983257962,
        233.0835132944485,
        163.52336566903978,
        231.2565699892948,
        230.00811483961297,
        226.27760363457492,
        17.417092613468412,
        225.86278896386648,
        208.51217757188715,
        15.306202526931884,
        213.59379206782614,
        219.4976953418518,
        224.99483228870668,
        73.55590619536815,
        222.53409107215703,
        132.37559024774237,
        224.20211324949196,
        217.17465501412516,
        217.87929922010517,
        235.86305163340876,
        100.62886585528031,
        235.83534700203745,
        57.122631262405775,
        236.09752820860012,
        234.75528262651642,
        240.9681751819735,
        240.63167028033058,
        248.06052532419562,
        237.52663022914203,
        16.225852527015377,
        130.7189166280441,
        167.44541920171469,
        253.9795817246777,
        86.87669858810841,
        90.59349818962801,
        247.26374701323948,
        248.39509940176504,
        107.19237049476942,
        106.97185498954786,
        248.9695024514076,
        6.057912557589589,
        184.2566621704318,
        59.97527562004689,
        31.136363958496077,
        244.70628470393422,
        247.15812628754065,
        245.08683275718067,
        44.75275665745721,
        216.51391297701048,
        66.08969126926968,
        21.591175557201495,
        22.42156572311069,
        247.08031794565613,
        46.44085959694348,
        66.0559261632734,
        40.40592477447353,
        211.37814928533044,
        242.76473509488278,
        188.60412803466897,
        243.6140304885921,
        46.92227012355579,
        250.26758584749768,
        244.00193054252304,
        248.87196966979536,
        61.95948338045855,
        247.06646512282896,
        243.23546000898932,
        247.92053348085028,
        243.87804096221225,
        241.68318809819175,
        56.4527897782973,
        244.93117224946036,
        246.84157873493677,
        244.94490064159618,
        250.0677987680392,
        247.66159160880488,
        243.42327866642154,
        250.51076495878806,
        245.9854034900127,
        250.79528009613568,
        56.658885279350216,
        101.11144551105099,
        250.4799151397965,
        249.48050825261453,
        202.5516905343684,
        199.17746878701655,
        74.27238419181958,
        180.31543696807057,
        18.208275778364623,
        249.97348329922534,
        250.11431408696808,
        189.51231964837643,
        252.3843233239313,
        254.18532942530874,
        251.2504485101963,
        141.0434030822944,
        251.71878178889165,
        49.27775248308899,
        251.5290235473658,
        249.18384044931736,
        254.91939019710117,
        119.97326222453557,
        253.39138400588126,
        251.6310749534896,
        62.12258020158333,
        248.63876573581365,
        250.48166388474056,
        253.81544256798225,
        247.49816602560168,
        250.25708692873013,
        104.7274579530349,
        32.62479690110922,
        213.6007233337732,
        203.28069751677685,
        248.35948965499847,
        221.19742863615102,
        251.73229659764183,
        249.95747924492753,
        116.12466504966142,
        255.5960844581714,
        150.57133214749047,
        252.07616903890448,
        169.92803293425823,
        140.4579762970825,
        182.62395792859024,
        250.84632546576904,
        246.25465338429785,
        249.78729224103154,
        251.5763748199097,
        252.4701774599962,
        250.64223251744988,
        53.95221980079077,
        251.64355496052303,
        249.4058094775246,
        171.87995822972152,
        249.57133038369648,
        253.25786981536658,
        65.67530522536254,
        248.8569767394947,
        193.48027995126904,
        249.62646020056127,
        246.69857095382758,
        246.74174813734135,
        71.53468519842136,
        82.54411396646174,
        117.15896931898897,
        243.38723969452258,
        244.65563136950368,
        128.75494208035525,
        39.24701855875901,
        243.17938588759716,
        252.11635906551965,
        182.72232252260437,
        169.5986694930034,
