{
    "hyperparameters": {
        "learning_rate": 0.001,
        "discount_factor": 0.99,
        "epsilon": 0.1,
        "gae_lambda": 0.95,
        "value_function_coef": 0.5,
        "num_episodes": 300,
        "num_epochs": 10,
        "batch_size": 64,
        "horizon": 512,
        "entropy_coefficient_init": 0.1,
        "entropy_coefficient_target": 0.01,
        "entropy_coefficient_const": 0.0,
        "entropy_decay_steps": 100000
    },
    "run_configs": {
        "agent": "PPO",
        "environment": "ORIGINAL",
        "entropy_setting": "FIXED",
        "plotting_setting": "REWARDS_AND_TRACK_DISTANCE",
        "zero_brake": false
    },
    "episodes_reward_data": [
        1.096148245036602,
        0.9030421421630308,
        -1.6097425758780446,
        1.085494254133664,
        0.24162340891780332,
        -1.0315141989121912,
        -1.4325402186077554,
        -0.9337599657883402,
        -0.5526358049246483,
        3.790646269582794,
        -1.0160523814702174,
        -1.1837755825545173,
        1.9256410659872927,
        -0.29325066703313496,
        0.42424122893135063,
        1.9606663851445774,
        -1.6776598345895763,
        -1.3731529936630977,
        -0.06392936706834007,
        0.5652230647683609,
        -0.28539972644648515,
        -1.487649321767094,
        0.042292423866456375,
        2.9254108099994482,
        -0.9913005141133908,
        -0.5554854415240698,
        1.204235907876864,
        7.585775854560779,
        1.2343001544650178,
        2.91614010919875,
        2.0378518405923387,
        4.474229854211444,
        5.072204341355246,
        2.637193470418424,
        0.23983999145275448,
        -2.1279478082433343,
        3.1591881312051555,
        2.7254714460432297,
        1.686613851110451,
        1.7461998194048647,
        -1.2510513684610487,
        2.879651264171116,
        1.178891857038252,
        -0.0709293796462589,
        8.837741987932532,
        8.503188374219462,
        -0.3364008859352907,
        5.046858543355484,
        8.344300840282813,
        -0.7889961369874072,
        15.167330420707003,
        4.556989197881194,
        3.070435137837194,
        2.595232151012169,
        6.269468610465992,
        1.6093686615058687,
        3.6225142627517926,
        11.21816987391503,
        31.27721838184516,
        -2.3795660846080864,
        27.217935874592513,
        5.11795145762153,
        10.923619212961057,
        8.713187314046081,
        35.68225741977221,
        8.33937328059983,
        16.046745338098845,
        15.388885291555198,
        56.83980770029302,
        2.5739887754170923,
        4.1493834217471885,
        18.67404411683674,
        60.46325691783568,
        23.587372091948055,
        10.012230144180648,
        19.66461012273794,
        38.18155631655827,
        21.21940049318073,
        43.283195381605765,
        143.31047663540812,
        21.82978239111253,
        91.35411005929927,
        92.49500730066939,
        148.80469573952723,
        12.58553446350561,
        31.731645039850264,
        25.907666892555426,
        65.05704692984,
        12.55522522663523,
        150.6293711848266,
        178.41648168547545,
        58.83853089190961,
        212.9061279194866,
        27.01271020108834,
        74.35956484670169,
        200.90410038124537,
        211.70589171448955,
        219.40829913321068,
        22.517449678096455,
        225.3962710367341,
        67.03828409245762,
        224.8910174027551,
        114.3842529967078,
        232.50789743399946,
        165.5512505074148,
        90.0940772141912,
        88.8316536556813,
        21.688047771691345,
        109.46526068466483,
        99.75919659226201,
        80.24014479988546,
        88.22707065301074,
        22.785800670200842,
        216.66115551290568,
        152.33833547466202,
        53.04603792069247,
        107.00326587879681,
        201.13626339792972,
        70.90184712578775,
        177.31865995028056,
        225.59104768825637,
        207.65385746932589,
        135.92975670969463,
        112.79323430903605,
        36.1446451494412,
        131.91619289817754,
        220.90849381292355,
        145.59449561333167,
        15.08673166965309,
        112.62259205436567,
        214.66527294073603,
        131.8494882347877,
        35.89459309459198,
        133.7981798549299,
        209.28588174122706,
        132.00068556173937,
        111.27521684585372,
        119.02771262565511,
        120.50885769200977,
        212.22434154320217,
        206.53914137228276,
        83.83273781662865,
        144.29113255513948,
        220.8991276632296,
        222.92029032674327,
        225.39122204424348,
        126.1570038999198,
        238.91460471329628,
        73.03384280017053,
        5.083782054469339,
        130.43437554265256,
        31.088165778957773,
        16.33843621626147,
        224.8536492654821,
        222.66808346644393,
        20.7822792143852,
        206.6323683145747,
        215.07003740535583,
        187.90360470983433,
        199.61345944671484,
        224.00054826675478,
        227.11869269635645,
        227.8258584873547,
        219.47872641185677,
        215.1516601155381,
        149.41420937032672,
        185.71110866297386,
        220.59187883399863,
        85.12963088147808,
        239.34756573065533,
        41.986372031489736,
        53.10080139921047,
        205.225795058097,
        176.46962828197866,
        78.24464523411007,
        220.0524349809857,
        47.65413855394581,
        96.57467802806059,
        212.52939349127337,
        195.82812755933264,
        179.68624401147827,
        231.0497934091327,
        221.25118723187188,
        210.13057720997313,
        15.762301797891269,
        223.89967422924383,
        223.4680104678264,
        223.3185363055818,
        19.54108012819779,
        230.1408731839183,
        99.65813474768947,
        238.19624223260325,
        233.77717586571816,
        57.80024940329895,
        232.71343497979979,
        236.22183403075906,
        15.895020561947604,
        174.67695647286018,
        228.2125821327063,
        225.42318215462728,
        38.44696082351584,
        228.47073529196496,
        225.19406954338774,
        66.29398010527075,
        226.4113259101141,
        230.87190746812848,
        230.27985611341137,
        161.51020141638583,
        54.41841420454148,
        36.60731114441296,
        45.15406620068825,
        46.285690740682185,
        235.96317858235125,
        12.067668214207515,
        164.59180121930694,
        235.00603471096838,
        101.46071452676551,
        215.1073822921462,
        95.7749042940195,
        38.400495773443254,
        10.049800062784925,
        54.42963477433659,
        173.43862872215686,
        12.989831720289658,
        227.43118299046182,
        117.32972372844233,
        139.36384775706392,
        229.56826842023293,
        233.3832603424089,
        207.49026271807088,
        233.3847197800933,
        33.75401489879005,
        38.876132267701905,
        173.00150262744864,
        53.495672415185254,
        58.282884695829125,
        229.2664475076017,
        233.4902003427851,
        185.4781923009723,
        134.02726736741897,
        18.40511716315814,
        196.78788047630223,
        39.86937172585749,
        232.92118228570325,
        60.53455956070684,
        227.45854701520875,
        128.33945015902282,
        238.3282168233418,
        12.814145315962378,
        227.8616873039864,
        231.04833844419045,
        65.63926931691822,
        20.25622712081531,
        59.02418534233584,
        61.107015698507894,
        229.88682246104872,
        228.86199907888658,
        184.47126735150232,
        47.284209300600196,
        227.64639544070815,
        229.82336786741507,
        237.91785923420684,
        52.33402600383852,
        16.264233748079278,
