{
    "hyperparameters": {
        "learning_rate": 0.0003,
        "discount_factor": 0.99,
        "epsilon": 0.1,
        "gae_lambda": 0.95,
        "value_function_coef": 0.5,
        "num_episodes": 300,
        "num_epochs": 10,
        "batch_size": 64,
        "horizon": 512,
        "entropy_coefficient_init": 0.1,
        "entropy_coefficient_target": 0.01,
        "entropy_coefficient_const": 0.01,
        "entropy_decay_steps": 100000
    },
    "run_configs": {
        "agent": "PPOBETA",
        "environment": "MIDDLE",
        "entropy_setting": "FIXED",
        "plotting_setting": "REWARDS_AND_TRACK_DISTANCE",
        "zero_brake": false,
        "automatic_restart": false,
        "use_existing_model": "20230711_005151.004_model",
        "save_as_onnx_model": false,
        "seed": 5
    },
    "episodes_reward_data": [
        -1.1799148602876812,
        6.476649634656496,
        7.793048057239503,
        2.726551836822182,
        3.022585114587855,
        3.931738550774753,
        21.766785553540103,
        15.764378243504325,
        2.0653391150117386,
        27.73271980319987,
        6.121093495079549,
        5.631957991339732,
        0.6313801081851125,
        -0.4271376591495937,
        6.354264284484088,
        21.077956844121218,
        4.008543370408006,
        -0.4083672171254875,
        -1.0054459553211927,
        -0.39484536738018505,
        6.010867364704609,
        -0.06627062661573291,
        4.592568240710534,
        0.42407008446753025,
        30.771301558997948,
        0.3322303989843931,
        3.4893148300034227,
        0.47798052593134344,
        2.4416063325479627,
        5.948340576593182,
        2.0872777920449153,
        4.094377617351711,
        -0.14154434710508212,
        8.05568117077928,
        3.1669624132919125,
        2.9315092637116322,
        13.631393200659659,
        0.6441819602623582,
        3.9231873776589055,
        22.987167135812342,
        -1.7446487120178062,
        -2.4974230900406837,
        8.961935998668196,
        0.3259275217424147,
        5.176655996823683,
        1.4565766686573625,
        23.2442731220508,
        2.4117856409284286,
        0.7553518186323345,
        -0.12160479830345139,
        20.1195358838595,
        24.63799489737721,
        1.8441904783248901,
        0.12275982566643506,
        3.7707382341031916,
        3.682251322636148,
        16.921603252500063,
        8.86377285188064,
        0.4094555154442787,
        6.75197026738897,
        3.9504003799520433,
        -0.3109962852031458,
        1.6950890196603723,
        4.9056092069949955,
        3.398231345694512,
        2.767147756938357,
        5.055876628815895,
        37.07257968655904,
        6.220368196256459,
        2.2614677326055244,
        -0.759038770571351,
        1.241529813298257,
        11.41705168626504,
        7.907945283601293,
        3.7186949585739058,
        3.5002520115376683,
        12.208243118657265,
        5.673459396697581,
        4.280851976014674,
        0.7703657695383299,
        0.288867017487064,
        0.87941753474297,
        5.612840309680905,
        5.594885627477197,
        0.7203396130353212,
        1.714189512829762,
        1.4859354709915351,
        2.48720733076334,
        13.539843935839599,
        -0.41548423713538796,
        43.817930068820715,
        5.678539977176115,
        4.9701690332149155,
        3.4735206113255117,
        -1.0162354476633482,
        3.445070641930215,
        2.783896457985975,
        3.242070564359892,
        -3.3088663816452026,
        0.032708717306377366,
        36.231606942019425,
        -0.22630431270226836,
        5.53601970942691,
        2.096815929049626,
        2.796755319053773,
        44.99858048022725,
        3.6670246463036165,
        3.781264446442947,
        1.0824076505377889,
        15.46675917255925,
        22.142414254660252,
        3.095292761689052,
        3.011222022221773,
        -1.0492461859248579,
        1.3336948378710076,
        4.053164326585829,
        -1.246129460807424,
        16.84583404212026,
        -1.8697997312992811,
        4.460080898948945,
        0.25766429799841717,
        0.44020853005349636,
        1.9080287665710784,
        -2.1302236146875657,
        28.138546109665185,
        31.850768436968792,
        -0.4192858680617064,
        -4.144700915174326,
        7.193409063998843,
        26.778675510111498,
        7.642703525503748,
        9.356172711530235,
        6.981415973248659,
        1.2875508979777806,
        -1.7616540398448706,
        -0.40299052963382564,
        15.34453148394823,
        31.125616388511844,
        35.945057220582385,
        14.107206549262628,
        36.50525456701871,
        -4.804811025969684,
        0.9277517826994881,
        -0.20447788736782968,
        0.5890016304329038,
        0.17829678455018438,
        3.3622150768060237,
        22.290851132711396,
        1.7720937612466514,
        -0.040761974290944636,
        7.689694266475271,
        2.8833855516277254,
        2.4727306785352994,
        6.6084436401724815,
        54.188215868285624,
        7.41244441762683,
        2.2622518111456884,
        9.108973425070872,
        -4.907020602724515,
        28.317141190971597,
        8.94276287505636,
        9.088349069468677,
        50.64867361285724,
        3.909809293691069,
        15.175952299730852,
        3.1516949052456766,
        0.47081186569994316,
        10.807199363276595,
        -0.07634693320142105,
        2.233094884082675,
        1.759544579719659,
        48.9675241955556,
        17.39924279031402,
        6.634768504183739,
        1.884155360807199,
        6.411202747010975,
        5.181699861539528,
        4.913988706539385,
        3.6356541063578334,
        5.049537083134055,
        8.136803313158453,
        0.8275070467207115,
        0.8861433344427496,
        1.6192577034235,
        4.263997360481881,
        -4.930675117298961,
        2.312447388074361,
        4.014952942728996,
        8.329779794381466,
        9.353543549310416,
        -0.4906272882944904,
        0.9719157273793826,
        1.5346795651712455,
        0.11428791377693415,
        0.6455176016315818,
        3.249917045701295,
        3.61336106545059,
        7.898402026796248,
        5.7604719724622555,
        2.0251050781807862,
        2.4580971957475413,
        5.612282055430114,
        3.8097408030880615,
        3.1228430969640613,
        5.991455819457769,
        4.327917782589793,
        -0.11560112380539067,
        23.613961779687088,
        -4.631482858210802,
        -0.08976644370704889,
        -4.087201831804123,
        -0.4114292038429994,
        -3.3172898661578074,
        0.30496582796331495,
        5.992796717648162,
        -4.513877403922379,
        5.558637734968215,
        5.4983973618655,
        8.643141535110772,
        4.4269844349473715,
        1.5659184329560958,
        1.464541920373449,
        3.2072502382216044,
        54.05004814101267,
        0.3986389703932218,
        -1.2884366982325446,
        -0.06844007794279605,
        6.3674914364819415,
        -0.6004476044327021,
        -0.47782070899847895,
        2.016847856604727,
        3.262236480601132,
        4.283068935270421,
        -3.387140855222242,
        -2.7860534336650744,
        2.747601847513579,
        4.610946846514707,
        2.732938610613928,
        5.21485679410398,
        9.775344546695123,
        0.3281440855935216,
        7.489976088399999,
        46.47948470764095,
        0.4642431403044611,
        16.795646439684788,
        0.3319061195361428,
        20.91011730534956,
        12.800892304629087,
        2.68656473653391,
        -0.5634560408070683,
        7.870588443707675,
        0.7400642849970609,
        6.679580519441515,
        2.3091821915004402,
        4.7301458969013765,
        2.778320835903287,
        -5.923974579141941,
