{
    "hyperparameters": {
        "learning_rate": 0.001,
        "discount_factor": 0.99,
        "epsilon": 0.1,
        "gae_lambda": 0.95,
        "value_function_coef": 0.5,
        "num_episodes": 300,
        "num_epochs": 10,
        "batch_size": 64,
        "horizon": 512,
        "entropy_coefficient_init": 0.1,
        "entropy_coefficient_target": 0.01,
        "entropy_coefficient_const": 0.01,
        "entropy_decay_steps": 100000
    },
    "run_configs": {
        "agent": "PPO",
        "environment": "ORIGINAL",
        "entropy_setting": "FIXED",
        "plotting_setting": "REWARDS_AND_TRACK_DISTANCE",
        "zero_brake": false,
        "automatic_restart": false
    },
    "episodes_reward_data": [
        -2.7471651423547883,
        -3.558014786161948,
        -2.512682980275713,
        -5.567216111900052,
        3.5632340987795033,
        -1.6950330956460675,
        -6.946489221358206,
        -1.707049343327526,
        -0.7499791473674122,
        -10.961061434005387,
        1.2152084131375886,
        -1.8492833278141916,
        -0.6415298453066498,
        3.188443288730923,
        0.1759460920584388,
        1.8902595790859777,
        -0.12311043313820846,
        -0.4723453729748144,
        2.6761597956647165,
        3.9638803117122734,
        -3.870967827839195,
        -0.4292259016656317,
        6.970434515897068,
        0.1910661963702296,
        -0.8875755466870032,
        -2.9767532549158204,
        4.480959543521749,
        8.759868175446172,
        -0.8660004624980502,
        -0.46180418206495233,
        1.9142928148794454,
        6.791638318260084,
        5.708302124839975,
        2.212641625388642,
        -1.7346842464467045,
        -0.37270392806385644,
        -0.21635235122812446,
        1.2498879846243653,
        -0.20799858219106682,
        5.7694103599351365,
        2.7694133949116804,
        5.2654438254539855,
        -0.4723828928254079,
        -0.3888373568370298,
        3.637034901716106,
        5.52893640921684,
        7.168686897988664,
        1.4411381495301612,
        5.589688062726054,
        -2.024629488158098,
        3.0483621040693833,
        0.8221242316649295,
        -0.3769038659520447,
        -0.35731249790114816,
        12.847297454001819,
        4.189779547727085,
        1.6584567430691095,
        3.9197345610591583,
        4.179523324477486,
        4.94256164811668,
        3.369122458709171,
        3.402060153588536,
        2.563905836206686,
        -1.917953073629178,
        0.5899396565800998,
        11.783278767958109,
        3.1662162634456763,
        0.43383277537941467,
        -0.5836830211774213,
        1.2141988301591482,
        5.771678746154066,
        2.228417815902503,
        4.2367241825850215,
        6.149899021664169,
        12.120593220242881,
        50.667973556614015,
        -0.21959259459981695,
        2.411285096372012,
        5.948441267144517,
        19.379370008580736,
        3.290742018696619,
        19.97054326426587,
        28.861120848188875,
        16.594003631733358,
        0.9181938894762425,
        12.408096098632086,
        28.704907918334357,
        10.060294324954157,
        12.847634235389705,
        4.0456294428004185,
        12.105657122388948,
        7.265602025916451,
        8.817733265663264,
        13.597792139451485,
        14.361061848445388,
        17.569130760486587,
        22.167740655844682,
        27.645035696026753,
        23.275451573514147,
        88.04661893030425,
        38.91867124525015,
        145.00388352439768,
        157.30697968770983,
        83.53615909679502,
        60.47843357632519,
        113.59488308563596,
        174.92682034797326,
        185.29142777438392,
        158.33718402529485,
        188.73889784772473,
        188.19404018673958,
        -1.124309856488253,
        193.71067402358676,
        191.0143951968348,
        214.27165430603782,
        215.49515099672135,
        189.08268625836354,
        219.79931163115543,
        222.132658120594,
        13.69065927923657,
        45.50121146510355,
        81.36496931809961,
        7.059289725424605,
        223.67943082074635,
        219.32595563765062,
        56.99542096759251,
        16.107417037099367,
        50.17257092933869,
        219.85218248597812,
        224.76417852396844,
        120.53753010410583,
        217.80217728647403,
        224.7759755504958,
        24.925817400566302,
        179.05916382352734,
        178.3658076992433,
        100.66839568559953,
        216.87088252662215,
        19.3002041883301,
        81.60639363694645,
        131.95207668773946,
        18.353670675540343,
        55.23135436681332,
        76.21258517028764,
        128.69296208054584,
        220.4685680210241,
        141.00339060579427,
        142.89289732377802,
        0.7413105668092612,
        198.77205475827213,
        215.19122751938994,
        85.7666279279365,
        229.65969797593425,
        224.33958751206228,
        226.34013066906482,
        230.2956421912968,
        160.13147267655586,
        227.34954727721924,
        163.81623169175873,
        229.02239323576214,
        7.6593088632653235,
        223.3502370472852,
        226.0867701090756,
        31.943002238345798,
        222.64885911383317,
        178.6860287529489,
        139.23985857417574,
        221.0424473934836,
        232.52340097608976,
        145.5027514002868,
        240.22886494846898,
        47.21002926075016,
        136.48104492854327,
        0.868796590322745,
        203.654138854723,
        169.22913694456656,
        228.1727257814564,
        221.4063976048783,
        47.71039236652723,
        220.67931283742655,
        214.36939339176752,
        216.049539272557,
        84.02564488025382,
        217.7627073477779,
        230.95038085058331,
        170.43574664345942,
        15.386058689393394,
        222.991886764823,
        219.61535987188108,
        103.00727271003416,
        229.78052069438854,
        24.18915724825638,
        235.1657823357673,
        194.57838942841045,
        230.333137971189,
        235.31656065536663,
        48.93904570041923,
        7.861260839294118,
        217.10184035688872,
        225.22412802057806,
        209.31114486203296,
        151.331883637984,
        224.50771232816624,
        225.27475692921143,
        47.379543423536234,
        61.43457776372088,
        215.17472702325904,
        51.8494411376887,
        204.7777790981636,
        210.06706549425144,
        224.00052306137513,
        165.73531567747705,
        217.015172003521,
        98.17243365742615,
        28.783331273123622,
        16.347028868476627,
        31.65873409312917,
        42.63021773172659,
        193.56591871005367,
        215.62142265823786,
        222.67636427743128,
        61.374327288009226,
        29.943252516313805,
        209.48788993422204,
        218.07581729220692,
        221.57205376258935,
        106.55979102093261,
        208.2527683905937,
        212.649373534834,
        99.78158006064768,
        212.8965494453514,
        228.17901157234155,
        219.3957934846403,
        112.28148089291062,
        224.62622654010192,
        221.8148797150934,
        17.328238161710033,
        220.58726596448105,
        216.1500044823042,
        220.83063770645822,
        208.1398391764087,
        211.39325633781846,
        45.15611388217076,
        59.156522442164714,
        20.826374628872145,
        213.3447350611532,
        201.58483322060783,
        133.63571825815598,
        213.78448839535122,
        198.14004840655252,
        216.0376009857864,
        204.99965685541974,
        130.33895985559502,
        203.5965027029597,
        15.583648370549781,
        21.042384363827296,
        200.19062366883736,
        211.99438334768638,
        17.542475284761167,
        112.99619534873636,
        29.69922411427251,
        112.56046217730182,
