{
    "hyperparameters": {
        "learning_rate": 0.001,
        "discount_factor": 0.99,
        "epsilon": 0.1,
        "gae_lambda": 0.95,
        "value_function_coef": 0.5,
        "num_episodes": 300,
        "num_epochs": 10,
        "batch_size": 64,
        "horizon": 512,
        "entropy_coefficient_init": 0.1,
        "entropy_coefficient_target": 0.01,
        "entropy_coefficient_const": 0.01,
        "entropy_decay_steps": 100000
    },
    "run_configs": {
        "agent": "PPO",
        "environment": "ORIGINAL",
        "entropy_setting": "FIXED",
        "plotting_setting": "REWARDS_AND_TRACK_DISTANCE",
        "zero_brake": false,
        "automatic_restart": false,
        "use_existing_model": "",
        "save_as_onnx_model": false
    },
    "episodes_reward_data": [
        -2.475595562864328,
        -0.4616974376840517,
        1.844757396960631,
        1.1532962875789963,
        0.17033021891256794,
        0.07659361842524959,
        -0.3165993912552949,
        -0.19782769243465737,
        3.477691662905272,
        0.4414583789475728,
        0.3467877492948901,
        0.6935855995689053,
        10.935789245297201,
        1.024752540863119,
        1.2060892075533047,
        0.015927754109725356,
        0.0861254968913272,
        -0.6458654125672183,
        0.8026134269312024,
        0.2594715615414316,
        -0.19057748797058593,
        -0.5100376154878177,
        -0.41088526700332295,
        3.782048394314188,
        -0.47083130446844734,
        5.941687626822386,
        -0.03391406510490924,
        0.5132063816126902,
        2.54367447696859,
        2.8827382376766764,
        -1.4343210643855855,
        6.4475210633536335,
        1.7107910675986204,
        -1.9732034835833474,
        4.899916035676142,
        1.9209002913557924,
        34.68425139581086,
        10.493281096278224,
        -1.700045864949061,
        1.8156210976594593,
        2.045441623631632,
        1.4198647139710374,
        0.7111727131996304,
        0.5642307217494817,
        5.54694684533024,
        0.5245066284842324,
        2.2296658601262607,
        12.375180784641998,
        5.080591064615874,
        0.39961900710477494,
        0.8352050443645567,
        8.244960360054392,
        4.693933427450247,
        4.999788949106005,
        6.364834477906697,
        6.0389696875354275,
        49.92586988990661,
        16.946976903651375,
        13.982028981030453,
        -0.5435661281590001,
        4.854529179079691,
        4.45446323849319,
        6.588155756398919,
        9.074525833450025,
        9.410692739504157,
        19.566633830443607,
        19.801150427898392,
        18.345733485999517,
        13.935976991371717,
        1.863868873224419,
        15.001974782673642,
        15.192971880867844,
        117.39508250023937,
        118.28582302341238,
        43.735020470106974,
        130.16003349755192,
        178.08729116845643,
        12.014915897103492,
        -1.089156867004931,
        92.01508649336756,
        60.31801931041991,
        12.717185861241887,
        216.91385713848285,
        224.26976265572011,
        196.6857550117129,
        43.73058882827172,
        42.54469670238905,
        231.71457864891272,
        144.2462549963675,
        91.72154712860356,
        230.76771508257661,
        227.96330208188738,
        74.9442691889708,
        154.1116424704669,
        4.829189899581252,
        46.263626357365865,
        1.4020248971064575,
        20.140266495145625,
        221.00825612491462,
        220.91276808572002,
        16.577201317224535,
        222.63042937654245,
        41.42886974979774,
        208.40125713477028,
        104.60279199347133,
        42.484590226609726,
        12.469787141337292,
        207.17939065975952,
        151.7560272399278,
        210.58583928883309,
        211.68146199983312,
        221.8670338729571,
        233.82908261724515,
        128.0283145410067,
        45.51070765775512,
        13.079096770263277,
        226.27974259125767,
        -0.9614405251923017,
        195.83340414623672,
        174.72046420857077,
        101.83752575045219,
        216.4343715265568,
        119.44032666737621,
        83.60472185758408,
        75.23169832202257,
        202.0020716197323,
        213.60819025945966,
        224.43901833319978,
        227.1175438943028,
        222.11992427543737,
        183.328218599112,
        222.4661128669104,
        37.32548319717171,
        195.75334635877516,
        207.0477044087893,
        136.81097372289514,
        204.185232999851,
        216.56106678093784,
        217.7365505679918,
        47.803487103199586,
        216.8193732851214,
        34.96890604002692,
        242.52833890003967,
        5.38666687940713,
        188.64802635091473,
        164.65176635529497,
        151.75512125791283,
        174.4560599020624,
        126.4571661830123,
        63.19461579255585,
        241.21693542951834,
        56.029496408300474,
        8.958168606550316,
        66.29253243464336,
        135.02356439750292,
        241.47713052704057,
        121.92742351986817,
        243.91079451757832,
        26.44123234783183,
        15.61889596589026,
        32.84131100605009,
        145.76528590207454,
        201.99170227270224,
        109.00753554988478,
        11.653225619753357,
        26.323097886765026,
        65.67210332638933,
        61.235679588266066,
        62.83703531086212,
        22.89779235833703,
        81.44715860605356,
        55.43531556686503,
        14.69133412616793,
        34.77937428985024,
        28.25031526980456,
        143.93980094321887,
        48.66653001777013,
        126.85364303394454,
        168.918640402655,
        208.32726434836513,
        35.860183331387816,
        142.09972679789644,
        71.31422407925129,
        112.58557242658571,
        10.772838076227345,
        81.9123622715415,
        216.9896049136878,
        220.26442592866078,
        28.76030655676732,
        140.05840277604875,
        205.01879490033025,
        219.65029639322893,
        89.98393979018147,
        212.86455082838074,
        220.10897195323196,
        221.3294105156674,
        223.44674317797762,
        126.97616995863791,
        230.48304054758046,
        239.7812778466032,
        234.44754344779358,
        94.28489151867689,
        44.309079025202664,
        109.4741099018429,
        -0.7893593415501527,
        22.613698240747908,
        19.17668553032854,
        65.30653346364852,
        92.02095188421663,
        204.17477239255095,
        210.60141135302547,
        110.4040252109553,
        0.7016610568389297,
        50.63166091317544,
        13.252627655572724,
        25.28867073908623,
        179.59122175956873,
        234.75277517049108,
        60.702682233648375,
        13.351897955610184,
        217.45081134185602,
        222.77543234347831,
        196.84692469716538,
        230.44169947777118,
        11.000090457120677,
        164.6794414645119,
        29.287244254228426,
        133.91196043357195,
        178.6955954789446,
        32.202065010525985,
        83.59961548470892,
        217.5464659321733,
        223.1779943987931,
        131.1834361026995,
        85.66515932389302,
        231.9203480418655,
        233.9511687811464,
        238.15548198483884,
        242.19639359725988,
        9.358405137842055,
        244.34265645217965,
        154.99145671509905,
        243.231198872003,
        236.49679041223135,
        175.60629936448822,
        62.80499694446917,
        229.97682342806365,
        220.38238905227627,
        227.8908922670962,
        226.75903775702318,
        221.1083841143991,
        162.53678768297686,
        226.92320451067644,
        232.91709173977142,
        235.22213260740682,
        236.05255742598092,
        240.07381477148738,
        240.214420430857,
        243.25907940533943,
        9.729632571717957,
