{
    "hyperparameters": {
        "learning_rate": 0.0003,
        "discount_factor": 0.99,
        "epsilon": 0.1,
        "gae_lambda": 0.95,
        "value_function_coef": 0.5,
        "num_episodes": 300,
        "num_epochs": 10,
        "batch_size": 64,
        "horizon": 512,
        "entropy_coefficient_init": 0.1,
        "entropy_coefficient_target": 0.01,
        "entropy_coefficient_const": 0.01,
        "entropy_decay_steps": 100000
    },
    "run_configs": {
        "agent": "PPOBETA",
        "environment": "ADVANCED",
        "entropy_setting": "FIXED",
        "plotting_setting": "REWARDS_AND_TRACK_DISTANCE",
        "zero_brake": false,
        "automatic_restart": false,
        "use_existing_model": "20230710_185155.602_model",
        "save_as_onnx_model": false,
        "seed": 1
    },
    "episodes_reward_data": [
        30.860013238387182,
        23.7221716917702,
        2.349634315891308,
        25.22822983749211,
        2.3339055646647466,
        25.95794237573864,
        0.23536363057792187,
        6.599616028448509,
        29.065295996086206,
        38.91397987055825,
        15.343821147020208,
        29.425498033611802,
        34.72204013407463,
        29.800549757725094,
        1.1591155920468736,
        27.238355972862337,
        23.260018313289038,
        32.00612189696403,
        22.883571813843446,
        36.767106396640884,
        23.345970236085122,
        33.507831240131054,
        30.18421268381644,
        6.187080512310786,
        26.15463066882512,
        16.741112951684045,
        30.643272876215633,
        29.612215429675416,
        65.37227668939158,
        148.15461628115736,
        36.40403476933716,
        23.77699468098581,
        54.441142134863185,
        65.24979467086087,
        2.2242780947999563,
        106.1492371968925,
        0.11883721314370632,
        135.4140875757148,
        13.045161445857957,
        22.198699754779227,
        3.7066490394063294,
        54.11983052024152,
        55.89142007983173,
        49.98015572789882,
        0.10026709921658039,
        45.876920082766446,
        210.47316421216237,
        63.57686090184143,
        142.95618002775882,
        133.36810941409203,
        74.64417208175291,
        192.23734110209625,
        13.259290920366766,
        21.61340824048966,
        20.24475400801748,
        64.19279478362296,
        32.73531578227994,
        27.4717017802177,
        1.3671492153807776,
        29.081682542338967,
        25.155323793936986,
        43.095119268778944,
        61.71309188444866,
        50.633905516326195,
        54.09675615699962,
        0.6759796645201277,
        19.722566108219326,
        0.1568000726401806,
        11.238097279332578,
        43.44706715727807,
        -0.017557330429553986,
        67.07383151241811,
        32.895638162619434,
        54.357050639984664,
        17.580814756569453,
        23.919465857674368,
        135.0375644008309,
        45.4438039563247,
        -0.02688770741224289,
        10.272293633781374,
        1.8257262156839715,
        20.489275482483208,
        0.22343076951801777,
        34.29821622680174,
        11.419446757994592,
        3.021428297739476,
        10.626215971831698,
        22.11375722847879,
        2.1800085978466086,
        -0.11405682563781738,
        10.447853322140872,
        1.45982620518771,
        21.706958746071905,
        31.564818722719792,
        -0.08714348450303078,
        32.07319791134796,
        3.6334747402288485,
        33.28199425089406,
        69.57415259614936,
        64.58215290763474,
        37.16222555999411,
        3.516864894598257,
        27.36199152073823,
        1.8442536953662056,
        20.788915993180126,
        23.715505300089717,
        43.85429151295102,
        10.061996033415198,
        30.72975258185761,
        69.86409855613601,
        62.55958798449137,
        0.773146390914917,
        52.461756126838736,
        51.532412574859336,
        12.240334767731838,
        26.330948309594532,
        1.9577388881152729,
        29.714671299327165,
        -0.12263523228466511,
        60.16780169488629,
        10.782670803368092,
        1.7939486678224057,
        51.764437717793044,
        32.75935948791448,
        55.5975177090877,
        30.505499404272996,
        62.40556749369716,
        33.12465929455357,
        2.1812547187437303,
        33.38009146141121,
        44.18662374508858,
        33.625235116051044,
        45.30642603591696,
        54.520793205854716,
        61.71852585719898,
        75.12994287209585,
        69.04570755729219,
        0.1784277092665434,
        59.54198821543832,
        28.908492725575343,
        37.232329447055236,
        61.95211141290201,
        20.896204787306488,
        12.42243342474103,
        1.61941972799832,
        65.40836482201121,
        39.90056950770668,
        68.66837286271038,
        4.720657988451421,
        144.2793924787984,
        66.24675649899291,
        107.2635523707213,
        37.898691614333075,
        28.641122532077134,
        -0.12556716799736023,
        63.82960496144369,
        34.803731618390884,
        16.381664220243692,
        121.16001765336841,
        38.66352006152738,
        5.903211813958478,
        14.684756779286545,
        45.993698601690994,
        26.320786775060697,
        13.649945560377091,
        67.46526084662764,
        47.02493728778791,
        40.33912993472768,
        -0.1947161629796028,
        39.381231427774765,
        21.51085861516185,
        72.44728242247947,
        56.31510354992497,
        66.64376131861354,
        75.80663431948051,
        -0.6388191869482398,
        16.607862775214016,
        27.31371902162209,
        5.205643117194995,
        6.253232894901885,
        37.69024847634137,
        -0.10079201310873032,
        43.38801246136427,
        13.513042196631432,
        35.23067572817672,
        45.77540302730631,
        84.94184282817878,
        69.5350609057059,
        0.13569905795156956,
        6.502517973422073,
        78.81223141786177,
        9.474106599431252,
        79.14723349192354,
        43.83440942229936,
        81.77758677926613,
        0.1545820813626051,
        76.06225164362695,
        75.94536716496805,
        32.02555729658343,
        74.4133530700201,
        33.670147012366215,
        5.807443389610853,
        49.22094372407446,
        6.464138386916602,
        59.77819309866754,
        61.220439821627224,
        -0.24166171811521053,
        38.49101839651121,
        61.91345593548613,
        76.60359949155827,
        9.195123924029758,
        33.19514671666548,
        33.15195884270361,
        61.497417168546235,
        50.772066476987675,
        64.49686328915413,
        52.502963234321214,
        74.94197108127992,
        33.77676122030243,
        26.47383556587738,
        26.750016101053916,
        5.166390041180421,
        77.12134870004957,
        149.2939061357174,
        34.709672826109454,
        6.6336458071746165,
        63.607453552860534,
        69.70218407709035,
        33.84877387830056,
        73.2731536605279,
        6.497432975214906,
        28.11263687349856,
        36.754607453534845,
        -2.3874755888246,
        6.917848168173805,
        72.89304211572744,
        46.11574876232771,
        31.53423528233543,
        6.764500434277579,
        76.64961442054482,
        57.1518545569852,
        78.96899087916245,
        -0.05905606411397457,
        -0.24821729212999344,
        43.843654952564975,
        61.00746344431536,
        27.654176598181948,
        62.20165807388548,
        38.23986562539358,
        7.1703594827558845,
        26.578448030166328,
        42.62680278986227,
        -0.07570298761129379,
        63.986926988494815,
        44.08478542166995,
        33.54666173973237,
        75.97592437913409,
        69.39908008274506,
        47.73452374090266,
