{
    "hyperparameters": {
        "learning_rate": 0.001,
        "discount_factor": 0.99,
        "epsilon": 0.1,
        "gae_lambda": 0.95,
        "value_function_coef": 0.5,
        "num_episodes": 300,
        "num_epochs": 10,
        "batch_size": 64,
        "horizon": 512,
        "entropy_coefficient_init": 0.1,
        "entropy_coefficient_target": 0.01,
        "entropy_coefficient_const": 0.01,
        "entropy_decay_steps": 100000
    },
    "run_configs": {
        "agent": "PPOBETA",
        "environment": "ORIGINAL",
        "entropy_setting": "FIXED",
        "plotting_setting": "REWARDS_AND_TRACK_DISTANCE",
        "zero_brake": false,
        "automatic_restart": false,
        "use_existing_model": "",
        "save_as_onnx_model": false,
        "seed": 42
    },
    "episodes_reward_data": [
        3.6926387893909123,
        0.37864519882714376,
        0.9412500806502067,
        1.96534961782163,
        5.8391472012444865,
        -3.3725294277101057,
        -2.828361366991885,
        3.202748791052727,
        0.10656486736843362,
        3.0827041901648045,
        1.9992054994218051,
        4.870082076580729,
        -0.31966288876719773,
        0.37180969267501496,
        1.698400679801125,
        3.3010841750947293,
        6.9198818741424475,
        -1.9335404566081706,
        4.608764240809251,
        1.8517740044917446,
        -0.5065331110163243,
        -0.4929419416366727,
        8.829978477020632,
        7.780717675821506,
        -0.1929215748095885,
        6.28288144787075,
        4.50110764495912,
        6.941087105544284,
        31.541162416688167,
        7.677086191833951,
        3.324355284217745,
        1.5600397230882663,
        0.9906478943303227,
        6.020676218191511,
        2.9231467533973046,
        4.458998079469893,
        14.887987647758564,
        8.914593772351509,
        -0.27480627116165124,
        26.558349966609967,
        12.301563661108958,
        8.810642599099083,
        4.998955072078388,
        19.692686758979107,
        39.60005005238054,
        28.137516606991994,
        4.692764729203191,
        3.3444857775466517,
        6.633102216030238,
        -1.2392190567115904,
        14.487060229643248,
        59.39569915278116,
        2.5158021457027644,
        27.253357215231517,
        13.810383138392353,
        40.44732465699781,
        14.934122836508323,
        0.8603558861941565,
        52.36310765592498,
        0.53110377023404,
        176.32058277213946,
        117.18059210802312,
        48.03594927123049,
        209.78875004489964,
        221.31080998602556,
        130.4608650895825,
        55.59328140951402,
        226.04259553956217,
        105.03982720826752,
        51.78608983577578,
        212.23353089159355,
        167.67903444950934,
        222.1133076537808,
        35.370560045397724,
        228.4034670747351,
        225.68055063670909,
        36.33404831569351,
        202.6632360033691,
        211.53694669887773,
        28.216973141708877,
        220.94243267901766,
        216.86742864840198,
        228.21978976399987,
        188.76304559258278,
        223.00032473937608,
        6.186932334385347,
        11.936425303370925,
        181.05397212211392,
        176.33383080235217,
        228.62924196670065,
        97.50248785842268,
        74.72772315517068,
        232.7875363871717,
        242.55641956950421,
        32.56666264712112,
        65.5372312538093,
        198.95178288276657,
        139.32767799394787,
        63.04828908294439,
        86.0288124818544,
        164.96493454520532,
        190.66977680333366,
        20.796542165538995,
        247.73372221327736,
        16.60406859961222,
        24.144517030159477,
        62.05511496885447,
        188.66539712192025,
        253.60939115897054,
        4.772012229863321,
        220.54592019355914,
        100.57154761991114,
        12.776236444551614,
        104.11105317395413,
        249.22837160894414,
        103.91865971057268,
        115.72302734770346,
        22.357014120068925,
        237.70872336934553,
        213.3336691323493,
        231.74551152002823,
        224.1703160404577,
        235.33398749356274,
        237.52499619068112,
        31.248706271871924,
        224.96891102319933,
        239.89116712167743,
        95.59598236173042,
        127.83417471026769,
        36.19463565989281,
        16.74548938346561,
        240.82995568891056,
        244.52705928173964,
        46.17582756449701,
        246.59585307561792,
        245.668870079302,
        178.26030702565913,
        252.33091994695133,
        246.44798751472263,
        61.15352482517483,
        248.7189376717797,
        188.40133976202924,
        61.85094304065569,
        252.94161406176863,
        10.191849488488515,
        87.85323424030503,
        243.37564368112362,
        243.93220262709656,
        52.389380869746674,
        241.181913144188,
        243.20658547087805,
        16.20307174375921,
        82.54557988941087,
        9.689346334314905,
        45.81356534358929,
        52.800296766508836,
        76.49131140689133,
        241.41524691213272,
        240.79062324771076,
        167.32065428004717,
        44.57823627407197,
        243.3918695996981,
        59.172778069623746,
        64.51962978718802,
        241.7651034349983,
        70.0244745031232,
        190.1736394430627,
        105.99387345989817,
        130.41996748332167,
        244.66358809391386,
        160.41887781285914,
        243.56680337764556,
        244.11150013336737,
        252.14624865356018,
        39.83957552895299,
        236.40490294087067,
        140.602351782989,
        86.65977749311423,
        238.95338411691773,
        240.0875365176471,
        250.68812651437474,
        32.086565640755,
        89.1308886615152,
        62.18615934511763,
        234.44885688304203,
        235.8875266701216,
        244.88735140213976,
        243.95405340450816,
        249.15717041876633,
        21.081083199911518,
        81.75791129426216,
        245.3216134501854,
        176.10217676212778,
        245.11665434548922,
        247.94621360240853,
        24.469950456550578,
        252.76291622174904,
        253.8450100246264,
        246.61920884731808,
        252.82781452967902,
        252.963947151904,
        250.76348514397978,
        249.8499559913762,
        249.42808381345822,
        253.5720164507511,
        246.1838311926258,
        251.6333149864222,
        250.31563356140396,
        242.98266883858014,
        250.17247866204707,
        250.48889442632208,
        107.14991265293793,
        228.03333341662074,
        244.07483961811522,
        76.65384976568748,
        135.07958357098687,
        137.2892414276721,
        243.083449255937,
        246.45961387520947,
        250.05455742782215,
        6.165886375150876,
        235.620831449487,
        244.37904104968766,
        231.67869519992382,
        245.07814086170401,
        247.4686862853414,
        249.88991926593008,
        241.3313038899505,
        236.23210678220494,
        247.66762953752186,
        238.3368542023527,
        247.30394826209522,
        246.80393247999018,
        240.7898062614113,
        234.030839330866,
        241.38021190758445,
        237.47582581659663,
        86.75401396359666,
        242.71025069695315,
        234.43697480660921,
        142.10083867759386,
        243.82922354101902,
        80.86852626843029,
        243.33115580808226,
        245.61273562272254,
        247.55150952951226,
        161.66383510449668,
        244.89898428611923,
        244.23087173336535,
        243.66555741638876,
        246.8192416835227,
        252.15349500981392,
        246.51460747224337,
        56.73035265598446,
        250.57515326607972,
        253.1154015250504,
        247.62846381272539,
        222.5835138442635,
        217.5013350417139,
