{
    "hyperparameters": {
        "learning_rate": 0.001,
        "discount_factor": 0.99,
        "epsilon": 0.1,
        "gae_lambda": 0.95,
        "value_function_coef": 0.5,
        "num_episodes": 300,
        "num_epochs": 10,
        "batch_size": 64,
        "horizon": 512,
        "entropy_coefficient_init": 0.1,
        "entropy_coefficient_target": 0.01,
        "entropy_coefficient_const": 0.01,
        "entropy_decay_steps": 100000
    },
    "run_configs": {
        "agent": "PPOBETA",
        "environment": "ORIGINAL",
        "entropy_setting": "SCHEDULED",
        "plotting_setting": "REWARDS_AND_TRACK_DISTANCE",
        "zero_brake": false,
        "automatic_restart": false,
        "use_existing_model": "",
        "save_as_onnx_model": false,
        "seed": 1
    },
    "episodes_reward_data": [
        0.9215175082208589,
        0.9687348774459679,
        -0.8736978413071483,
        -0.21028377806942444,
        1.5008209628576878,
        3.399168695701519,
        0.4240017437841743,
        -0.3898442656281986,
        1.1450010412663687,
        2.164767117763404,
        2.830107600253541,
        0.33979409775929525,
        4.0683552111149766,
        2.4544776455732062,
        2.7352838791703107,
        1.0129501199407969,
        4.630385747586843,
        0.19800444747670554,
        3.1655408348015044,
        2.1357588161772583,
        4.530999761540443,
        4.4591359953337815,
        -1.8109107691561803,
        -0.3602518700354267,
        5.461697971637477,
        6.136036305484595,
        0.5423196040792391,
        6.871328303124756,
        8.332035135332262,
        8.167272929640603,
        1.5095661056111567,
        1.904789245549182,
        5.45642114833754,
        2.772694264218444,
        7.111262407473987,
        18.837499963949085,
        22.303914035786875,
        9.017586583577213,
        1.6610576153325383,
        7.757706051343121,
        6.998943130281987,
        8.564373548317235,
        2.073973925813334,
        -1.390282729480532,
        7.7123628227273,
        -0.774092907908198,
        27.15477936384559,
        11.683401556394529,
        10.422239675332094,
        10.468177545029903,
        12.4128666313336,
        31.57024661428295,
        20.570860336330952,
        29.36020323423145,
        -1.474824989287299,
        20.42609906719008,
        12.768679229018744,
        17.461752149974927,
        12.338227386731887,
        9.831741026020609,
        36.05745993833989,
        57.88382834637014,
        38.659575651283376,
        70.74492421248578,
        87.59051027354144,
        97.49487670407689,
        46.19933164707618,
        55.56029896691325,
        23.79885610472411,
        25.655096378177404,
        21.919629778552917,
        96.96456344105536,
        171.31450242662686,
        177.25198365082906,
        136.24589278195344,
        207.66955028116354,
        170.3380902294739,
        56.380157986845006,
        208.5521956763332,
        204.6212381941732,
        190.6579357222654,
        73.86586250178516,
        32.86880763499357,
        -0.8846960213049897,
        221.69327534991316,
        57.85866792703746,
        228.38444531767163,
        212.77777842388605,
        222.85295614684583,
        231.13628088233236,
        229.02961627111654,
        234.14403401229356,
        237.4334004726843,
        217.38340777304256,
        55.98176936310483,
        224.37588966535986,
        218.6900199961965,
        50.12028438982088,
        152.7024438069784,
        199.08796418010024,
        192.07741349987919,
        205.72098894052033,
        200.6238232679898,
        17.20846950923442,
        191.1231694771268,
        206.74897493532626,
        201.25077816168778,
        162.31009252520744,
        204.01232697610976,
        204.64460725238314,
        205.49905852375377,
        205.9726714658609,
        201.14432365424,
        200.50019921603962,
        183.39461727938033,
        205.04756022169022,
        181.65551863319706,
        184.54019990269444,
        177.08397393516498,
        171.1266462188505,
        196.8360077260877,
        193.57222510897554,
        84.30218188022263,
        10.76461469309288,
        191.8932937065547,
        158.68878644320648,
        138.9679734872043,
        203.92278715001885,
        200.77831613150192,
        24.606315886980155,
        207.28216532757506,
        204.10043606926774,
        215.8633689241251,
        207.9784908751899,
        198.4735476357746,
        210.62392067641485,
        202.5886883440835,
        198.22731710440712,
        196.5345481083059,
        206.49968211050145,
        211.15482708900527,
        209.39013981216704,
        194.8442164217413,
        206.47722295092535,
        202.09997133736033,
        210.68176392253372,
        59.833643739897525,
        190.0403794158192,
        208.58649189275457,
        63.55163775244728,
        209.07440653470985,
        223.9163767034479,
        221.96756991714938,
        229.8771418320539,
        83.63912757074286,
        234.6145876891096,
        12.949562983238138,
        222.5056818665762,
        234.7123666217085,
        22.641839427873492,
        225.34391340237926,
        53.63280707190279,
        197.0200726625044,
        166.1898883424874,
        228.21423178788973,
        232.6603560624353,
        26.626888712198706,
        229.441377630661,
        100.73583313982817,
        26.368736605021695,
        178.7205893479113,
        236.3378750612901,
        108.12588356115157,
        236.1611682281291,
        8.865000856632832,
        158.62341371663206,
        232.27439678709197,
        236.07814415555913,
        134.97648826549994,
        58.35462127786013,
        235.5132242141699,
        23.688714651274495,
        228.37970585239236,
        239.9695569393807,
        154.82759846010595,
        227.77990367692837,
        161.883244253695,
        118.99197537868167,
        207.32584124966525,
        210.85338427464012,
        215.10579941992182,
        213.21659660176374,
        174.9490844627726,
        230.25198368303245,
        219.0047377255105,
        216.28519437010982,
        124.50942886681878,
        228.53254876693245,
        78.59129161393503,
        42.91538543935167,
        229.9767624678061,
        161.5552219907695,
        231.20552431419492,
        235.3620953874488,
        233.21753664020798,
        223.67181900364812,
        232.28471558255842,
        233.90833978072624,
        96.30444371109479,
        116.41308635944733,
        215.45218777345144,
        52.831289600610035,
        43.48597247678845,
        155.07298815159447,
        229.56746395962546,
        229.2427162627573,
        104.68788430155837,
        224.56170778154046,
        232.12011824442015,
        237.17715412727557,
        230.48471910430817,
        240.6046209466149,
        40.656147767280345,
        79.32376057910733,
        32.849296046071686,
        41.552820108947344,
        237.40316665411228,
        236.2474941372784,
        25.272320276504615,
        136.9495300151757,
        141.78458747717377,
        62.55544724970241,
        246.92061854965868,
        166.94628365260724,
        26.456228875555098,
        242.61938502875273,
        242.20013734478562,
        22.7447258195607,
        44.45826048281742,
        78.3465710952587,
        16.12440246436745,
        225.32167566745193,
        61.956427374563646,
        123.82878967701981,
        237.73951201912132,
        143.95195668481756,
        117.33938194884104,
        9.98246074069175,
        150.74115656121285,
        233.03417274590174,
        227.77073570538778,
        230.25909653678536,
        236.19025437465461,
        101.41488554945681,
        242.14750348652888,
        240.0492198037973,
        234.37218895941623,
        242.59739309409633,
        241.78987649449846,
