{
    "hyperparameters": {
        "learning_rate": 0.0003,
        "discount_factor": 0.99,
        "epsilon": 0.1,
        "gae_lambda": 0.95,
        "value_function_coef": 0.5,
        "num_episodes": 300,
        "num_epochs": 10,
        "batch_size": 64,
        "horizon": 512,
        "entropy_coefficient_init": 0.1,
        "entropy_coefficient_target": 0.01,
        "entropy_coefficient_const": 0.01,
        "entropy_decay_steps": 100000
    },
    "run_configs": {
        "agent": "PPOBETA",
        "environment": "RIGHTTURN",
        "entropy_setting": "FIXED",
        "plotting_setting": "REWARDS_AND_TRACK_DISTANCE",
        "zero_brake": false,
        "automatic_restart": false,
        "use_existing_model": "20230709_121341.764_model",
        "save_as_onnx_model": false,
        "seed": 1
    },
    "episodes_reward_data": [
        61.78549319805461,
        64.19223027280532,
        56.42100163793657,
        15.632150691119023,
        -9.14214378548786,
        59.09030830001575,
        60.9100363245816,
        86.12911205657292,
        60.20111366521451,
        1.6293409178761067,
        21.334904843650293,
        49.27246169009595,
        4.099838152600569,
        52.17865186947165,
        54.05554637743626,
        52.4077004865394,
        69.66737014468526,
        48.280784640679485,
        49.84254504641285,
        75.02974452461058,
        53.194452476571314,
        61.78236553253373,
        55.82526389337727,
        80.74783400233719,
        77.29814907123364,
        56.92077917413553,
        77.16361336378031,
        57.70471397892106,
        25.09758533537388,
        -7.188627580180764,
        -2.909139720039093,
        -3.7861668143887073,
        49.00693395541748,
        64.31204943155171,
        32.381600358043215,
        -0.6571170185270603,
        69.5979743303833,
        21.892024640692398,
        36.89170745770389,
        62.601882350369124,
        59.6998112378933,
        73.03641410803539,
        65.63100033591036,
        55.79072025444475,
        68.94052976564853,
        21.072052894742228,
        81.71422637498472,
        60.17046857177047,
        -0.6728851248626597,
        80.91133701031504,
        37.69160687006661,
        66.85176277181017,
        78.10617692965752,
        3.8198342518298887,
        55.068403059151024,
        62.74589788369485,
        65.29275192372734,
        78.29010553585249,
        81.55735387185996,
        68.98862448497675,
        59.566767473646905,
        -5.288288070820272,
        -6.6796577932545915,
        29.67281900209491,
        74.42812098878494,
        16.62101451170747,
        82.0688916483632,
        -3.212573756900383,
        73.63289427738346,
        27.11753632198088,
        18.57517688565713,
        71.86350289804977,
        95.12383743788814,
        64.31960198553861,
        89.81227692210814,
        49.802858903829474,
        67.23916120722424,
        21.892881875130115,
        64.13206249973155,
        63.79300685515045,
        46.925108916067984,
        85.5105233295908,
        68.13128530392714,
        88.01284159868374,
        75.46359213831602,
        93.96542084470275,
        77.36346030677669,
        69.73140570045507,
        82.35598355077673,
        78.60313948703697,
        71.84553586856055,
        36.67627092715702,
        83.82490494758531,
        90.40776778370491,
        85.47757162817288,
        82.38386153962347,
        81.34668991943181,
        24.364084997941973,
        83.70518766906753,
        57.51457926121657,
        73.97554022225086,
        2.497472220886266,
        93.4720644026238,
        87.39651640606462,
        88.35838832479203,
        83.04582559459959,
        82.61172702093609,
        47.60736938332411,
        75.15596292645205,
        0.2359887647908181,
        49.474615309765795,
        25.881076047488023,
        85.79214241348382,
        92.85612839474925,
        57.95295757774147,
        73.72676602110732,
        85.93413702645921,
        89.90458475999185,
        93.31202869204571,
        84.77992076840019,
        92.07961816617171,
        13.51258483514539,
        63.59788830910111,
        83.43509664642625,
        69.11300528957509,
        86.32743359669257,
        84.27160414546961,
        70.86643006536178,
        82.24252670240821,
        60.892578354338184,
        72.65088807402935,
        57.81921766139567,
        85.32741066112067,
        80.98246026432025,
        80.26964503954514,
        82.08660255243012,
        73.84021564945579,
        81.30524138559122,
        89.39313177781878,
        -5.562193159130402,
        74.37353325984441,
        85.31194560833683,
        30.970682463928824,
        -5.964002928929403,
        -2.402241960313404,
        62.97270889556967,
        64.46444606769364,
        86.61018315493129,
        75.54145878212876,
        82.79708630990353,
        86.29467050495441,
        78.02696897696296,
        91.76709071767982,
        78.27705316760694,
        83.80358435334347,
        62.70748132899462,
        1.2951473724970128,
        84.06021220615366,
        -1.9447760492621455,
        69.52457043435425,
        44.568314918054966,
        78.4249332921463,
        87.76504257709894,
        86.34577441273723,
        80.95348326553358,
        -2.175643250113353,
        92.24637672414246,
        5.466988421365386,
        -7.044779023330193,
        82.34945848501229,
        91.66987352090655,
        93.50503037846647,
        85.41449307173025,
        71.92057004594244,
        32.60247996507678,
        89.54332343419082,
        86.50002177493297,
        90.6105273278954,
        53.56038951675873,
        66.41440952714765,
        86.67240278763347,
        84.91043115669163,
        91.7788158741896,
        82.24945982753707,
        29.35434718723991,
        84.8902790681459,
        65.74266201799037,
        75.06067567353602,
        79.89365505432943,
        78.49831003425061,
        81.145927874255,
        32.22726487812179,
        -2.9917512027313933,
        84.25426951397822,
        75.02756159711862,
        -2.9736444044683594,
        60.63459566398524,
        90.67841667009634,
        93.33489289879799,
        -3.337184411677299,
        93.30648254111293,
        3.0260024778544903,
        1.462965918937698,
        87.76286369905574,
        87.76956773627899,
        88.83587445685407,
        92.22565720228886,
        67.94351038860623,
        86.07985371767427,
        93.60654472975875,
        93.88631362246815,
        82.53102730975661,
        86.71209839080984,
        93.05121727535152,
        70.33868219924625,
        4.472557732122368,
        90.07414218148915,
        71.37300017522648,
        93.47567153454293,
        63.86489576593158,
        83.82581589183974,
        96.15746464190306,
        73.74937873659655,
        73.1241193456226,
        77.38313331303652,
        61.71663538488792,
        49.72233545721974,
        91.71604864811525,
        86.94543352807523,
        85.68433053589251,
        48.87504416506272,
        0.0014719677856191993,
        80.13384958076495,
        32.57787827584252,
        -3.2228217703523114,
        32.14937277470017,
        25.73197402905498,
        92.78071003247169,
        4.0865126626740675,
        1.4543232306023128,
        93.6549414335168,
        95.86787474877201,
        87.72148430917878,
        89.95629437066964,
        0.6194283586228266,
        81.21259734942578,
        80.46689415923902,
        -2.772750722375349,
        36.210679936863016,
        2.01500224051415,
        53.4519170321073,
        16.733624283690006,
        94.42360303046007,
        -0.33922731154598296,
        66.59475227269286,
        59.963775811193045,
        97.75457927380921,
        -5.371452201652573,
        16.767313294520136,
        -5.422800333966734,
        -5.259019212942803,
        32.47870290692663,
