{
    "hyperparameters": {
        "learning_rate": 0.0003,
        "discount_factor": 0.99,
        "epsilon": 0.1,
        "gae_lambda": 0.95,
        "value_function_coef": 0.5,
        "num_episodes": 300,
        "num_epochs": 10,
        "batch_size": 64,
        "horizon": 512,
        "entropy_coefficient_init": 0.1,
        "entropy_coefficient_target": 0.01,
        "entropy_coefficient_const": 0.01,
        "entropy_decay_steps": 100000
    },
    "run_configs": {
        "agent": "PPO",
        "environment": "ORIGINAL",
        "entropy_setting": "FIXED",
        "plotting_setting": "REWARDS_AND_TRACK_DISTANCE",
        "zero_brake": false,
        "automatic_restart": false,
        "use_existing_model": "",
        "save_as_onnx_model": false
    },
    "episodes_reward_data": [
        -0.9313198804447893,
        -1.6203512787178624,
        -16.995910620404175,
        -7.611595014517661,
        2.5547919957462,
        -4.057508702520863,
        -4.102896059921477,
        7.565243159944657,
        4.134859562764177,
        -0.2714536973508075,
        4.7440516458882485,
        2.6497243398043793,
        -0.24679573395405896,
        -6.534807127900422,
        5.412073038954986,
        1.9608672460599337,
        -5.830603227077518,
        -0.30357884819386527,
        -2.401255867938744,
        5.1475596068339655,
        -1.2457401637220755,
        -1.139873529682518,
        11.045555105665699,
        -1.0431804047548212,
        0.06127918418496847,
        8.724767070671078,
        1.1938899630331434,
        16.93221129773883,
        25.3010901286616,
        13.458339491597144,
        0.1219037956034299,
        7.896411256107967,
        34.03994686168153,
        6.841839815097046,
        11.789708940428682,
        6.087082691519754,
        2.6244528006063774,
        9.071540388074936,
        4.3307050605726545,
        24.715070837148232,
        1.5304253486683592,
        38.28615665671532,
        3.847070855408674,
        3.8058490315743256,
        4.254215636821755,
        6.288567505194806,
        26.35194168429007,
        -0.44975194381549954,
        126.5943863253924,
        23.122917758009862,
        16.717806476488477,
        71.58949597846367,
        10.844629433064256,
        72.72361553119845,
        91.67542775921174,
        42.429693193204,
        46.11715295483009,
        5.885978784412146,
        81.50293792181765,
        31.4993610662641,
        177.40484307159204,
        183.4107454069308,
        173.26104538096115,
        44.02409027842805,
        119.16325971837796,
        204.17236549433437,
        217.15421648090705,
        56.37878144180286,
        107.39777500444325,
        198.20738931800588,
        186.7862941618805,
        1.7612696227442939,
        94.24797269564442,
        204.1069974443817,
        12.022702631278662,
        212.7351681421569,
        213.74727875646204,
        221.5733076180477,
        36.27412052868749,
        30.499028561782325,
        220.77813981888175,
        67.9773727527936,
        46.50298972077144,
        15.255741988803493,
        1.4238143904076423,
        156.39634514795034,
        -0.4307532799139153,
        33.23839759436669,
        40.34668931928172,
        195.21091487482772,
        57.74111318361247,
        85.70686157073942,
        217.69673620114918,
        41.66787585480051,
        8.36079421370232,
        73.72562033866416,
        10.880487211354193,
        18.699556768406183,
        45.96728325144795,
        126.77159956091782,
        179.21576083591208,
        49.98310902004596,
        106.72146773889835,
        222.0831144726253,
        221.90205826651072,
        225.5429165494861,
        7.317811426706612,
        55.02055003706482,
        91.70355342062976,
        146.11299546496593,
        219.5023251016537,
        219.2416077152011,
        218.7845277847955,
        226.6218520992552,
        134.86221151729114,
        216.26383029588033,
        222.63429530573194,
        118.84492134147877,
        227.63648836163338,
        219.36407265259186,
        84.68114623258589,
        207.01550042864983,
        222.62309023112175,
        217.59184078662656,
        217.62815444043372,
        228.34536452332395,
        106.75407246124814,
        216.24431480967905,
        235.579504815978,
        42.272243474348215,
        238.2026285197935,
        239.62286359876452,
        235.9671216745046,
        114.64115500220214,
        233.2505826766137,
        231.7700300863362,
        148.06135529643507,
        152.8218720778168,
        235.64263116826623,
        239.37303005045396,
        81.02642843360081,
        226.49242990088533,
        232.29163048957707,
        39.78601998560771,
        235.46697386936285,
        236.32805446189013,
        9.163192145206267,
        62.31694449210772,
        177.5145408706012,
        229.1024959779461,
        99.89851936040213,
        233.14361993438797,
        15.123095683549764,
        236.72454284284322,
        237.4086552807712,
        19.992170828394592,
        161.9665536051034,
        226.70027918857522,
        229.64895262458595,
        235.350349669141,
        81.16700325779675,
        232.08349616956548,
        231.68996590428287,
        191.78848513831326,
        178.01283215751027,
        134.43435083702207,
        208.49870488169836,
        238.14279915254156,
        68.93418107082834,
        235.18549102253746,
        234.14540910115466,
        233.2044762665755,
        4.787397490465082,
        129.03604520458612,
        234.28880811986164,
        141.7777514772315,
        65.16715949639911,
        102.26933130034013,
        33.59745908132754,
        231.732994742968,
        125.42607773072086,
        37.28452343617391,
        13.811680082704697,
        223.1242526366841,
        221.8039759711246,
        200.5765376316267,
        223.78180471711676,
        233.32531122457294,
        208.41024104331154,
        89.11439650529064,
        144.54031208419474,
        219.9901159198198,
        222.8192612923158,
        225.8326566745818,
        236.32870494942472,
        230.95675843780919,
        226.14419209474,
        228.89534352744522,
        225.45143158422434,
        230.29365225527727,
        231.06015497315093,
        237.0384298935969,
        229.1837517065287,
        188.49576787598198,
        182.63430614952813,
        34.89364687786292,
        239.88615620115888,
        62.94917931436794,
        16.45811669563409,
        16.987415150069864,
        132.9751075109525,
        233.2232021020318,
        149.83875743852695,
        13.432754142937483,
        237.62952018872602,
        229.4679366864002,
        222.2866381701897,
        230.8211213503091,
        235.40698680418427,
        155.62836381577654,
        157.11766032053856,
        103.18786541576264,
        130.0587947811582,
        33.16184749043896,
        33.520840402838076,
        23.48708335131232,
        158.44098563387524,
        105.86471697188972,
        235.7349054767983,
        40.18514515606512,
        208.11602293491887,
        68.28915592494013,
        238.50663876210456,
        237.12440064310795,
        228.7451336934173,
        26.596373212116305,
        218.13952024622995,
        224.78850130480714,
        222.90146665352222,
        239.18095500711934,
        230.25452425197,
        230.57326121034566,
        18.27144572220277,
        234.4932627325179,
        242.4702194708516,
        165.51016536774114,
        235.3335916681972,
        171.24858312663855,
        31.423554044871707,
        226.45019438174495,
        178.08877056150232,
        235.88433953870845,
        24.992739710432943,
        225.17381372107775,
        230.39449612201133,
        83.61712731342413,
        224.7023836743101,
        222.2422522153356,
        226.78338936410728,
        218.99021430726862,
        219.4513427268248,
