{
    "hyperparameters": {
        "learning_rate": 0.0003,
        "discount_factor": 0.99,
        "epsilon": 0.1,
        "gae_lambda": 0.95,
        "value_function_coef": 0.5,
        "num_episodes": 300,
        "num_epochs": 10,
        "batch_size": 64,
        "horizon": 512,
        "entropy_coefficient_init": 0.1,
        "entropy_coefficient_target": 0.01,
        "entropy_coefficient_const": 0.01,
        "entropy_decay_steps": 100000
    },
    "run_configs": {
        "agent": "PPOBETA",
        "environment": "ADVANCED",
        "entropy_setting": "FIXED",
        "plotting_setting": "REWARDS_AND_TRACK_DISTANCE",
        "zero_brake": false,
        "automatic_restart": false,
        "use_existing_model": "20230710_145000.274_model",
        "save_as_onnx_model": false,
        "seed": 4
    },
    "episodes_reward_data": [
        39.04789036535658,
        12.082603233167902,
        33.68865061807446,
        17.14611934113782,
        48.64911737723742,
        16.106077813281445,
        17.02502536587417,
        3.5385529982158914,
        8.86274071392836,
        4.085059023826034,
        12.878695179795614,
        31.236854182265233,
        32.3283564572921,
        68.13061203749385,
        47.343435375601985,
        41.54687909223139,
        4.729284984787228,
        0.5081357602030039,
        81.15986803465057,
        31.610945330176037,
        16.697111505287467,
        36.38673201351776,
        28.22869271642412,
        3.7667479844676564,
        -0.05703240633010864,
        88.81256521304022,
        18.587373728863895,
        47.38996601337567,
        33.00178560829954,
        136.91053795878543,
        14.947909671551315,
        -0.08140522800385952,
        194.3314303770312,
        18.327570920344442,
        68.62465830991277,
        58.59810558432946,
        9.171724345455004,
        15.735901599924546,
        4.550730201444821,
        5.315523188968655,
        -0.04106590151786804,
        81.95050251219072,
        69.91017747469596,
        23.07865727371245,
        3.6965317349822726,
        11.330675689707277,
        43.973610498564085,
        32.72956677339971,
        19.65696006640792,
        17.275186902450514,
        37.73531985920272,
        10.379329507471994,
        29.079225711058825,
        92.31948527693748,
        45.2017367767985,
        15.439930349588394,
        11.0420174001556,
        75.54734908913088,
        48.85444566421211,
        19.98597179958597,
        48.69880672451109,
        28.16085440511233,
        3.769789410449448,
        54.688078048639,
        4.424269788127276,
        80.47146284399787,
        106.09262071116245,
        15.416152834746754,
        13.37909530820616,
        54.84451649757102,
        62.36929983034497,
        14.503652113722637,
        13.770543086895486,
        17.70045469305478,
        0.2666833959519863,
        -0.03857525438070297,
        61.012043349357555,
        17.457430314272642,
        139.7451071436226,
        57.95185624854639,
        36.7796717142337,
        3.4483567220013356,
        4.36222975810233,
        45.85997137951199,
        12.82068854267709,
        70.75074071111158,
        87.4037809153524,
        13.139890382008161,
        53.92216761861346,
        63.22173473366274,
        19.15463427186478,
        30.036961435253033,
        25.640257411636412,
        140.77818180527538,
        85.83448668301571,
        16.345953551877756,
        67.44884761999128,
        46.02068606641842,
        84.22667046662536,
        18.709532644134015,
        4.805881099688122,
        22.894156869966537,
        94.99940395065641,
        17.431522772603785,
        75.14123167004436,
        18.642320661689155,
        26.477558243088424,
        87.66234386584256,
        145.20739375025732,
        43.250473516702186,
        18.583849898452172,
        15.282432114196126,
        18.307740446936805,
        42.7573488522321,
        91.94060912721034,
        0.084550267085433,
        41.05460349729401,
        -2.979491244070232,
        54.28019524272531,
        43.40628665196709,
        3.7753106573509285,
        184.5990794163081,
        49.98368238739204,
        96.76118880632566,
        13.26552836256451,
        50.75562240435829,
        152.05576060008025,
        159.902878575027,
        81.82954038921162,
        74.90040503909404,
        42.786243624577764,
        78.81773119518766,
        35.00828902516514,
        26.65378540981328,
        -0.05702349729835987,
        24.43845756840892,
        52.8618861848372,
        65.35496576470905,
        146.38795699953334,
        90.5710007591988,
        43.762680355401244,
        36.39486309199128,
        24.855320234317333,
        42.342895925976336,
        33.00906935741659,
        81.39780337922275,
        44.38312136914465,
        17.55196661213995,
        50.042241193994414,
        17.279296196938958,
        -2.719984956085682,
        152.0269090734364,
        21.94878771994263,
        43.91223325417377,
        21.34611911093816,
        192.58955898182467,
        151.30042922968278,
        25.579572189220926,
        177.666701780312,
        136.6405635601841,
        46.709867525380105,
        182.00156024940952,
        49.268142261513276,
        -0.057783275842666626,
        180.61376805708278,
        0.24389298632740974,
        18.915076542645693,
        19.993086546863196,
        71.31177186597779,
        0.23424088768661022,
        84.6717496743222,
        107.04740504460642,
        24.68687628209591,
        100.07889518103912,
        -3.392586299451068,
        65.9881127007393,
        181.19364719567238,
        14.080573849772918,
        22.82043629605323,
        182.3891506511427,
        46.57098319751094,
        72.38084393682948,
        81.53077624016441,
        76.89052713432466,
        186.49250392665272,
        36.257676653563976,
        85.40470763924532,
        163.5798283032491,
        0.02834084816277027,
        0.2025239411741495,
        60.494950810447335,
        139.40056802984327,
        62.460051148431376,
        0.09036820381879807,
        52.31428362533916,
        29.16264537011739,
        159.42570526100462,
        49.1191113675377,
        13.684451036169776,
        88.92995494911156,
        170.46857192600146,
        77.73081668070517,
        47.92947449471103,
        175.27495004073717,
        184.22052782935498,
        78.83672351903806,
        115.50838627014309,
        76.84826695812808,
        66.6644677144941,
        195.5236223872489,
        13.629841165151447,
        45.45400148125191,
        107.88384869544825,
        64.317506459789,
        82.1120934036444,
        61.07867992883257,
        84.38483704900136,
        -2.943337925709784,
        63.17946590496285,
        195.68686777706898,
        81.39202084744466,
        25.98548916107393,
        69.33487147685082,
        212.3231373666349,
        63.89654353025253,
        137.4392884343397,
        -0.043173858895897865,
        140.65452244236076,
        114.52920940343756,
        134.4346205551119,
        36.419367381720804,
        67.35036519348796,
        86.24207046022639,
        48.963720513216686,
        118.7668690130231,
        -0.11501151323318481,
        43.22494493762497,
        29.55548269744031,
        46.64273770729778,
        40.80972225201549,
        71.01698339462746,
        75.08014947868651,
        204.2566739035683,
        77.76988133939449,
        25.604268208699068,
        13.020843815480475,
        48.85395017116389,
        202.18051145318896,
        -0.02771948277950287,
        55.86873869261035,
        213.6066704071127,
        222.34518551200745,
        73.56103656347841,
        209.78247879131231,
        205.18362804688513,
        61.591933476011036,
        84.70053483580705,
        -0.10385562479496002,
        120.93545443774201,
        63.43387277279544,
