{
    "hyperparameters": {
        "learning_rate": 0.0003,
        "discount_factor": 0.99,
        "epsilon": 0.1,
        "gae_lambda": 0.95,
        "value_function_coef": 0.5,
        "num_episodes": 300,
        "num_epochs": 10,
        "batch_size": 64,
        "horizon": 512,
        "entropy_coefficient_init": 0.1,
        "entropy_coefficient_target": 0.01,
        "entropy_coefficient_const": 0.01,
        "entropy_decay_steps": 100000
    },
    "run_configs": {
        "agent": "PPOBETA",
        "environment": "RIGHTTURN",
        "entropy_setting": "FIXED",
        "plotting_setting": "REWARDS_AND_TRACK_DISTANCE",
        "zero_brake": false,
        "automatic_restart": false,
        "use_existing_model": "20230709_121341.764_model",
        "save_as_onnx_model": false,
        "seed": 123
    },
    "episodes_reward_data": [
        80.23936992825475,
        68.41319655708503,
        85.57007322370191,
        85.09606810250261,
        55.65265549256583,
        61.32376502081752,
        55.9856200265931,
        -5.203670830655028,
        73.4358857725747,
        55.304073319392046,
        5.987082788924454,
        51.030845150438836,
        66.4508660325373,
        77.82946906075813,
        76.32187201781926,
        -4.4737659720995,
        75.94463719340274,
        -6.4511953949404415,
        -3.496390261934721,
        15.893810917666997,
        90.37548386800336,
        44.10407312946336,
        61.03225045981526,
        -5.187043752128375,
        -6.9457198540330864,
        62.65273645406705,
        79.71866017197317,
        63.422172397360555,
        61.54505986100412,
        81.01786934677511,
        25.065768496569945,
        32.64712799049448,
        73.09445468656486,
        59.18359030332067,
        49.35181095445296,
        -9.31569194898475,
        -2.386855870776344,
        -3.6628104747796897,
        -5.074687059328426,
        25.280303372463095,
        18.947712007997325,
        53.76813792693429,
        6.656984257191652,
        -6.746858659258578,
        -6.291462946828688,
        76.34108513420506,
        -4.408971547469264,
        26.652700048027327,
        76.3503086562705,
        -4.018751828320092,
        -5.182907188660465,
        21.82759939576499,
        60.43271158466814,
        23.3979689461994,
        -2.3416995957959443,
        31.95737654424738,
        -3.453157139068935,
        2.5275947632108,
        86.93646733066998,
        51.2225854160788,
        -7.480449745838996,
        53.93158174495329,
        89.18797259271378,
        74.09831091330852,
        70.44433004205348,
        52.82669621531386,
        76.39678253639431,
        -3.7900935851503164,
        84.24943856676691,
        72.08274813531898,
        62.68678644677857,
        56.37806296607596,
        76.36132612044457,
        31.057985061663203,
        32.047609731322154,
        15.460249884024961,
        -8.691991583560593,
        52.58538801618852,
        77.9131338896841,
        81.46940776176052,
        43.01837271935074,
        68.52151582366787,
        14.476556910289219,
        71.1605997820152,
        45.48535387596348,
        32.91818344438798,
        59.213673101272434,
        87.67838427150855,
        77.28987524093827,
        2.0048452102928422,
        16.13467875419883,
        0.07922031657653861,
        59.06414837289776,
        75.80975945101818,
        45.15373645269574,
        79.76086219478748,
        85.6264671094541,
        54.99269228892808,
        71.58695244090632,
        88.46810320555232,
        30.031586626311764,
        82.61833265481982,
        89.3855202653649,
        91.43526169136749,
        85.14685755512619,
        -4.9261683481163345,
        -6.8546645536553115,
        87.73460607757443,
        98.0797955323942,
        89.30252987856511,
        90.2414893067471,
        89.98525856726337,
        89.57285649311962,
        57.26877384685213,
        51.219189236573584,
        -3.532231546501862,
        1.691612923226785,
        -3.9895611341344193,
        63.3033817121177,
        59.66534861581749,
        68.29025500794523,
        72.39037215843564,
        30.457643787492998,
        84.30090369700338,
        37.83085961389588,
        51.12876606184,
        63.63538783363765,
        89.8121169838414,
        81.42659251849545,
        93.9447664830077,
        89.30016153669567,
        62.04200454780948,
        97.01018379247398,
        45.57665099269798,
        -5.5898108728579246,
        50.514118707505986,
        -4.160111813311232,
        58.77337509795325,
        87.18204745193361,
        60.7414764908026,
        77.85064815572696,
        48.059116706077475,
        34.904772798210615,
        58.22957028320525,
        0.009023469450767152,
        29.16211570604355,
        4.166169792282744,
        -5.920023303420749,
        33.36907719570445,
        90.2504366004141,
        29.044325580238365,
        91.57460426230682,
        31.653949269239092,
        -3.3907209082171903,
        -3.414655353059061,
        26.183253014285583,
        32.16473741066875,
        5.337391357643355,
        82.72471542510903,
        80.84827471288736,
        89.86175430672301,
        57.43560964189237,
        -3.608002275446779,
        51.43608974784729,
        61.098209891002625,
        -6.131778251496144,
        56.68972000293434,
        89.94438443065155,
        62.76773119773134,
        55.55089021708409,
        75.40534991209279,
        97.31354021510924,
        31.270566807477735,
        0.8390136108209845,
        0.2516318519337801,
        37.10649173796992,
        86.20833641302306,
        29.7735671865521,
        3.0871183780836873,
        89.69961645518197,
        82.66783917087014,
        -5.132231499563204,
        49.505262630817015,
        67.13077065779362,
        83.85791736695683,
        54.485412802838255,
        97.70974474672403,
        74.91416984357056,
        97.37382590546622,
        78.78202102144132,
        51.14887932509009,
        75.4671683164197,
        31.49807764912839,
        65.91253411176149,
        63.94201865859213,
        84.60338794647396,
        92.24203218577895,
        29.460441313043702,
        36.31330192106543,
        69.13532183021016,
        29.26784330836381,
        89.16877469600877,
        70.36333844240289,
        4.686033976264298,
        65.35019002930494,
        70.99079610328772,
        67.8731873560464,
        93.45292974684708,
        -1.9324033085722476,
        94.98680358509591,
        31.670610402768943,
        77.06575781678839,
        92.09034302743385,
        74.281803225982,
        72.26150144712301,
        69.57574697687232,
        98.92066216358216,
        66.25551110494416,
        85.58635409110866,
        89.00371137211914,
        97.39847429089423,
        -6.842382449598517,
        0.8158053355582524,
        1.1504504526383244,
        57.210896651260555,
        65.29974922497058,
        35.01546357572079,
        76.40860491225612,
        56.857228989945725,
        71.88466959123616,
        20.156279786628147,
        88.88348182980553,
        72.87127857838641,
        66.90263977757422,
        35.33017153930268,
        79.86629325665126,
        -5.9972478045965545,
        77.0825230468472,
        67.99366297741653,
        88.14220533779007,
        90.92260466510197,
        86.21071629654034,
        -4.8585487217933405,
        90.95938052068232,
        80.14138305408414,
        81.15023502934491,
        3.6114245001226664,
        85.46602876158431,
        77.30343352622003,
        80.21204126137309,
        84.24599540398049,
        79.9073876732291,
        71.05033293974702,
        81.41794646088965,
        96.93529788272281,
        96.18704754201462,
        100.70732402530848,
        74.3851125681249,
        67.11436088546179,
        51.420881622238085,
        91.63512075431936,
        69.24973213247722,
