{
    "hyperparameters": {
        "learning_rate": 0.001,
        "discount_factor": 0.99,
        "epsilon": 0.1,
        "gae_lambda": 0.95,
        "value_function_coef": 0.5,
        "num_episodes": 300,
        "num_epochs": 10,
        "batch_size": 64,
        "horizon": 512,
        "entropy_coefficient_init": 0.1,
        "entropy_coefficient_target": 0.01,
        "entropy_coefficient_const": 0.01,
        "entropy_decay_steps": 100000
    },
    "run_configs": {
        "agent": "PPOBETA",
        "environment": "ORIGINAL",
        "entropy_setting": "FIXED",
        "plotting_setting": "REWARDS_AND_TRACK_DISTANCE",
        "zero_brake": false,
        "automatic_restart": false,
        "use_existing_model": "",
        "save_as_onnx_model": false
    },
    "episodes_reward_data": [
        -4.226684984460007,
        -0.6083193178637885,
        -24.34962934703799,
        -5.869746591662988,
        -0.8147546069230884,
        -1.27795036041789,
        -1.1953663438907824,
        6.0979048977606,
        0.2647233105963096,
        2.3871551336196717,
        0.3824417894065846,
        0.6952360047434922,
        2.1288303714827634,
        1.697468601691071,
        -2.7161506037809886,
        5.175340963032795,
        1.9512317740009166,
        -1.1622639471461298,
        5.467980543660815,
        6.878250994515838,
        -1.349894638035039,
        -1.0279009655932896,
        3.101211579545634,
        2.2790704883955186,
        -1.6650618032435887,
        6.255075217341073,
        1.4875689303153194,
        16.52944609912811,
        4.833206536743091,
        1.7411491239035968,
        2.2620705525914673,
        14.608524207520531,
        0.9453156860545278,
        5.892270254662435,
        -3.4034785853000358,
        1.8795719697372988,
        1.269102910242509,
        2.3633460520068184,
        -0.34860900837520603,
        8.975248531496618,
        0.7948343413881958,
        6.341081625199877,
        9.156256295304047,
        14.104799372296839,
        2.108876364902244,
        1.7684227179415757,
        13.999486861692276,
        1.4445552117249463,
        10.814900327415671,
        -2.1646106922707986,
        1.7693662345118355,
        5.339721997559536,
        4.930461011594161,
        0.5319653292535804,
        -0.630642389121931,
        5.4508795629953966,
        5.13377425033832,
        4.049425900564529,
        0.8322199957328849,
        -1.2341208825164358,
        5.858816591106006,
        30.53883859088819,
        6.378706015035277,
        39.25507835112512,
        7.351140814687824,
        3.662292519104085,
        18.62990685456316,
        12.113824228494195,
        5.22635941702174,
        -0.8359635625092778,
        8.08082672560704,
        12.640039038960822,
        20.92433637235081,
        13.178772472892888,
        22.680989426677115,
        107.66820796165848,
        27.187638276431244,
        28.2836626683129,
        -0.18797308331704699,
        13.79129560632282,
        15.75071600973024,
        81.82805650745286,
        152.70879726862768,
        168.61663496581605,
        190.09899397427216,
        57.68572535234853,
        196.71949065872468,
        51.600081373151625,
        204.5313360815053,
        210.76188761861704,
        161.15220397821395,
        140.78030074978597,
        216.56631476889015,
        203.5555116232572,
        225.84333048766712,
        132.62401120495633,
        140.7003437707317,
        186.56713075522566,
        39.41856516315602,
        231.51694397837855,
        119.57098867188324,
        75.9799512795289,
        222.28775407789362,
        225.05453161735204,
        226.26441717069247,
        235.95175125764217,
        68.31611079029972,
        224.22758625188726,
        234.49987582387985,
        221.51497509056935,
        56.02833649003878,
        232.52338521525962,
        28.13353652523074,
        234.35721254443342,
        183.93092391412938,
        129.5188137749501,
        100.52094635245157,
        213.85559532076877,
        54.90334149473347,
        228.7666974826716,
        227.94391057899338,
        228.68061050775577,
        139.5345094932709,
        47.83471261151135,
        223.09214897674974,
        221.79352956402,
        226.2574186406564,
        229.9263138307433,
        129.56905658556207,
        222.34072971876594,
        230.2384196152707,
        226.6270958186069,
        229.4300758511672,
        223.74895235028816,
        11.622985235226224,
        233.80229794123443,
        236.0575794391916,
        237.1144007347175,
        105.4833048270084,
        238.61956830025883,
        233.87690136296442,
        235.16161065379856,
        69.29852846657741,
        234.9451498784765,
        236.78670880451682,
        231.54307008505566,
        238.1464570405078,
        242.05771154450485,
        237.0782122045639,
        235.30330982222222,
        246.25815863761818,
        241.9924236414372,
        243.6643116386258,
        243.72276325820712,
        241.45793808682356,
        246.34213947164244,
        250.56032454426168,
        66.39078662893735,
        243.86470867187018,
        243.3890158290742,
        154.40944580928772,
        240.78696630438208,
        46.96689894635347,
        240.50737120665144,
        186.2527450118796,
        222.9426317535108,
        233.68623341988132,
        230.64512527312036,
        226.62094332068227,
        238.30918086564634,
        240.61728534841677,
        14.05379436883959,
        232.87132348609157,
        226.0427464176464,
        232.82754424365703,
        233.89643058723595,
        240.6885211950139,
        246.58065224072197,
        169.23450299407705,
        240.2126852835063,
        241.62275561181013,
        238.11363064451143,
        52.61771295580547,
        8.358414614805952,
        51.524949560538516,
        3.643120248685591,
        1.6141053792089224,
        -1.3551310925831785,
        12.303712037362857,
        -1.1622729886876186,
        4.158955638558837,
        -1.0813982480176492,
        33.3969258380821,
        22.605013726788457,
        29.188976376783103,
        15.380373022664571,
        -0.9260282184986863,
        9.629046094152727,
        49.157694095163606,
        10.128436664206674,
        13.04940873135638,
        -0.9678669980057748,
        22.06367657915689,
        172.7014242435107,
        -1.2134278574667405,
        -1.3307653301380924,
        18.587039910256863,
        11.659158060036134,
        95.05372725130292,
        41.109329822298605,
        30.216521761438344,
        31.780179523600964,
        136.552577555296,
        16.124990337892086,
        111.87646414601477,
        26.902161938196514,
        33.42171436775243,
        13.337982958968496,
        51.975859017285984,
        23.94817643352144,
        188.96831741079222,
        178.97500405152095,
        197.94564668970997,
        204.03670346928993,
        24.873264173133066,
        153.31700610890402,
        13.288304303045152,
        194.42177032241307,
        201.592505814755,
        201.9982466281508,
        45.826701904064976,
        214.88490070459375,
        208.29166380970855,
        50.18589128984604,
        229.61243341636145,
        229.2127620644751,
        136.00133948336588,
        232.11624861892778,
        193.91092157363892,
        235.1744650365872,
        22.445394093665527,
        233.47755928929837,
        77.99724849124323,
        117.05560532712843,
        65.4732983581489,
        222.78728848956962,
        224.8848777150124,
        93.08781570885913,
        215.65638780558947,
        143.37465707131196,
        79.7134895928175,
        226.03775160131045,
        216.85185973078478,
        78.42363060795469,
        225.08827956742607,
        17.71353068530152,
        216.6828784790123,
        158.25766046668286,
        228.63840526115382,
        211.27821460482664,
