{
    "hyperparameters": {
        "learning_rate": 0.0003,
        "discount_factor": 0.99,
        "epsilon": 0.1,
        "gae_lambda": 0.95,
        "value_function_coef": 0.5,
        "num_episodes": 300,
        "num_epochs": 10,
        "batch_size": 64,
        "horizon": 512,
        "entropy_coefficient_init": 0.1,
        "entropy_coefficient_target": 0.01,
        "entropy_coefficient_const": 0.01,
        "entropy_decay_steps": 100000
    },
    "run_configs": {
        "agent": "PPOBETA",
        "environment": "CURVES",
        "entropy_setting": "FIXED",
        "plotting_setting": "REWARDS_AND_TRACK_DISTANCE",
        "zero_brake": false,
        "automatic_restart": false,
        "use_existing_model": "20230709_223257.422_model",
        "save_as_onnx_model": false,
        "seed": 4
    },
    "episodes_reward_data": [
        27.836610097554512,
        32.66394572961144,
        53.93593717890326,
        -1.2321355720050633,
        9.957427090630517,
        0.29527670179959387,
        13.416596163413487,
        29.13145522965351,
        1.4664920666255057,
        76.77494537839084,
        11.474212840432301,
        -1.728250531712547,
        0.009735245432239026,
        49.319943438633345,
        8.60424581618281,
        1.5044227232865524,
        -0.8121668162057176,
        0.07281184068415314,
        11.955645511334296,
        46.09878754406236,
        76.5370745298278,
        76.04972959647421,
        67.65971481095767,
        36.964940273188404,
        0.9555232573766261,
        29.06603083969094,
        62.7455457066535,
        -1.9847346207825467,
        69.71442467160523,
        14.38093443622347,
        11.864832879276946,
        25.444473530515097,
        56.43033832430956,
        36.62514681176981,
        2.4303781313210493,
        69.88519948889734,
        33.097777960880194,
        58.208136392830056,
        71.82694666678435,
        23.358390193490777,
        79.5917429040419,
        64.70571135189675,
        69.06657865125453,
        51.20650768140331,
        24.085056416864973,
        74.86674734315602,
        54.02122177765705,
        74.83089957109769,
        85.07929769327166,
        70.67139320727438,
        77.57139961811481,
        78.89256378612481,
        57.900399049394764,
        53.796847737336066,
        77.8164890773478,
        74.95049599232152,
        76.8419173414004,
        5.4248888220172375,
        33.54357976047322,
        48.489385862485506,
        84.81120702333283,
        5.332357032923028,
        73.22381860821042,
        19.75840825162595,
        15.495759720361093,
        12.019093375449302,
        1.3116132536961231,
        34.737248809367884,
        42.373434470267966,
        65.70563113689423,
        70.23418822628446,
        65.63189567666268,
        79.16473461251007,
        30.344759112922475,
        3.272657214809442,
        0.08209548925515264,
        22.7015119070129,
        -1.4419865323288832,
        69.79641662922222,
        8.8699262291193,
        66.66853974363767,
        67.79455819173018,
        70.37144721491495,
        33.56689538562205,
        53.675270978710614,
        8.792409842310008,
        2.1329011998313945,
        72.30857254870352,
        74.32875958294608,
        13.07178600563202,
        70.29324594704667,
        74.50083221198292,
        73.69069418101572,
        8.762338438245934,
        28.75787261192454,
        10.834392522490816,
        74.68476833534078,
        78.28443197355955,
        67.54627087165136,
        30.358750918821897,
        3.9216407609637827,
        59.12824180314783,
        6.200552577676717,
        68.61011333702481,
        60.236073969397694,
        78.08651285097585,
        17.582335909770336,
        3.0478251013846602,
        9.749835217939108,
        12.211805910454132,
        33.800047447613906,
        67.27206964715151,
        18.255078718822915,
        68.07455259413109,
        31.25364771427121,
        3.6850973196560517,
        81.52050629485166,
        18.70207573787775,
        70.78208327607717,
        34.39633334608516,
        0.4973999074718449,
        3.5741331951576285,
        -1.3030737864901312,
        35.01191710011335,
        31.872451984032523,
        68.59894720831653,
        67.53523404226871,
        57.99005282501457,
        72.08383963617962,
        1.5691203238093294,
        71.71429825847736,
        70.35808807634749,
        80.4789068128739,
        65.54964875095175,
        68.55295338254655,
        78.98585132078733,
        70.35694697976578,
        4.565659356361721,
        1.8872298227215651,
        72.74872026155936,
        2.1339896215940826,
        75.38369097496616,
        27.04655918793287,
        79.53573443827918,
        77.14996548788622,
        64.93025597400265,
        73.11814060702454,
        73.43120012964937,
        71.43531026286655,
        20.38799291732721,
        32.08921288806596,
        6.214653736300534,
        70.17091518000234,
        -0.6822811254533008,
        76.42760772560723,
        68.21055300335865,
        8.428758822963573,
        68.32213473223965,
        32.70114255184308,
        3.862276991130784,
        23.605723692919128,
        38.63902713014977,
        42.31527955501224,
        -0.370423337968532,
        2.0639056602376513,
        21.066557323443703,
        70.05922406626632,
        40.85328001441667,
        65.11908138857689,
        8.598548316032975,
        29.15875474558561,
        65.47626613915781,
        65.83733935293276,
        21.569789495435543,
        25.224401826388203,
        27.71796200965764,
        5.107776256627403,
        76.68010133737698,
        38.75446672705584,
        64.45940204389626,
        0.9858775156317279,
        6.371773644874338,
        46.79358854010934,
        63.03489072769298,
        65.90581194567494,
        4.748016313853441,
        23.670047037652694,
        12.555856979452074,
        54.68364488577936,
        -0.10817570239305496,
        -0.9582483960548416,
        13.100592365808552,
        64.34145706263371,
        9.121439203940099,
        21.84895452350611,
        -0.46820859049330465,
        63.54018277139403,
        41.21398485539248,
        -2.0232982299639843,
        18.044478233612608,
        15.2464487356483,
        24.643344753363635,
        69.97885799146025,
        31.131018841115292,
        -0.5663129100576043,
        0.8374656101223081,
        -1.5915763204102404,
        1.3380675636872184,
        67.98698228652938,
        37.15821437933482,
        39.09988566293032,
        21.417194777197437,
        73.09611974144354,
        12.164564350794535,
        0.03969974862411618,
        66.24892204182106,
        63.6775812455453,
        49.655389885476325,
        4.034653732756851,
        -0.3308428845484741,
        59.97463528625667,
        26.8565792379668,
        -1.444494372466579,
        28.590144734364003,
        37.136704144766554,
        6.951760785537772,
        63.84478008392034,
        68.47301339183468,
        34.687533255142625,
        64.26067065738607,
        68.74474933042075,
        5.248031760304002,
        7.779224333004095,
        67.6239184855367,
        62.20642220694572,
        64.51282729569357,
        71.81380221139989,
        60.208242473891005,
        56.17832978197839,
        72.6970549679827,
        1.1234369474695995,
        72.68285018531606,
        71.57254248508252,
        32.93384691455867,
        80.43835683120415,
        70.31854490260594,
        42.310749373049475,
        40.618880774767604,
        63.919064989255276,
        43.50835019850638,
        66.02992382255616,
        67.08492735901382,
        9.611173573779524,
        28.993413805263117,
        65.66541355499066,
        35.73605614498956,
        80.80892699220567,
        76.72481695358874,
        34.978540666546905,
        69.64394184117555,
        79.34368708403781,
