{
    "hyperparameters": {
        "learning_rate": 0.0003,
        "discount_factor": 0.99,
        "epsilon": 0.1,
        "gae_lambda": 0.95,
        "value_function_coef": 0.5,
        "num_episodes": 300,
        "num_epochs": 10,
        "batch_size": 64,
        "horizon": 512,
        "entropy_coefficient_init": 0.1,
        "entropy_coefficient_target": 0.01,
        "entropy_coefficient_const": 0.01,
        "entropy_decay_steps": 100000
    },
    "run_configs": {
        "agent": "PPOBETA",
        "environment": "ADVANCED",
        "entropy_setting": "FIXED",
        "plotting_setting": "REWARDS_AND_TRACK_DISTANCE",
        "zero_brake": false,
        "automatic_restart": false,
        "use_existing_model": "20230703_160037_model"
    },
    "episodes_reward_data": [
        16.447994252317585,
        23.67864510967047,
        36.0289313976682,
        83.76687753634178,
        109.98341613542289,
        59.667730272063636,
        15.68046170443995,
        32.18868301980547,
        118.13040294777602,
        192.38040694314986,
        13.510615923936712,
        136.37849579795147,
        75.23721759691398,
        22.82088908147125,
        0.4965090695768595,
        16.716444605670404,
        101.8103543874895,
        5.2420318048098125,
        15.002147927181795,
        184.1633411536459,
        58.87062425233307,
        111.96695185860153,
        42.33508109636023,
        7.0185115190543,
        85.34872338580317,
        185.09836742607877,
        0.1738083530217409,
        170.85173644917086,
        82.22116618532164,
        85.59068995494454,
        15.088906479228172,
        43.12904075626284,
        149.4079127464356,
        157.89932318916544,
        0.3043898418545723,
        87.36010579614958,
        -0.07481186091899872,
        -0.6411534147337079,
        178.64538546647236,
        143.77562503548688,
        54.49215720570646,
        205.82139749426278,
        85.50491730717476,
        41.75607786886394,
        175.0971373092616,
        3.320010653231293,
        45.266536076160264,
        157.94633037177846,
        82.73538347613066,
        12.886408800230129,
        131.80569833656773,
        0.0014904942363500595,
        25.334044243907556,
        29.722041819244623,
        205.44785707560368,
        216.27603926083248,
        13.12712479729089,
        216.24860391276889,
        62.33182470797328,
        40.79249646421522,
        128.8819451839954,
        144.1695212846389,
        149.242280231927,
        79.01025213360845,
        -0.10603896155953407,
        142.23121940046258,
        197.47524893099762,
        13.131215826884727,
        141.8229080024903,
        -0.12384625151753426,
        0.9473591186106205,
        191.65104680712102,
        207.061074085359,
        90.30327420670073,
        -0.14389159344136715,
        88.68383213013294,
        125.7548899075482,
        206.06727708663675,
        8.40102252966608,
        64.20302977590472,
        107.96753949439153,
        12.644161811098456,
        64.43129708331253,
        203.76118791959016,
        196.40121561754495,
        74.74900187118328,
        3.9477896854950814,
        85.836762756604,
        53.69684556367429,
        0.698168808594346,
        187.388938110671,
        0.056339459493756294,
        0.42530268989503384,
        32.022961935959756,
        193.27682037910563,
        19.98042806610465,
        124.34399772179313,
        111.69549836682563,
        158.41003035839822,
        19.368273969565053,
        67.15512524625956,
        207.25989012498758,
        32.107810819521546,
        214.4681928636419
    ],
    "episodes_track_distance_data": [
        66,
        104,
        139,
        325,
        406,
        225,
        68,
        140,
        470,
        760,
        59,
        550,
        306,
        96,
        9,
        78,
        434,
        33,
        65,
        720,
        248,
        483,
        178,
        38,
        357,
        765,
        7,
        690,
        340,
        364,
        70,
        182,
        629,
        641,
        8,
        354,
        5,
        -72,
        732,
        566,
        226,
        846,
        344,
        170,
        706,
        22,
        195,
        625,
        338,
        57,
        524,
        5,
        115,
        96,
        800,
        874,
        55,
        865,
        253,
        -51,
        487,
        532,
        602,
        313,
        5,
        546,
        782,
        56,
        581,
        7,
        12,
        752,
        818,
        371,
        5,
        364,
        496,
        778,
        40,
        257,
        405,
        52,
        278,
        805,
        798,
        266,
        22,
        364,
        192,
        10,
        743,
        8,
        9,
        121,
        756,
        87,
        468,
        429,
        624,
        86,
        257,
        790,
        112,
        823
    ]
}