{
    "hyperparameters": {
        "learning_rate": 0.001,
        "discount_factor": 0.99,
        "epsilon": 0.1,
        "gae_lambda": 0.95,
        "value_function_coef": 0.5,
        "num_episodes": 300,
        "num_epochs": 10,
        "batch_size": 64,
        "horizon": 512,
        "entropy_coefficient_init": 0.1,
        "entropy_coefficient_target": 0.01,
        "entropy_coefficient_const": 0.01,
        "entropy_decay_steps": 100000
    },
    "run_configs": {
        "agent": "PPO",
        "environment": "ORIGINAL",
        "entropy_setting": "FIXED",
        "plotting_setting": "REWARDS_AND_TRACK_DISTANCE",
        "zero_brake": false,
        "automatic_restart": false,
        "use_existing_model": "",
        "save_as_onnx_model": false,
        "seed": 123
    },
    "episodes_reward_data": [
        -2.3945977806288283,
        -9.7387561975047,
        -1.3935959654045291,
        -0.8738931991974823,
        -0.9259477341547608,
        1.9075871653185459,
        -5.6873008407928864,
        -5.218935137381777,
        -0.5452481880492996,
        -1.3416162593639456,
        -10.493508059822489,
        -0.4422984179109335,
        -1.6466408612468513,
        -3.6034966911611264,
        1.5838328114477918,
        -1.427288177626906,
        -0.23595069625298493,
        -0.603840994037455,
        -1.9372394271049416,
        -1.5983194526925217,
        1.686667383852182,
        -2.0112620218278607,
        2.4078318077663425,
        -0.4497118038125336,
        -3.3792596418206813,
        -0.31887801954871975,
        -0.13593262719223276,
        -0.8167072482901858,
        -1.9604306667752098,
        0.43836025038035586,
        -0.483730677573476,
        0.005146260955370963,
        -1.1690359809726942,
        -0.8531351410492789,
        -2.908848664868856,
        -4.421798893017694,
        -0.6388370073691476,
        -0.04326493394910358,
        -0.3986196281039156,
        0.30289548536529765,
        2.3786716367467307,
        0.09645962144713849,
        2.1337755879430915,
        2.3304314270499162,
        0.1825546900217887,
        -3.4925481487589423,
        -2.393025525350822,
        11.524395210231887,
        -1.0511736454209313,
        1.0644504195224727,
        -3.094056771369651,
        3.140369141336123,
        8.323076453525573,
        0.6959529577434296,
        -1.2262031446880428,
        1.1105037532979622,
        2.2230449865892297,
        0.37683357432251796,
        2.4173906016221736,
        5.981613839307101,
        -2.927636435822933,
        0.7932803681760561,
        -0.16891724281595089,
        -0.25717988925316604,
        2.609253276605159,
        -0.12402977145393379,
        -0.8458768449199852,
        0.8660305280063767,
        3.8555811828991864,
        2.4148594652069733,
        -0.8853651420213282,
        0.8194388187403092,
        -2.1237396849901415,
        2.0970194765832275,
        3.1943428070953814,
        3.964349029090954,
        2.144814374274574,
        3.7019463836040813,
        -2.0292467803519685,
        -1.3617151736398228,
        5.019136455724947,
        1.6265324058476835,
        3.7225005401705857,
        0.059953930031042546,
        -0.10869815463956911,
        0.3074056895566173,
        -0.6480614659085404,
        -1.0072089793829946,
        0.40093087738205213,
        2.6657373987181927,
        0.9833225888869492,
        -0.3743206198560074,
        2.663334168100846,
        12.045343026518822,
        -2.150099748658249,
        -0.6574764256292838,
        4.637185868050437,
        10.093521856557345,
        4.38790746738232,
        -0.4050513220136054,
        1.8524688255274668,
        1.3047796339087654,
        5.527864398871316,
        -0.11676335235824808,
        2.657922065918683,
        6.888968874613056,
        3.775777229835512,
        2.830635391816031,
        7.222075318277348,
        -0.1770387984579429,
        11.03410719652311,
        4.99054908787366,
        1.5220045786118135,
        0.9593048321839888,
        8.662223602150334,
        -0.10173523405683227,
        31.878215688935597,
        23.24470418857527,
        15.877343625761569,
        16.293400365277193,
        11.33549300080631,
        55.29194559872849,
        83.594915691996,
        170.0099152600742,
        36.92471073998604,
        44.13929685106268,
        52.798826569734956,
        31.13584177015582,
        86.97474097344093,
        183.9607812474278,
        44.973802072083345,
        186.68948554768576,
        198.66907800317858,
        203.34380888484884,
        163.30272078339476,
        197.27735647794907,
        204.73195398291864,
        34.002220365568064,
        209.57093699934194,
        186.38717979186913,
        218.213295881229,
        137.84448807567242,
        37.903437494678656,
        211.79724585272197,
        41.93888492230326,
        207.98930941484286,
        9.451697641052306,
        211.53438722912688,
        220.09336401030305,
        226.1941476392094,
        75.21737704444968,
        183.96378434204962,
        228.36228845774895,
        230.19267552462406,
        146.1196841125493,
        230.10248522044276,
        228.01317834918154,
        232.10617720981827,
        231.59851772454567,
        227.38215364257485,
        71.6168751449004,
        234.3607854602742,
        5.594877210911363,
        57.214802129543386,
        88.0532908802852,
        184.7855826865998,
        221.3679900940915,
        230.12756087142043,
        227.43930662522325,
        62.24038327627932,
        223.5303064734835,
        27.39685211610049,
        229.0501926090219,
        227.1321886331425,
        118.54287497003679,
        14.857361167552881,
        216.7974194760318,
        134.23133102525026,
        27.57775556956767,
        227.23026675521396,
        220.4650645511574,
        194.2723072427907,
        217.1096035722876,
        48.70364792800683,
        18.554877996532014,
        0.8149948152131401,
        -1.6424924783641472,
        18.481603637046646,
        8.383570522812079,
        2.428037139121443,
        2.1000315280689392,
        14.816205748793436,
        39.071131203032564,
        23.772311465116218,
        89.2863354140427,
        14.3703512881184,
        -1.5997690956864972,
        91.97691775100247,
        15.841572537552565,
        59.07870714744786,
        75.61233348477981,
        30.908741807899787,
        55.22596994845662,
        82.40809376229299,
        208.83531481813407,
        45.16479578395956,
        8.820751516323071,
        44.94508451089496,
        120.43672423168027,
        49.93254639333463,
        10.48571403977985,
        109.3715154378151,
        211.4553291060147,
        115.93023402590188,
        125.25965429417556,
        126.21869255520869,
        218.7626933978754,
        213.21366345873685,
        212.53071713924874,
        222.2804432621342,
        217.55235997634009,
        221.54409423808102,
        224.8019485976838,
        225.66543871350586,
        87.42433932473068,
        218.67250849828997,
        228.63269314914942,
        229.40966803504853,
        178.4337760231574,
        218.65126234876516,
        180.0560248013935,
        219.69550428393995,
        224.49525608876138,
        215.89212916765246,
        71.28615758940578,
        4.710081783821806,
        220.16474919173925,
        210.15318695499445,
        214.88163045875262,
        223.16394312601187,
        217.60709631227655,
        216.41238098344184,
        112.16681409117882,
        222.8048904101306,
        224.04621573365876,
        227.42252254512277,
        228.38077334297122,
        232.1980902533105,
        33.03591735311784,
        163.30148996633943,
        202.03209778174642,
        30.290532154176617,
        43.5401841175335,
        35.94538962464139,
        170.31426574930083,
        210.1427941751026,
        219.4813448175846,
