{
    "hyperparameters": {
        "learning_rate": 0.0003,
        "discount_factor": 0.99,
        "epsilon": 0.1,
        "gae_lambda": 0.95,
        "value_function_coef": 0.5,
        "num_episodes": 300,
        "num_epochs": 10,
        "batch_size": 64,
        "horizon": 512,
        "entropy_coefficient_init": 0.1,
        "entropy_coefficient_target": 0.01,
        "entropy_coefficient_const": 0.01,
        "entropy_decay_steps": 100000
    },
    "run_configs": {
        "agent": "PPOBETA",
        "environment": "RIGHTTURN",
        "entropy_setting": "SCHEDULED",
        "plotting_setting": "REWARDS_AND_TRACK_DISTANCE",
        "zero_brake": false,
        "automatic_restart": false,
        "use_existing_model": "20230709_121341.764_model",
        "save_as_onnx_model": false,
        "seed": 4
    },
    "episodes_reward_data": [
        58.17799925003783,
        52.6770995806437,
        86.74483042550855,
        18.453533175823395,
        51.98593675463053,
        51.968221379676834,
        51.45086794125382,
        59.408917925087735,
        62.777019471803214,
        32.377995632297825,
        57.145325979508925,
        45.309417409822345,
        61.65758698520949,
        28.573118217813317,
        74.366049899887,
        31.97146599336702,
        36.90288317887462,
        61.80683733265323,
        40.92021519909031,
        32.20634959076415,
        12.030527770053595,
        26.93085664996761,
        1.9646519043599255,
        31.4462289356743,
        17.89828638601466,
        27.778621599427424,
        17.175374383223243,
        2.077310903230682,
        53.94895921373973,
        21.201146067731315,
        35.273319568965235,
        49.63712137284165,
        -0.08489952859235927,
        18.248224332462996,
        27.943268172442913,
        1.4448431665077806,
        13.297686653473647,
        -10.303221858193865,
        0.7029108137940057,
        10.961533469613642,
        -28.321572932618437,
        -34.197990836401004,
        31.918001774625736,
        7.049926649735426,
        -31.7867765253759,
        3.869715129796532,
        -32.913653640425764,
        -18.743929125193972,
        -5.524335863010492,
        -10.27853176103963,
        -11.72428570210468,
        -17.114119148871396,
        -26.253878607036313,
        12.841647643523174,
        -7.846340897260234,
        -12.906417226360645,
        -12.931755557539873,
        -0.1448751482530497,
        -6.160962839378044,
        -13.108001495755161,
        -8.555249410128454,
        -9.614719959223294,
        -15.164984900242416,
        -3.1003317850991152,
        -4.4652775826107245,
        -11.364916070888285,
        -15.896705718856538,
        -10.217333071050234,
        -37.571035184548236,
        -6.117194129692507,
        -5.576863501803018,
        -3.2862430160748772,
        -31.16387518166448,
        -32.57274507655529,
        -2.309506288554985,
        -13.072262061912625,
        -13.48685964231845,
        -20.387180259625893,
        -35.30765444217832,
        -3.6529841116280295,
        -2.36359793524025,
        -2.285677635038155,
        -23.09836738591548,
        -19.987201116106007,
        -7.375453590764664,
        -8.345954528835136,
        -28.302398047031602,
        -8.055646716267802,
        -2.4802520697994623,
        -6.331881671969313,
        -4.079959056849475,
        -24.563615078586736,
        -15.228094971826067,
        -10.098730852128938,
        -8.984130350349005,
        -4.920543407715741,
        -5.839851764671039,
        -4.223054879606934,
        -2.969760947962641,
        -3.1460699032904813,
        -1.6876427235401934,
        -2.745353974896716,
        -3.665361807739828,
        -2.672686049103504,
        -5.97122023178963,
        -3.80371184492833,
        -5.768003683610004,
        -9.121482641494367,
        -4.702428714212147,
        -2.5106328841357026,
        -5.718246637297852,
        -3.513968342449516,
        -3.1091839804139454,
        -1.8525513258064166,
        -4.807783323180047,
        -7.932541011919966,
        -3.5717237909702817,
        -2.7212407814658945,
        -3.6136448765173554,
        -1.8281301828683354,
        -3.266532357039978,
        -4.875890742114279,
        -5.37983159974101,
        -4.07077597558964,
        -4.860234714200487,
        -15.03198792503099,
        -2.2557330772688147,
        -1.5269659352343297,
        -2.6330372612574138,
        -1.7399831542279571,
        -4.006666412125924,
        -2.501141317305155,
        -3.313515187561279,
        -4.903553217794979,
        -13.218985216226429,
        -1.0178902947955066,
        -3.0514241672644857,
        -1.311645009132917,
        -4.936992471892154,
        -3.8730621571303345,
        -2.649450329859974,
        -2.5460184335242957,
        -3.5874996513302904,
        -1.4596455246792175,
        -7.883194760710467,
        -1.1079978725902038,
        -3.4296356604609173,
        -4.204985471908003,
        -3.5880139088840224,
        -4.294305241754046,
        -2.9052143013541354,
        -5.049228345043957,
        -1.8083235517988214,
        -5.239990149333607,
        -3.4886551757372217,
        -3.085262204753235,
        -4.9000156605034135,
        -3.683911766958772,
        -1.274521084909793,
        -11.41660153013072,
        -2.2742716807188117,
        -2.7822580587962875,
        -4.227038689168694,
        -4.191384710880811,
        -1.4306959453388117,
        -4.2660325595061295,
        -1.4055627866182476,
        -2.3043436617590487,
        -2.9819565274374327,
        -2.0902908778225537,
        -1.850703944088309,
        -2.674465983873233,
        -6.045116554363631,
        -2.3998234606551705,
        -3.802818314579781,
        -3.217785193148302,
        -2.423529621621128,
        -7.8441674708155915,
        -6.016408531810157,
        -4.697550162440166,
        -4.408937569358386,
        -2.1028084022400435,
        -1.8652499521558639,
        -4.3271947019457,
        -3.114934776094742,
        -4.2498184369906085,
        -1.0081819306942634,
        -2.1506795462337323,
        -2.8251717063685646,
        -1.9445933286915533,
        -1.926925376028521,
        -4.5101322823466035,
        -3.896129303087946,
        -3.0322795125684934,
        -1.209808679035632,
        -2.3865364648518153,
        -0.8647532705799676,
        -2.7720939270511735,
        -0.5946821759134764,
        -1.5472871000529267,
        -1.7026655323279556,
        -4.004292972473195,
        -5.4267694469454,
        -4.780759898130782,
        -1.0352398256654851,
        -2.8063267775287386,
        -4.026703810261097,
        -3.391710090392735,
        -2.786396645795321,
        -1.1953580213012174,
        -1.955837411165703,
        -3.0413071753573604,
        -5.098571432165045,
        2.5845430704939645,
        -1.191532729921164,
        -2.834891775775759,
        -1.801129975618096,
        -1.897152690195071,
        -4.984801826183684,
        -4.432577309082262,
        -0.9714975288079586,
        -2.0785177074867534,
        -4.394016686477698,
        -1.4997969610703876,
        -4.2870550690131495,
        -1.503510738199111,
        -2.2535693329409696,
        -0.9381769752362743,
        -2.413748527658754,
        -2.435895321337739,
        -3.2451901721651666,
        -0.8922230428288458,
        -0.8872693901503226,
        -1.1226864937925711,
        -2.078167873143684,
        -5.4220438984339125,
        -1.8558475030004047,
        -1.2222933591692708,
        -1.6867928493593354,
        -1.956590360874543,
        -1.8091617036407115,
        -2.582014558982337,
        -1.5647237539524212,
        -3.2989349883282557,
        -1.637094592268113,
        -2.256878984691866,
        -4.015526695002336,
        -1.3296411678311415,
        -1.3204449687618762,
        -1.4316512987134047,
        -1.826363229425624,
        -1.0663230118952924,
