{
    "hyperparameters": {
        "learning_rate": 0.0003,
        "discount_factor": 0.99,
        "epsilon": 0.1,
        "gae_lambda": 0.95,
        "value_function_coef": 0.5,
        "num_episodes": 300,
        "num_epochs": 10,
        "batch_size": 64,
        "horizon": 512,
        "entropy_coefficient_init": 0.1,
        "entropy_coefficient_target": 0.01,
        "entropy_coefficient_const": 0.01,
        "entropy_decay_steps": 100000
    },
    "run_configs": {
        "agent": "PPOBETA",
        "environment": "MIDDLE",
        "entropy_setting": "FIXED",
        "plotting_setting": "REWARDS_AND_TRACK_DISTANCE",
        "zero_brake": false,
        "automatic_restart": false,
        "use_existing_model": "20230711_005151.004_model",
        "save_as_onnx_model": false,
        "seed": 3
    },
    "episodes_reward_data": [
        7.18765136692673,
        0.7668609923566692,
        12.956635561189614,
        35.04072711378103,
        3.933531543792924,
        -0.6439263611391652,
        4.276076718233526,
        0.7935374167282134,
        17.065431813709438,
        35.33111350121908,
        8.399342690303456,
        7.706047226252849,
        1.2826195638626814,
        -0.358195676933974,
        5.145012841443531,
        3.9241294217063114,
        0.01956402597716078,
        -0.45630714297294617,
        5.320922916493146,
        2.4746434278204106,
        4.334524315490853,
        5.959369383344892,
        -0.9822269636206329,
        3.836486611631699,
        -2.054075983352959,
        -1.152821053052321,
        3.7566450694575906,
        -0.028950118168722838,
        15.09006301878253,
        -2.360123476071749,
        1.875667835585773,
        2.6285271672531962,
        8.225203759036958,
        0.08192605874501169,
        0.13419554178835824,
        -2.245447770692408,
        -0.08713974407874048,
        3.436013108061161,
        5.131441331410315,
        4.171948102331953,
        -0.6108682560152374,
        2.390218447893858,
        5.084108484443277,
        -1.2858370942994952,
        -2.192158911959268,
        3.754614803183358,
        -2.6106211676087696,
        13.127928345056716,
        3.412536929739872,
        -4.737885847687721,
        2.345245035161497,
        -0.4467724538699258,
        3.928840776963625,
        7.414866536215413,
        12.711470946262125,
        -2.371267372276634,
        4.521347483387217,
        3.7232210527872667,
        19.885199409618508,
        -0.40665416076080874,
        4.075500879902393,
        -2.610262043774128,
        2.8803672553040087,
        4.7468224093317986,
        -0.22725965781137347,
        8.340809388726484,
        -0.47410741908242926,
        13.972657779304427,
        -2.583153208717704,
        10.276454344624653,
        5.977884990192251,
        13.788717076356988,
        5.451458966708742,
        -4.231624510139227,
        28.109818748489488,
        1.1188977964920923,
        -1.3914577161194757,
        13.795783012348693,
        -0.5049484569753986,
        0.8807783303782344,
        -1.7276572221890092,
        0.5673206963692792,
        2.7150197398732416,
        3.928807190153748,
        -1.4612669689231552,
        -1.788747128099203,
        12.766493710892973,
        4.18978976883227,
        23.758058293315116,
        2.4457765973056667,
        -0.2938618026673794,
        12.89369628042914,
        -2.0659646606072783,
        2.5577559685334563,
        3.8144591383752413,
        -0.7699690237641335,
        25.659803406044375,
        4.04156694332778,
        10.156277053523809,
        7.435632129141595,
        1.97236167389201,
        1.9971376402536407,
        -0.4249345225689467,
        66.54191970545799,
        -0.5357123594731092,
        6.85461219472927,
        -2.6132420087233186,
        9.23186231427826,
        6.0854501069989055,
        6.0390042980143335,
        43.957890200807014,
        3.725132394640241,
        35.744859413011,
        11.773680948186666,
        3.677948119759094,
        -0.6888423431664705,
        3.9775514495559037,
        3.8436879424843937,
        5.028190751560032,
        20.382426569296513,
        2.2058946480974555,
        -0.7221159916662145,
        1.9099579518660903,
        3.238695108622778,
        1.3812778685241938,
        40.09638189035468,
        -3.94269131985493,
        12.637321191228693,
        5.097778224066133,
        6.490647328668274,
        35.125208240468055,
        3.1951453221263364,
        -2.209119194652885,
        9.45883783721365,
        57.84739290471771,
        4.706155069347005,
        4.557388778979657,
        7.368851294682827,
        1.1484140666434541,
        8.462745583616197,
        1.0535956211388111,
        13.339916444849223,
        -5.043548710644245,
        1.4820553218014538,
        2.1509134233929217,
        0.059661080449586734,
        -7.440347588388249,
        -3.4938556887209415,
        1.0102090118161868,
        12.10640262416564,
        -5.465503188373987,
        -1.7228999047074467,
        26.534160958137363,
        -5.707393357530236,
        0.5099317114800215,
        18.487532007624395,
        3.9200221620558295,
        1.6589959924458526,
        -4.430851374287158,
        0.37693659705109894,
        -3.301147356047295,
        -1.1666600110474974,
        -5.359061242546886,
        5.657924141094554,
        -1.1852589927148074,
        3.6104708460043184,
        0.05459718708880246,
        7.043458783460665,
        5.274771944212262,
        2.8873529951961245,
        6.163234639912844,
        5.865347604994895,
        9.139093432502705,
        -0.9863175899954513,
        12.904056343191769,
        5.166453389509115,
        2.4416064427350648,
        3.7023633012431674,
        23.864795448462246,
        5.00769001810113,
        -1.5830626093957108,
        26.104625246865908,
        2.580779849202372,
        13.51599519737647,
        2.528404838667484,
        6.751834787428379,
        40.179459662147565,
        -2.684066737536341,
        -2.7016774566145614,
        -3.344229365378851,
        -1.0832177224801853,
        0.23103003622964025,
        49.699812529201154,
        9.745500462129712,
        7.182327003480168,
        24.516929453064222,
        15.977506508206716,
        17.21633530134568,
        1.0305343570071273,
        0.9412755565717816,
        -3.8184942891821265,
        39.71024658862734,
        -0.3282162098912522,
        19.610567550174892,
        4.760501439101063,
        5.595690279791597,
        1.6009604165155906,
        2.952850373345427,
        22.928625121479854,
        -4.803795613348484,
        15.606488484423608,
        0.8134863412706181,
        -4.411648447770858,
        8.370670748408884,
        3.9723058324307203,
        46.12464123027166,
        8.964634174481034,
        12.72241316761938,
        1.8420440631452948,
        2.562359350733459,
        15.992075748014031,
        4.175094877718948,
        3.7894990211352706,
        1.5934539195150137,
        -0.16791495261713862,
        1.4671309928235132,
        2.391475739888847,
        2.6754030490410514,
        0.1698132287710905,
        -1.3166765916976146,
        17.318764737807214,
        1.5928519249428064,
        0.11429894401226193,
        1.1202560495585203,
        -0.9477098374918569,
        -6.462728678481653,
        8.545401603565551,
        1.444903252646327,
        8.471329016829259,
        0.880662533454597,
        -2.426207020005677,
        3.2364946849120315,
        3.6986598260700703,
        35.91287558685872,
        1.4216123637452256,
        -1.5597098553553224,
        -1.8104265220463276,
        0.6054813854862005,
        5.613878430449404,
        -2.2770075917360373,
        0.6972507247119211,
        -5.680761979543604,
        -3.508537265472114,
        4.28834395337617,
        -11.04232337558642,
        53.52422180422582,
