{
    "hyperparameters": {
        "learning_rate": 0.001,
        "discount_factor": 0.99,
        "epsilon": 0.1,
        "gae_lambda": 0.95,
        "value_function_coef": 0.5,
        "num_episodes": 300,
        "num_epochs": 10,
        "batch_size": 64,
        "horizon": 512,
        "entropy_coefficient_init": 0.1,
        "entropy_coefficient_target": 0.01,
        "entropy_coefficient_const": 0.01,
        "entropy_decay_steps": 100000
    },
    "run_configs": {
        "agent": "PPO",
        "environment": "ORIGINAL",
        "entropy_setting": "FIXED",
        "plotting_setting": "REWARDS_AND_TRACK_DISTANCE",
        "zero_brake": false,
        "automatic_restart": false,
        "use_existing_model": "",
        "save_as_onnx_model": false,
        "seed": 2
    },
    "episodes_reward_data": [
        -2.5346957489382476,
        -1.0053420109325089,
        -0.9901090240164194,
        -0.31433103210292757,
        -0.8113988377153873,
        -1.5477596482960507,
        -0.04650382336694747,
        -0.6365984216827201,
        -0.9983384027145803,
        -1.5768154830147978,
        -0.8033839499694295,
        -0.8621838496183045,
        -1.5849956883321283,
        -0.6019403756072279,
        -0.4607601269381121,
        -0.8459445701155346,
        0.5732165146037005,
        -0.5882414296502247,
        -1.1428287045710022,
        -1.1441988060250878,
        -0.442174781113863,
        -0.7476296671520686,
        -0.5710823539411649,
        -1.446503155224491,
        -4.052554925961886,
        -1.3770960009132978,
        -0.24480025013326667,
        -0.47529881360242143,
        -0.606341794358741,
        -0.4213818184507545,
        -1.018161155458074,
        -1.1949881972686853,
        -1.0812237147183623,
        -0.9849598113796674,
        -0.9668848523288034,
        -0.371582422463689,
        -1.5505433980142698,
        -1.4332825787423644,
        -1.0229194082785398,
        0.2727136833127588,
        -0.7061706618696917,
        -0.07619082258315757,
        -0.7385286236531101,
        -2.0692483537713997,
        -0.007075954868923873,
        -1.197293585515581,
        0.7397562557089259,
        -2.5080106601526495,
        -0.2255341650743503,
        -0.3008351565222256,
        -0.43560436338884756,
        -0.13827995961764827,
        -1.758555555366911,
        -1.2807179311930668,
        -4.4694636318599805,
        0.43905987485777587,
        0.12276689831196563,
        -0.4427913333638571,
        -1.114184893638594,
        -1.053001971973572,
        -0.8538627290690783,
        -0.9748517688421998,
        -0.6915213205647888,
        -0.8965631801984273,
        0.024951529048848897,
        -2.489610068325419,
        -0.7327988262404688,
        0.8393393753940472,
        -0.346389657468535,
        -0.5266197837190703,
        -0.3557118964381516,
        -1.3575025502941571,
        -0.48959982694941573,
        -0.7973160573164932,
        2.007700909889536,
        -0.797891411173623,
        -1.1692909391858848,
        -1.6966849113232456,
        -2.5227509213145822,
        -0.023683400184381753,
        -1.1235530321719125,
        -1.4795684964046814,
        -1.4221528003399726,
        -0.7392778594512492,
        -0.30409784030052833,
        -1.0232954140228685,
        -2.1964403188903816,
        -0.9189303855528124,
        -0.16603819631563965,
        -2.2635945488291327,
        -0.7081461320631206,
        1.0820289532202878,
        -1.590899564223946,
        -0.59304990414239,
        -0.6552237871947,
        -0.1692831184482202,
        0.10723801403946709,
        0.45793494768440723,
        -0.826040023326641,
        -0.41676054018898867,
        -1.353350178222172,
        -0.4898217389418278,
        -0.14329276142234448,
        1.366530155239161,
        -0.4248244231857825,
        -0.8332221844757441,
        -1.1210502642352367,
        -1.145459494946408,
        -1.0849101518979296,
        -0.6922871013812255,
        -1.1738581362296827,
        -0.5241746231040452,
        0.9995112341712229,
        -2.23326224849734,
        -0.860245881951414,
        -1.2570487596094608,
        0.12429335678461939,
        -1.3161785854608752,
        -0.7903573436342413,
        -0.8438656786456704,
        -0.18985476101806853,
        2.8030154355365084,
        -0.3173842477845028,
        -0.4747386707167607,
        -0.864921657834202,
        -1.2917883893824182,
        -0.35374981485074386,
        -0.6264401793596335,
        2.0430420647462597,
        -0.24127670025336556,
        1.6873079898723518,
        -0.42630603833822533,
        -0.2932093317504041,
        1.3934060207539005,
        -0.14751399162923917,
        -0.9200585226644762,
        -1.0591099108860362,
        -0.4515958619886078,
        -0.6481810069817584,
        -0.6920856840151828,
        -0.33179144107270986,
        -0.01365613320376724,
        -0.26338963127636816,
        -1.2205004539573565,
        -0.8234577848343179,
        0.5987120881327428,
        -0.8824797773559112,
        -0.506587747411686,
        -2.8450902942568064,
        -0.7064105635508895,
        -0.20834632532205433,
        -0.3845157045434462,
        -0.8055621224048082,
        -0.09017292763746809,
        -0.815609717334155,
        0.9143558167779702,
        -0.8806127046700567,
        0.621302754188946,
        -0.516855801717611,
        -0.8134692326420918,
        -0.24117256319732405,
        1.8396635214448906,
        1.0534206634620205,
        -0.8238680416543502,
        -0.6833307155175135,
        0.41801504328032024,
        -0.8682049874478253,
        -1.019907203008188,
        -1.2522432153054979,
        1.1230239663564134,
        2.80264173343312,
        0.08504905048175715,
        -1.6207131297560409,
        -0.3597485953941941,
        -1.014315131418698,
        -1.2787756139878184,
        -0.575634102220647,
        -1.0285267073777504,
        -1.3492653150751721,
        -0.9444000057410449,
        -0.49947935371892527,
        0.8631664670465398,
        0.44515225727809593,
        -0.9500282523804344,
        0.5893964551796671,
        2.10330620095192,
        -0.5073205887456425,
        -0.9499540952383541,
        -0.8108156230300665,
        0.35552891236147843,
        -0.7433899004245177,
        0.668508468195796,
        -0.33598129119491205,
        1.3455024882496218,
        -1.3374847822124138,
        1.2875015745376004,
        -0.935371038824087,
        -0.9440799185249489,
        -0.7142672120535281,
        -0.9889043454895727,
        5.25121235352708,
        0.14565304017742164,
        -0.41767090058419853,
        -0.21053788618883118,
        -0.9262618921784451,
        -0.6825250435213093,
        -0.5358165221114177,
        -0.5854060108831618,
        -0.4759787268994842,
        -1.088922691415064,
        2.483969754699501,
        -0.4935633757850155,
        -1.146283738722559,
        -0.013372963629080914,
        -0.3563090118695982,
        -1.7451142729842104,
        0.314597220858559,
        -0.0878313734792755,
        -0.30612484604353085,
        1.1006930093863048,
        0.7897735220685718,
        0.3638086285209283,
        -0.7294974680989981,
        -1.2397853223228594,
        -0.5249295784160495,
        3.1127255429892102,
        -0.26006526229321025,
        0.2623080021585338,
        -1.6311768167070113,
        -0.9576704457576852,
        0.25408943265210837,
        -0.6671132163610309,
        0.6247482004982885,
        -0.8036892019445077,
        -0.8596041572454851,
        -0.22327764100919012,
        -0.2404487952007912,
        0.8394863724824972,
        -0.6744417062800494,
        -0.737234452739358,
        0.14541067443497013,
        -0.2950441954599228,
        -0.9266478035715409,
        0.5919730732857715,
        -0.25338984244444873,
        0.794322666246444,
        -0.4545841830185964,
        -0.6757359015464317,
        0.4943717385758646,
