{
    "hyperparameters": {
        "learning_rate": 0.0003,
        "discount_factor": 0.99,
        "epsilon": 0.1,
        "gae_lambda": 0.95,
        "value_function_coef": 0.5,
        "num_episodes": 300,
        "num_epochs": 10,
        "batch_size": 64,
        "horizon": 512,
        "entropy_coefficient_init": 0.1,
        "entropy_coefficient_target": 0.01,
        "entropy_coefficient_const": 0.01,
        "entropy_decay_steps": 100000
    },
    "run_configs": {
        "agent": "PPOBETA",
        "environment": "CURVES",
        "entropy_setting": "FIXED",
        "plotting_setting": "REWARDS_AND_TRACK_DISTANCE",
        "zero_brake": false,
        "automatic_restart": false,
        "use_existing_model": "",
        "save_as_onnx_model": false,
        "seed": 2
    },
    "episodes_reward_data": [
        -7.07580136496108,
        -7.534544281603303,
        -7.242110130871879,
        -3.5922624952800106,
        -0.450429284828715,
        -5.383785005717073,
        -4.127463800716214,
        -8.051146627753042,
        -1.4339054665761068,
        1.0900978881400079,
        -0.333870233152993,
        0.5497076626925264,
        0.07484708697302267,
        -1.4779161468613893,
        0.19683100411202759,
        2.697134352987632,
        0.6364175976486877,
        -0.8940756324736867,
        -0.594546235690359,
        1.7725600949779619,
        0.5806108187534846,
        -1.535599044058472,
        0.7487962573068216,
        3.171036777261179,
        1.1086313252453692,
        3.5111203871201724,
        -1.2431431643199176,
        -1.6413994582253508,
        -1.460118242597673,
        0.1624449766241014,
        -0.3991182886820752,
        -1.7744013883639127,
        -0.4641607687808573,
        -0.5612719539785758,
        -1.4699236828600988,
        -1.3683862705947831,
        -1.178241019428242,
        1.4579316637828015,
        -1.25817568457569,
        6.4774725554161705,
        0.10478429531212896,
        -1.7250922108069062,
        1.1294001025380567,
        -0.593732975423336,
        0.5162321173993405,
        -2.198925847420469,
        -0.3968194863409735,
        -1.7759128945763223,
        -2.1899512301024515,
        0.4723784683737904,
        -0.07129811705090106,
        1.476778735901462,
        -1.5755676068365574,
        -0.7019055857381318,
        2.255460348678753,
        1.7835148153826594,
        1.004239369154675,
        -1.399140402674675,
        0.7280237402883358,
        1.3889006838435307,
        3.924503034329973,
        -0.42434881249209866,
        0.19915976806078106,
        2.9067663436289877,
        1.3905959836265538,
        -0.007677760790102184,
        3.8643978280597366,
        1.6199055577453692,
        -0.8674577909114305,
        1.3879093366558664,
        0.3728722356609069,
        1.6443962134071626,
        0.4417406949796714,
        0.6492692809260916,
        2.235620648949407,
        -0.10053688610787503,
        -0.09293412949773483,
        -1.8020723879453726,
        0.3197887412388809,
        0.8719654784654267,
        -2.8149286434345413,
        0.7772172067489009,
        1.0023703278857283,
        3.783040126087144,
        -0.5473468158161268,
        -1.0727664857258787,
        0.5016737540718168,
        0.8782039487850852,
        1.9578093641903251,
        1.3662210607435554,
        0.3562314527807757,
        -0.42878370761172846,
        1.9803754330205265,
        0.052365126204676926,
        1.292951374547556,
        2.226450394053245,
        0.20906423090491444,
        1.2450213726842776,
        -0.8241682150401175,
        2.4308177367784083,
        0.5176516651408747,
        1.0243583042756654,
        2.4139233054593205,
        -0.14023897843435407,
        0.4037399744265713,
        1.3010932425386272,
        -1.3904803655168507,
        1.3853232154506259,
        1.4107653259998187,
        1.8538484630989842,
        -0.23399675858672708,
        1.5465424282010645,
        2.4532858156599104,
        2.0282555329613388,
        0.710499671055004,
        0.08668396767461672,
        -0.8271363315579947,
        1.3304110627504997,
        -0.0796215939335525,
        1.48835086094914,
        0.6164769122842699,
        -0.9595060881983954,
        -0.21879804733907804,
        1.3816712643019855,
        -0.09793361427728087,
        0.3473890838504303,
        -1.3066011209302815,
        -0.6099614087142982,
        -2.1422054743452463,
        -0.21019556664396077,
        0.042705948872026056,
        1.8032261649204884,
        1.5672144271084107,
        0.635605263436446,
        1.335841088613961,
        4.024606185674202,
        1.7982887352409307,
        -1.8645683001668658,
        0.1288408952532336,
        -0.9941395254572853,
        1.5768006091821007,
        1.6659497903310694,
        -0.3265345215331763,
        1.4023328774201218,
        -1.3493186438572593,
        1.187104540731525,
        0.03982215406722389,
        0.8835274066659622,
        0.34905294713098556,
        -1.4026744126458652,
        1.672544110682793,
        1.1974615532089956,
        0.21897073078434914,
        -0.8307248768396676,
        1.5674116159498226,
        -0.7900959904363845,
        0.8224234365625307,
        -0.7977032904746011,
        -1.3124803203390911,
        1.4127415132825263,
        -1.3825074595515616,
        1.6888133109605405,
        3.6619691213418264,
        -0.5492567422334105,
        1.3136700751201715,
        3.557467502716463,
        4.267541524488479,
        1.4096575593575835,
        -0.6838625452364795,
        0.6781902291986626,
        2.4243842612195294,
        0.6261829563300125,
        -1.1218346598616336,
        0.6898669677902944,
        -0.3363224209169857,
        -0.6223567006236408,
        1.2808939203387126,
        0.9762668099137954,
        -0.2645203743886668,
        -0.5260776348877698,
        3.713074880390195,
        2.9859733836492524,
        3.4325202263426036,
        -1.2490772471646778,
        1.2244659264106303,
        4.272475893012597,
        2.1180684361606836,
        0.9473489214433357,
        -0.9115805363981053,
        3.0474064796580933,
        1.6427211816771887,
        3.880185875634197,
        3.2119035756913945,
        -1.7039181232103147,
        0.8641881664807443,
        -0.08546257682610303,
        4.759445811039768,
        -0.728605394018814,
        0.2611874137073755,
        1.1203400188824162,
        3.924260632309597,
        -0.5887119508115575,
        1.8187035787268542,
        5.682671561749885,
        4.882053775188979,
        0.973942318756599,
        2.2332729749032296,
        8.878251107671531,
        8.83315158484038,
        -0.12691484042443335,
        3.917906319431495,
        2.6491219074232504,
        0.11588451254647225,
        2.542911054508295,
        4.167308443575166,
        3.471373843436595,
        9.833678738054004,
        4.213280514930375,
        -1.2584992210031487,
        0.4992115797358565,
        0.020511148366495036,
        5.575118221182493,
        10.250348808796844,
        1.1576544558047317,
        2.7785231110465247,
        5.053689486259827,
        8.967224308289587,
        -1.7712405493948609,
        -1.591120837489143,
        8.324659115023678,
        9.076505424134666,
        0.5469724009744823,
        16.371569736482343,
        2.2643563189485576,
        0.26592990185599774,
        12.64148977662262,
        -2.96823655202752,
        4.724953433527844,
        2.367687858233694,
        -0.7531062826164998,
        3.100640940188896,
        3.2040610874828417,
        2.0673049636243377,
        1.5399847822263837,
        1.2119483537389897,
        6.721896164977807,
        5.564637114002835,
        3.063743616337888,
        2.906278449110687,
        -1.3936279799090698,
        6.842247264285106,
        6.495522042110679,
        3.0053407052182592,
        0.989491359970998,
