{
    "hyperparameters": {
        "learning_rate": 0.001,
        "discount_factor": 0.99,
        "epsilon": 0.1,
        "gae_lambda": 0.95,
        "value_function_coef": 0.5,
        "num_episodes": 300,
        "num_epochs": 10,
        "batch_size": 64,
        "horizon": 2048,
        "entropy_coefficient_init": 0.1,
        "entropy_coefficient_target": 0.01,
        "entropy_coefficient_const": 0.01,
        "entropy_decay_steps": 100000
    },
    "run_configs": {
        "agent": "PPO",
        "environment": "ORIGINAL",
        "entropy_setting": "FIXED",
        "plotting_setting": "REWARDS_AND_TRACK_DISTANCE",
        "zero_brake": false,
        "automatic_restart": false,
        "use_existing_model": "",
        "save_as_onnx_model": false,
        "seed": 123
    },
    "episodes_reward_data": [
        -3.28505735725048,
        -7.4948877309507225,
        -0.14123692724388093,
        -6.13309076736914,
        -2.9254966266453266,
        -0.21217207658628467,
        -6.72274959256174,
        -9.938930081319995,
        0.9646302877226844,
        -5.073847686348017,
        -6.155724560085218,
        -14.414854042464867,
        -6.577209848990606,
        -6.7349566625998705,
        -8.750654921022942,
        -0.46812543709529564,
        -4.369160233036382,
        -9.930948615656234,
        -1.8955361206608359,
        -0.16961723548593,
        -3.5048073577927426,
        -1.7632055489375489,
        -1.846828484267462,
        -7.490441908041248,
        -3.0580967203131877,
        -0.11495796462986618,
        -0.6620252680731937,
        -2.4755557052703807,
        -3.516418781975517,
        -3.218093943432905,
        -1.1627888001530664,
        -6.747495984469424,
        -2.345396209799219,
        -6.809455529670231,
        -4.9985951944836415,
        1.4773306557908654,
        2.9701898097846424,
        -1.489092324860394,
        -4.825747294467874,
        5.837878549617017,
        3.1312987268611323,
        0.9627488111727871,
        0.7006742069643224,
        2.22168593731476,
        0.6404174089548178,
        0.12522769114002585,
        -1.6247435815748759,
        2.1004198933951557,
        -0.40129148295091,
        -3.240511357667856,
        -1.3387390600400977,
        -2.217508736241143,
        -1.6088136091129854,
        0.40006019785505487,
        -1.920505964430049,
        0.397474865661934,
        -0.44878207973670214,
        2.0646608547249343,
        5.361070124126854,
        3.520922534808051,
        1.0089150445710402,
        -0.8569523658952676,
        -2.4205171442736173,
        -0.4464997598879563,
        -0.13739013801387046,
        5.529762837308226,
        -0.2177923209965229,
        -4.336560367199127,
        -0.03420812461990863,
        -2.9397315991518553,
        -2.9374997307313606,
        -2.0911354266572744,
        0.7654128122521797,
        8.883990087895654,
        -0.4337362500373274,
        6.311037237959681,
        0.9850951755361166,
        -1.3240863279934274,
        0.5442629414610565,
        1.877107849359163,
        0.9250524656963535,
        1.25011184005416,
        1.3226075383718126,
        0.7803843734727707,
        2.3860322471373365,
        11.54100647685118,
        6.307193694068701,
        -0.9012155528180301,
        0.2296647992625367,
        3.4896293775818776,
        -1.4581180741661228,
        0.21371166114113294,
        2.2708769053133437,
        3.018838401942048,
        -0.10257598242606036,
        8.361540019410313,
        22.78514911979437,
        11.794680939114187,
        16.453262445749715,
        0.23586503247497603,
        15.301527610805351,
        -3.715102447895333,
        5.892464329634095,
        7.139876620727591,
        10.7771811857383,
        0.8778438862063922,
        0.775907774514053,
        24.674143358017318,
        17.310394469299354,
        9.331876148280571,
        12.684577418433037,
        19.160440190229565,
        8.907301633473253,
        9.632546034874395,
        1.111775369834504,
        7.978475086478284,
        13.156819392686884,
        7.348322375270072,
        22.46014737949008,
        4.252764196047792,
        3.027397883532103,
        43.71990705849021,
        3.535362947965041,
        22.15309706161497,
        1.4780597563658375,
        0.3015364321618108,
        14.416484139481327,
        24.335164008080028,
        9.317183899431257,
        13.829326606733957,
        12.266979501437163,
        12.033852995402412,
        29.423864053969737,
        8.500902615880477,
        26.626111999357818,
        1.9078440469747875,
        24.81274536915589,
        14.38394006388262,
        11.135999299178366,
        34.261470022582216,
        -0.9379800382885151,
        18.064930678810924,
        18.06343165016733,
        18.22891179425642,
        14.316283003543504,
        28.857138748222496,
        28.260039238462923,
        103.81633465258346,
        33.655507383227814,
        13.453095560063957,
        67.35959438720602,
        139.75811729507404,
        29.57918006880209,
        19.332746563421097,
        37.834591171500506,
        -0.6975096740570734,
        8.09176543627109,
        9.082305770280072,
        90.77357587387087,
        115.90188900512294,
        73.65828081354266,
        47.26349336717976,
        20.04909097525524,
        14.464194609667175,
        96.82319108147203,
        87.47370447940193,
        50.41847627151583,
        2.10992959944997,
        100.59331492675119,
        34.99182503655902,
        19.98400940076681,
        7.518681230489165,
        69.48502485713107,
        58.317961185166496,
        95.10151377329021,
        68.32431064813863,
        33.47376677452121,
        25.74414119915309,
        37.66610436706105,
        173.68828844898962,
        5.581610875495244,
        89.094507877453,
        177.5695652057475,
        178.2531154708995,
        202.14866986556444,
        45.799645161489025,
        80.12560206381022,
        83.96035264607053,
        10.859010534433764,
        181.96942241721263,
        30.787351097460487,
        189.09269855433377,
        190.83678553358186,
        172.88359368535748,
        200.22564317465003,
        202.5667836095381,
        196.482569376647,
        197.0902039698558,
        206.42680856611696,
        11.919875668856548,
        199.88288613735494,
        204.2744352579175,
        90.49086897957022,
        200.76633878640132,
        210.1957487059408,
        206.74020371260121,
        218.96624540910125,
        92.71139363502152,
        3.2641040143425926,
        21.247151577787008,
        187.51709068662603,
        77.54263574560173,
        225.55680427502375,
        15.144892251613783,
        218.41817478631856,
        178.27309883601265,
        137.78762793465285,
        231.61057238531066,
        198.57177120813867,
        196.63895184872672,
        11.356346454675077,
        236.81663396969088,
        228.40542568525416,
        226.34080199812888,
        38.32436989288544,
        177.6695956683252,
        137.30857267229294,
        130.56070082142833,
        229.73252106871223,
        227.17058912056382,
        24.148387998619,
        223.01103574277658,
        225.06944801015197,
        126.78558978877845,
        220.48165133729344,
        220.04709954879945,
        201.42440158053068,
        217.4382455258019,
        217.77120236254996,
        223.2301743581047,
        217.00164842308732,
        221.5521278794622,
        215.7527910375502,
        82.02264050071244,
        220.90564756259846,
        190.25422179704765,
        225.6766558570962,
        96.22905809308577,
        226.56922140409006,
        219.65236936320434,
        211.3926899622311,
        105.22355838264048,
        229.78602958055853,
        225.10967885467107,
        172.4273078568658,
        224.47000243910588,
        226.8688887614553,
        228.50478485887288,
