{
    "hyperparameters": {
        "learning_rate": 0.001,
        "discount_factor": 0.99,
        "epsilon": 0.1,
        "gae_lambda": 0.95,
        "value_function_coef": 0.5,
        "num_episodes": 300,
        "num_epochs": 10,
        "batch_size": 64,
        "horizon": 512,
        "entropy_coefficient_init": 0.1,
        "entropy_coefficient_target": 0.01,
        "entropy_coefficient_const": 0.01,
        "entropy_decay_steps": 100000
    },
    "run_configs": {
        "agent": "PPO",
        "environment": "ORIGINAL",
        "entropy_setting": "SCHEDULED",
        "plotting_setting": "REWARDS_AND_TRACK_DISTANCE",
        "zero_brake": false,
        "automatic_restart": false,
        "use_existing_model": "",
        "save_as_onnx_model": false,
        "seed": 3
    },
    "episodes_reward_data": [
        -1.070902889361605,
        -2.0135538701870246,
        -4.34986697617569,
        -4.582449116744101,
        -3.3245592417370062,
        -5.1264176995900925,
        6.412025424506282,
        0.30982438087812625,
        -4.357288147701183,
        -0.9352842288790271,
        -0.07905688998289406,
        -2.5995524494355777,
        -1.7183658597350586,
        0.5920062989171129,
        -0.5626109840450226,
        2.9903886203828733,
        -2.0948914349719416,
        4.900557145527273,
        1.4641802711994387,
        -2.0965866030892357,
        2.5695480122813024,
        -1.7942594423075207,
        -0.7405929321685107,
        2.426134489418473,
        -1.5471087226469535,
        1.6707460218603956,
        33.31903554947348,
        -0.707230810119654,
        -0.7872421747888438,
        7.49920162523631,
        7.072235311003169,
        7.679143975197803,
        5.394934305222705,
        10.598143357950903,
        6.612861339875963,
        -1.03503797682788,
        6.164743664849084,
        5.229636489370023,
        1.361992032834678,
        35.32032580720261,
        33.08615058893338,
        11.455858164350502,
        10.795457962849468,
        -3.020852913003182,
        2.231054399802815,
        3.5976427996502025,
        2.982685596565716,
        3.688577568245819,
        6.735833367980376,
        21.13247627526289,
        4.506362094834913,
        20.559476060778252,
        55.858576337224804,
        4.864851932739839,
        4.893285913363798,
        40.84646358489408,
        2.8240249934315216,
        48.462948325512116,
        15.62447253166465,
        3.956852456612978,
        19.21195132948924,
        3.7622703854722204,
        16.481740842806175,
        13.904790493950713,
        29.287278492905898,
        40.163381467231375,
        31.103215042327065,
        3.1677162788109854,
        18.931011251814198,
        13.028733275015838,
        31.508500247553457,
        77.71863233379554,
        33.240390574457706,
        89.93799572842545,
        7.329588178516133,
        23.203616238723043,
        84.8515267513867,
        22.78255432660808,
        76.3177512838447,
        66.82732587284409,
        106.18995755133801,
        9.761499056068715,
        96.08094754820922,
        17.529992735304404,
        1.655306641914649,
        57.02619944153412,
        19.38370419529383,
        26.678844791385927,
        141.67245374164486,
        20.111868159117876,
        98.29692713572877,
        132.23957861197414,
        141.43852575775236,
        50.66537975250685,
        110.8511890675436,
        71.62438786526036,
        23.905758423148654,
        22.422001783546875,
        86.06093713715381,
        8.591121757694054,
        24.59955221430573,
        4.099905257753562,
        6.266972714627627,
        19.470566579213482,
        15.527479721175041,
        6.8848916291608475,
        119.82727833796525,
        37.161391424713656,
        97.30712475531618,
        130.6310793129378,
        58.294186846906086,
        43.76469620881835,
        140.30069368705153,
        1.7060393568972358,
        143.81257278069825,
        47.199140401469776,
        142.96183220448438,
        147.95193168488913,
        109.29260311080725,
        56.33082056470448,
        34.8031718772545,
        19.085034096584423,
        66.92524796142243,
        36.27550410341064,
        86.59674507754971,
        40.89068247593241,
        38.58746922435239,
        79.79874677828047,
        61.48865042740363,
        20.588876572495792,
        30.492007641179953,
        19.908207523956662,
        103.04653673357097,
        62.191997235961026,
        62.53166173433419,
        14.64863648120081,
        37.113755788392154,
        36.10606513962557,
        18.039478455437347,
        71.49239487285377,
        57.47515000682324,
        162.95007122884272,
        79.58776698069414,
        68.8267364751373,
        20.0958626352367,
        29.8061299349647,
        93.49069685969152,
        117.06299313693307,
        15.353977138292976,
        152.0062564604159,
        160.1416549429996,
        140.64439857858815,
        129.33569468319183,
        68.9618063227972,
        99.28807996481191,
        157.41891767358175,
        30.906911160243908,
        54.51087987452047,
        86.02542164744227,
        26.633124470652547,
        0.7690317811793648,
        9.32511076956871,
        101.21700037753908,
        45.80275254577282,
        94.13657660485478,
        120.66798612024286,
        2.710222531342879,
        32.43196623578842,
        138.44246874866076,
        161.51639235473704,
        149.35574891080614,
        148.1560839764279,
        119.31239531937172,
        14.218400865152944,
        46.50564667877916,
        156.24127132917056,
        116.39700721444387,
        4.1621064530918375,
        150.19096655855537,
        161.18417319041328,
        85.00480203730694,
        151.29699177492876,
        146.29546006824967,
        105.6631598045351,
        124.19461325096199,
        146.48714168628794,
        140.76162440507323,
        46.059369640104705,
        76.3442656158295,
        150.17542224893987,
        131.4159649858484,
        61.47705358680105,
        136.40556166367605,
        168.71590222285886,
        117.26059201626049,
        128.61048051860416,
        144.68641588033643,
        142.47045340426848,
        157.36703017519903,
        151.43192214574083,
        135.9781960467226,
        148.24360419856384,
        115.9682761549775,
        163.92974493742804,
        148.05067851257627,
        163.71413304418093,
        164.25624838436488,
        173.97231094248127,
        136.50447751831962,
        176.72097592883802,
        163.68064644531114,
        31.527906691117096,
        180.04084772078204,
        126.75950555928284,
        184.95390142221004,
        188.81976793386275,
        186.4977344579238,
        200.08039935793204,
        162.39130702480907,
        60.996824897723855,
        74.98262511071516,
        132.94931654876564,
        65.81004545252654,
        206.13087131154316,
        8.230963373323902,
        53.81884247844573,
        54.227659705866245,
        39.68128403039009,
        12.49946043943055,
        183.869397368544,
        56.27409851830453,
        193.0736194341007,
        76.18922485614894,
        211.7473911997513,
        163.25062626623549,
        207.61924365823506,
        202.8651602715836,
        180.20339696109295,
        104.44903817831073,
        211.22553811813123,
        10.095016411141842,
        42.43503541703103,
        23.03786228116951,
        200.79705355587066,
        207.03774103036267,
        87.2804637124791,
        144.72829733535764,
        207.41468450429966,
        200.00206024255021,
        194.94975532661192,
        19.819223579135723,
        94.77545027970336,
        163.08013956375362,
        85.98829160799505,
        205.17303995729162,
        207.57964335283032,
        204.46878785960143,
        98.55130974194617,
        216.0790862806316,
        205.70043161313515,
