{
    "hyperparameters": {
        "learning_rate": 0.0003,
        "discount_factor": 0.99,
        "epsilon": 0.1,
        "gae_lambda": 0.95,
        "value_function_coef": 0.5,
        "num_episodes": 300,
        "num_epochs": 10,
        "batch_size": 64,
        "horizon": 512,
        "entropy_coefficient_init": 0.1,
        "entropy_coefficient_target": 0.01,
        "entropy_coefficient_const": 0.01,
        "entropy_decay_steps": 100000
    },
    "run_configs": {
        "agent": "PPOBETA",
        "environment": "ADVANCED",
        "entropy_setting": "FIXED",
        "plotting_setting": "REWARDS_AND_TRACK_DISTANCE",
        "zero_brake": false,
        "automatic_restart": false,
        "use_existing_model": "20230710_145000.274_model",
        "save_as_onnx_model": false,
        "seed": 2
    },
    "episodes_reward_data": [
        -1.9572649826295674,
        4.624770186812384,
        21.57359531580005,
        12.504396614385769,
        8.332923121750355,
        14.624189541951637,
        1.391135677229613,
        54.6153602580016,
        27.778399762697518,
        34.60113481833832,
        43.46648504800396,
        32.69465145812137,
        11.270255804047338,
        33.45699306606548,
        3.0068269079347374,
        29.342122949135955,
        3.9439785561553435,
        16.308471628988627,
        34.21118654005113,
        6.17200574769231,
        76.39446580488584,
        40.65210946183652,
        32.15869821049273,
        39.652253162523266,
        17.026336890936363,
        3.723141912560095,
        3.4558998959255405,
        39.71313010354061,
        36.36194324574899,
        16.61865610984387,
        17.43864493269939,
        56.70584676013095,
        13.364297488777083,
        3.482246411120286,
        3.4873867569258437,
        12.212881208208273,
        81.25767261110013,
        27.577649363753153,
        28.86630236534984,
        33.17746857923339,
        34.97411491931416,
        2.701519626629306,
        2.6704692107159644,
        17.349546410201583,
        40.84013206808595,
        32.43733490962768,
        42.96759599103825,
        17.066446850032662,
        12.73301201686263,
        39.915824109339155,
        37.53854458592832,
        4.356317232421134,
        17.14312642457662,
        4.666190735937562,
        75.2296051508165,
        24.24376475252211,
        3.623483915536781,
        39.99663751857588,
        37.88668364461046,
        83.58688156856806,
        46.90749182223226,
        42.37758057197789,
        108.23103291550069,
        33.6068422337994,
        83.38428736344213,
        31.91110353334807,
        80.94632725829433,
        106.10605963182752,
        17.46365643714671,
        45.462656695075566,
        86.18458446519799,
        5.527972916679573,
        61.430587408161955,
        98.48034903280495,
        97.66991905734176,
        6.51285950106103,
        -0.053521277382969856,
        33.128402434289455,
        48.140466280281544,
        90.21854875754798,
        82.48541988363286,
        16.17768036731286,
        3.3572379321267363,
        146.17672222171677,
        72.75348261743784,
        21.958641621051356,
        92.47978087427327,
        4.205792925538844,
        -0.19685638882219791,
        91.83673227028339,
        42.25755840088823,
        167.14548517012736,
        72.08480280049844,
        174.09384954051347,
        0.11292155645787716,
        169.15355719902436,
        16.025639526546,
        24.347202816512436,
        45.600601584650576,
        50.54628080400289,
        136.6715899987612,
        25.256380351202097,
        200.88975524905254,
        187.17984901856107,
        74.62038812134415,
        89.46046744551859,
        57.04387432456133,
        47.078512568958104,
        27.22921024914831,
        13.89748687366955,
        200.76212859517545,
        14.755548096523853,
        82.16843157703988,
        96.55561130715068,
        15.960008973779622,
        98.50417058213498,
        174.10848533413082,
        86.40994344353385,
        64.76372626271768,
        14.718146230501588,
        121.80446827135165,
        17.154677163693123,
        108.75515685614664,
        95.04745585238561,
        193.24136242386885,
        173.47749772085808,
        181.55425355795887,
        162.63555509893922,
        191.9340869289008,
        88.29837272834266,
        80.567959873355,
        40.066708294674754,
        191.43014039489208,
        203.26028492546175,
        204.5828794798581,
        0.09958132170140743,
        180.7940636097046,
        197.27606095085503,
        183.10552832082612,
        82.02615012880415,
        181.79405222446076,
        156.01029410480987,
        79.71735090625589,
        76.06703734069015,
        155.0112354141893,
        68.91946673845814,
        82.89286154287402,
        50.54275190891349,
        18.37710914449417,
        149.18636886926834,
        17.775118059653323,
        79.66042750613997,
        171.32726350415032,
        181.9067567603779,
        144.07738669682294,
        47.72032559645595,
        118.27809481974691,
        27.941832968906965,
        187.123470045859,
        66.59120502203587,
        181.83194384347007,
        72.11130920976575,
        20.36584946140647,
        103.77965644307551,
        87.93655786228192,
        38.878689527278766,
        17.32065154092561,
        112.92901107273065,
        82.91483173095912,
        173.06837654157425,
        175.1215730101685,
        46.63134612736758,
        82.86902589778765,
        159.6047276850295,
        11.575155803817324,
        65.89387149945833,
        69.25543929456035,
        17.92540843365714,
        182.21883652065299,
        91.71808828317444,
        150.98623354081064,
        176.77154425083427,
        -0.046901848167181015,
        114.7565468652756,
        82.48162952867278,
        0.2330554872751236,
        0.05796548165380955,
        192.5396608384326,
        54.32877053739503,
        188.59082842813223,
        0.05099178105592728,
        42.40150686260313,
        83.55498833232559,
        53.66007348540006,
        186.79551826983516,
        28.07837363908766,
        202.93805358867394,
        33.27638345211744,
        146.34488780837273,
        140.0684209979663,
        163.83849326864583,
        198.6678363205865,
        40.604402858502,
        198.68387927027652,
        189.77999112565885,
        52.9776324245322,
        208.70193159836344,
        200.4308359680581,
        133.79099213896552,
        38.00376858789241,
        197.5952676240704,
        190.41962676495314,
        35.469239911064506,
        213.29696570616215,
        53.36482942296425,
        14.898943309381139,
        9.820778614666779,
        130.0142995827482,
        80.04292543788324,
        40.53474368725438,
        203.9858945388114,
        199.8611612580571,
        195.89257680840092,
        64.43912508398353,
        199.0081994594584,
        -0.03567730076611042,
        215.78670704380784,
        197.74639318604022,
        -0.16624257154762745,
        76.70298059136258,
        177.4529130803421,
        101.22604013574892,
        115.22570130880922,
        203.58741824678145,
        17.403329233144177,
        16.32205907133175,
        0.21940203942358494,
        44.629169739288045,
        0.31065498292446136,
        198.8905560975545,
        0.005218252539634705,
        -0.08188999444246292,
        209.99811139960366,
        14.78427833126625,
        69.81261907993758,
        0.22787761501967907,
        199.04976971299038,
        52.15265499652014,
        74.82542984947213,
        -0.19819617085158825,
        194.71774791926146,
        127.21120771113783,
        -0.12504315190017223,
        155.02480043174,
        179.39432235003915,
        64.15414746815077,
        206.97817034012405,
        182.7136965613463,
        72.47537678854133,
