{
    "hyperparameters": {
        "learning_rate": 0.0003,
        "discount_factor": 0.99,
        "epsilon": 0.1,
        "gae_lambda": 0.95,
        "value_function_coef": 0.5,
        "num_episodes": 300,
        "num_epochs": 10,
        "batch_size": 64,
        "horizon": 512,
        "entropy_coefficient_init": 0.1,
        "entropy_coefficient_target": 0.01,
        "entropy_coefficient_const": 0.01,
        "entropy_decay_steps": 100000
    },
    "run_configs": {
        "agent": "PPOBETA",
        "environment": "MIDDLE",
        "entropy_setting": "FIXED",
        "plotting_setting": "REWARDS_AND_TRACK_DISTANCE",
        "zero_brake": false,
        "automatic_restart": false,
        "use_existing_model": "20230711_005151.004_model",
        "save_as_onnx_model": false,
        "seed": 5
    },
    "episodes_reward_data": [
        -1.3690026537515223,
        6.380996884021442,
        2.724262730393093,
        0.7025343710556626,
        7.955390390648972,
        1.1406068783253431,
        31.516523788508493,
        -2.2855283965182025,
        12.540448015730362,
        37.421474197588395,
        5.96153016272001,
        3.772533966373885,
        2.9565236885100603,
        0.010153110924875364,
        5.160911180078983,
        0.4866856560111046,
        1.3748794264683966,
        2.408550110878423,
        -2.3780350210145116,
        1.671661906701047,
        8.549009415277396,
        -1.2417223970405757,
        2.159271750919288,
        -1.0745353761594743,
        0.48287340920069255,
        0.5559295103885233,
        6.014744479223737,
        -1.6142990018706769,
        0.8444222137331963,
        3.0052328177844174,
        29.75918311747955,
        -1.4569269232451916,
        1.3118230468244292,
        10.99755651660962,
        1.863216855796054,
        -0.9558251943089999,
        16.532619616773445,
        0.5156518639996648,
        11.842049891798524,
        12.835211366473231,
        5.26154395006597,
        -1.400547016877681,
        31.958346588828135,
        2.256142938218545,
        33.77961119974498,
        6.3693074595648795,
        0.39896371972281486,
        13.897131518926471,
        0.7330187819898129,
        -0.2749051170249004,
        24.066560999315698,
        4.568498615932185,
        1.1041519128484651,
        12.375516046653502,
        5.071125682850834,
        19.702803489053622,
        20.770240734389517,
        7.405647719278932,
        -1.924778371118009,
        8.1635576733388,
        6.230072357269819,
        0.06734386371681467,
        11.837521711364388,
        4.022029699553968,
        4.1038640731421765,
        7.738660487346351,
        -0.43325006478698924,
        -3.4847839276189916,
        -0.5036083630402572,
        1.6829512910917401,
        4.839241280977149,
        2.7697742185846437,
        -0.43615253453026526,
        20.066605513507966,
        15.520858660747763,
        15.079955833905842,
        27.425890283979243,
        12.321678206790239,
        4.492149774479913,
        4.194433593365829,
        8.928636001888663,
        4.258874342980562,
        3.2386905212770216,
        10.516213867551414,
        -1.7996638026088476,
        3.466155362635618,
        -1.5685922059928998,
        -5.4795700600370765,
        4.693776755128056,
        10.818584367108997,
        -4.457267859950662,
        10.69350816681981,
        7.688147174601909,
        18.274631625972688,
        -5.9159338974859565,
        0.6541747493902221,
        1.5073631315608509,
        6.163466636382509,
        1.0445519713684916,
        -0.14919213234679773,
        -2.9127964760991745,
        5.030204081907868,
        -0.40607325616292655,
        24.088070483179763,
        1.205155984556768,
        3.8121405654237606,
        5.399908643972594,
        3.877573160454631,
        0.9345891452394426,
        59.29306801533676,
        3.496352173460764,
        0.8827169563737698,
        -0.33194716641446576,
        0.648215458728373,
        17.97517402342055,
        1.241632482415298,
        7.0917592940386385,
        4.829196714417776,
        3.6819977917475626,
        -6.119156708009541,
        3.7259503171080723,
        8.030703117663506,
        16.979358059586957,
        2.2422511978656985,
        0.07845796487526968,
        6.414461879059672,
        -0.05394724363577552,
        0.23229891300434247,
        -2.7881542681716383,
        13.549336470256094,
        2.9848414647276513,
        0.6170071332307998,
        18.216951963695465,
        1.5503160629887134,
        -0.8537465445697308,
        1.9804989835247397,
        -1.166619281284511,
        10.237593512050807,
        1.121166440716479,
        -0.11536454316228628,
        1.9170133304432966,
        1.638218017295003,
        0.39957672875607386,
        -4.178620136342943,
        3.0770631253835745,
        0.32003306195838377,
        11.261534474862856,
        6.343781914925785,
        2.601230405503884,
        3.7265368585358374,
        0.11732329777441919,
        -0.3743420737737324,
        -0.7455904472444672,
        15.325614333851263,
        -3.8025154678034596,
        -1.0273502364871092,
        2.052481315971818,
        3.983526682422962,
        -3.087166668905411,
        34.04360886057839,
        -6.793059554416686,
        2.046528263716027,
        -1.5871110620792024,
        -9.366966374916956,
        -2.7868857803114224,
        28.66428191662999,
        7.387982305692276,
        4.886531165335327,
        8.77232853663736,
        9.035252497997135,
        9.825245862826705,
        3.9979801212321036,
        4.697516817424912,
        1.4022981894668192,
        4.828441278485116,
        3.5468559681321494,
        1.016737357043894,
        56.42986714298604,
        -0.6480693925986998,
        2.5837756404362153,
        5.974571136481245,
        -2.1681677322776522,
        4.90546781825833,
        3.5648739766329527,
        3.1881840254645795,
        -7.477811496704817,
        1.0013070403947495,
        -4.435585675295442,
        -1.7041270609479398,
        9.347539342008531,
        -0.1257302951416932,
        -0.3743582456954755,
        -7.328990614973009,
        1.0227305064036045,
        -0.32199632143601775,
        -0.86898526805453,
        2.0967311794229317,
        4.27511221577879,
        1.5587275614961982,
        -5.827240833838005,
        -3.2684963750070892,
        11.552219536766643,
        8.637829470040742,
        7.757000097059063,
        -2.0244021584512666,
        -8.588231824338436,
        2.8120010664570145,
        1.8188606164767407,
        -0.7426187144592404,
        0.7624481084640138,
        4.345208052662201,
        8.208640379423741,
        -10.389070141129196,
        -3.179040773829911,
        1.4518873248016462,
        2.9019847130402923,
        -8.942808019084623,
        13.931775566568831,
        -6.053084671439137,
        5.812745447270572,
        -1.241266360913869,
        1.1235293146164622,
        -3.179691410623491,
        19.86857976432657,
        -6.24797416862566,
        1.863016893650638,
        6.491135985124856,
        -6.737454636953771,
        6.435814234602731,
        1.9704607065068558,
        0.2739028619835153,
        -13.662211163900793,
        -6.634353240951896,
        1.9855088588956278,
        -13.550072924001142,
        -2.722173988702707,
        -0.8800553150940686,
        7.41507283836836,
        7.5088853146880865,
        -0.8996117549249902,
        8.312287992215715,
        -2.2063683439046144,
        4.560602167242905,
        2.0226119700237177,
        -6.433128401229624,
        18.29524761228822,
        6.539514653879451,
        10.032629098277539,
        -1.6517190943704918,
        1.5658834809437394,
        9.113972485996783,
        7.48025276575936,
        3.437556590884924,
        4.061774120142218,
        7.453164847858716,
        8.035430650110357,
