{
    "hyperparameters": {
        "learning_rate": 0.0003,
        "discount_factor": 0.99,
        "epsilon": 0.1,
        "gae_lambda": 0.95,
        "value_function_coef": 0.5,
        "num_episodes": 300,
        "num_epochs": 10,
        "batch_size": 64,
        "horizon": 512,
        "entropy_coefficient_init": 0.1,
        "entropy_coefficient_target": 0.01,
        "entropy_coefficient_const": 0.01,
        "entropy_decay_steps": 100000
    },
    "run_configs": {
        "agent": "PPO",
        "environment": "ORIGINAL",
        "entropy_setting": "SCHEDULED",
        "plotting_setting": "REWARDS_AND_TRACK_DISTANCE",
        "zero_brake": false,
        "automatic_restart": false,
        "use_existing_model": "",
        "save_as_onnx_model": false,
        "seed": 123
    },
    "episodes_reward_data": [
        -3.2873157988651656,
        -2.4781744848005474,
        -4.752346528752241,
        0.9866421904880553,
        -2.962144585530041,
        -0.44455462107725907,
        -0.17728865961544216,
        -5.448260632547317,
        -1.8201151329558343,
        2.7622460715065245,
        -6.250489863887196,
        -1.244614211114822,
        2.141446605324745,
        -2.6223143258539494,
        -0.5129508641257416,
        -2.6937768383941147,
        -2.7103225684986683,
        -2.331063678720966,
        0.005985813855659217,
        2.655781853303779,
        -6.252425829268759,
        -0.0907963970748824,
        -0.29180314345285296,
        2.028940889198566,
        -0.5028348783816909,
        1.0324754588655196,
        0.818847822927637,
        0.3656561474344926,
        2.7550385634531267,
        8.494369871885283,
        3.2562376247224165,
        2.9792853938415647,
        0.7638340906414669,
        9.664343242679024,
        0.485699996475887,
        1.4478672464611009,
        0.5265213020902593,
        2.921243322765804,
        3.662681419751607,
        10.627994043810759,
        -0.228091677185148,
        -0.7600437788714771,
        0.3335124284494668,
        -1.203411795766442,
        0.1453929051058367,
        11.508425560517935,
        0.8613195438520052,
        -0.8021156541071832,
        0.013240764994407073,
        10.322360178804956,
        -1.64947662781924,
        11.667973668285413,
        5.617037507327041,
        4.052558065974154,
        1.4706142735522008,
        20.079632406603196,
        -0.7671192911511753,
        1.6408514981449116,
        2.7069205651787343,
        22.075478848091734,
        3.6017214668972883,
        13.162041142466478,
        1.1204784190631472,
        11.925526221981272,
        0.9459078163199592,
        25.016898513247725,
        5.422094807901885,
        11.79581677922397,
        23.727291699848138,
        3.397953950043302,
        16.65116636172752,
        12.323623377822514,
        23.614762784280174,
        1.4672427466502995,
        2.5910730598916416,
        20.42967030656291,
        10.14767948538065,
        19.95588014999521,
        77.09290346567286,
        -0.17048410684219562,
        72.44787488313159,
        69.18651836225763,
        0.6530432391373324,
        164.54325451987097,
        156.36991789311287,
        91.2407802232774,
        33.1799154340988,
        66.14694428748044,
        181.51452452898957,
        6.62745213121525,
        51.02635914275015,
        114.34376240277197,
        185.01804404665018,
        130.91289774441975,
        84.65572874230566,
        155.95310732335201,
        158.94651189044816,
        160.14067254331894,
        102.85218924708897,
        69.56125918659382,
        16.97064313507144,
        168.29534968949156,
        70.39657453843392,
        40.70305729446409,
        10.555144390906207,
        14.880260170233669,
        46.44591545057483,
        15.747831518849125,
        7.594843402010156,
        156.6585646894673,
        66.61752867215546,
        74.06589639771846,
        60.636378891329514,
        162.49757665838115,
        54.574840082845185,
        48.45484897569986,
        48.73840017274779,
        17.840464207401965,
        10.430723978948663,
        85.64877018940751,
        28.22801488445839,
        25.451073501084466,
        3.450215167918941,
        72.21650253498228,
        44.45196754274366,
        47.737838905799435,
        55.80105606367579,
        22.014677400351502,
        129.95138852021046,
        22.685412367922254,
        143.13866034560488,
        42.057609682269685,
        141.73572900670115,
        96.24365656691953,
        144.77957117016194,
        144.18023969473143,
        121.8070383183076,
        164.8436001885566,
        164.94674529408803,
        76.64638804906281,
        32.19188945816131,
        42.21882147376891,
        41.699064266867936,
        155.9914373481297,
        123.59677288554667,
        144.32787921314593,
        146.76894902292406,
        10.260556043387624,
        37.58004226630146,
        27.027455353847472,
        139.85028993780725,
        148.96441858794424,
        20.612380936392583,
        136.8220888581709,
        151.2459160631406,
        22.883577622036682,
        53.950978758279234,
        20.154814378358424,
        92.98199107618711,
        100.25863430975005,
        54.97714939262369,
        73.5449678984296,
        2.183218042962835,
        73.90373436863592,
        3.1908440342522226,
        34.7346052507055,
        35.54289711365709,
        2.9031969996285625,
        79.74845287496282,
        17.439665944577428,
        156.19311219308292,
        162.8139573984081,
        120.74145208185655,
        50.963802295329515,
        61.32812860692502,
        58.29718972614501,
        156.90826868571457,
        158.0081094453053,
        111.59337859433435,
        65.77860687354405,
        150.93597262413823,
        28.87820706999628,
        -1.1924497696454637,
        39.94993879579124,
        9.314695014356403,
        149.70571653314983,
        129.45482834253926,
        86.71617397684895,
        113.72203581724898,
        88.29129014479986,
        149.1140862274915,
        103.1315988668648,
        125.09793177031679,
        155.7457371327764,
        130.37486629377236,
        157.87685406411765,
        151.73701063856424,
        142.42269371333532,
        147.78709485195577,
        103.06053180561867,
        149.88158891466446,
        56.94041858272976,
        135.64926089532673,
        152.75501237079152,
        45.84967284815502,
        112.85013199310197,
        109.28760424401844,
        142.70025258191163,
        154.34110776610032,
        161.1295521542197,
        146.48596729233395,
        46.1229686755687,
        4.2611818529549055,
        27.473320408083964,
        22.91714825463714,
        92.77838080597576,
        156.07431273380644,
        122.07311469802517,
        159.31664485634246,
        152.1355227031745,
        168.22257821733365,
        16.15827300705132,
        -0.5830373421194963,
        150.19326379502309,
        71.41270463971887,
        170.90136381716002,
        162.1879573862825,
        161.2519111664733,
        39.58010373217985,
        61.2103337685985,
        47.780382538214326,
        161.1037495850178,
        155.89684277705965,
        68.98125614058517,
        12.756147665029857,
        171.09039246974862,
        158.30496119064628,
        40.55135901630274,
        167.8614829852013,
        119.32441145944176,
        122.20665885333437,
        170.4062762388494,
        86.86679856912815,
        198.27376990678022,
        38.166461312095635,
        37.48340964503586,
        187.17577291050839,
        150.77614884151262,
        148.98698503064224,
        16.744832422671607,
        205.01021313918318,
        26.520974612038117,
        202.59359018568648,
        105.49723552874639,
        64.66886953695212,
        177.20751877831935,
        104.63789728652046,
        38.233324619075574,
