{
    "hyperparameters": {
        "learning_rate": 0.0003,
        "discount_factor": 0.99,
        "epsilon": 0.1,
        "gae_lambda": 0.95,
        "value_function_coef": 0.5,
        "num_episodes": 300,
        "num_epochs": 10,
        "batch_size": 64,
        "horizon": 512,
        "entropy_coefficient_init": 0.1,
        "entropy_coefficient_target": 0.01,
        "entropy_coefficient_const": 0.01,
        "entropy_decay_steps": 100000
    },
    "run_configs": {
        "agent": "PPOBETA",
        "environment": "ADVANCED",
        "entropy_setting": "FIXED",
        "plotting_setting": "REWARDS_AND_TRACK_DISTANCE",
        "zero_brake": false,
        "automatic_restart": false,
        "use_existing_model": "20230710_130904.644_model",
        "save_as_onnx_model": false,
        "seed": 6
    },
    "episodes_reward_data": [
        36.881611889984924,
        4.954840102873277,
        58.79587855227874,
        3.2634127059718594,
        51.76231255708262,
        52.964002288877964,
        10.844071790408634,
        35.78650917450432,
        42.277651328389766,
        57.541337021335494,
        20.224283725954592,
        62.927337673085276,
        13.81244331705966,
        64.01264283357887,
        54.0298205493018,
        7.270049088576343,
        10.208806900394848,
        7.499242453486659,
        81.83327276142518,
        38.262886395983514,
        42.85935393546242,
        59.52607281139353,
        131.50522807065863,
        79.84707832599815,
        57.11149272546754,
        14.355930344332592,
        121.17254716253956,
        48.442309740930796,
        7.131726228311891,
        79.63087783568335,
        4.082539065813762,
        48.16731610574061,
        25.219332426961046,
        119.8165503803466,
        62.93184641102562,
        88.52784749060083,
        34.51046057132771,
        60.553908697882434,
        45.391652160091326,
        13.766769954032497,
        25.956335785100237,
        47.669071035357774,
        65.1566065318766,
        29.49575353995897,
        4.566936603747308,
        45.36136680364143,
        53.02098863280844,
        106.61356512279599,
        8.472207756443822,
        41.64761058869772,
        44.30322547344258,
        42.08918779870146,
        5.766673266130965,
        102.47880884977349,
        -4.742249775677919,
        34.02313111432886,
        64.79411335961777,
        13.611402347021794,
        63.51178376126336,
        120.93750151553832,
        30.071969039272517,
        81.21130059595453,
        22.17545258696191,
        13.532297018711688,
        58.1175548035535,
        24.566972730259295,
        87.63971422465693,
        69.47485694830539,
        105.86480047454825,
        51.0341112727765,
        41.63082221063087,
        85.4992700971925,
        105.08253568023792,
        7.47873732651351,
        34.17826690658694,
        82.21422293281648,
        56.234209494665265,
        8.014862062773318,
        75.13067702263652,
        58.92035518970806,
        52.55815514456481,
        49.20458942418918,
        136.56998612504685,
        7.632493871002225,
        127.24412823811872,
        59.10059997471399,
        7.192218366806628,
        91.23291694102227,
        142.81919831713458,
        24.75188119096856,
        20.708873418392614,
        111.66125692143396,
        157.73750827593904,
        118.52588612880209,
        36.20673110242933,
        127.84659370974987,
        173.74627428381064,
        13.23812573601026,
        129.7060595685616,
        121.51891824125778,
        95.0624079482659,
        72.28707721020328,
        94.52976012352156,
        157.63892952013703,
        123.07258426229237,
        64.65215554347378,
        43.229683632496744,
        29.15784357301891,
        -0.18734106607735157,
        141.12707530579064,
        92.5759755448671,
        82.50211116680293,
        160.98336769465823,
        44.15003712149337,
        158.18199637107318,
        98.25153395469533,
        162.61140791792423,
        154.88581931305816,
        97.59290801399038,
        103.9548220455763,
        181.23875614997814,
        40.629621664993465,
        159.4198735748505,
        27.907829149829922,
        74.83457153069321,
        164.76626890164334,
        74.88248527573887,
        20.243812968124985,
        74.80141893593827,
        32.09177176478261,
        176.33309438591823,
        -4.330578685738146,
        158.689288213689,
        16.878316825837828,
        83.19457652086567,
        70.73932796018198,
        65.53685022416175,
        159.56185603214544,
        14.792374176351586,
        104.55333707411774,
        62.22446698072599,
        156.0429021869786,
        0.12245440483093262,
        56.344006454513874,
        112.20129800133873,
        130.01769032563607,
        61.093590628239326,
        98.32919988644426,
        23.11046808725223,
        17.48417194513604,
        40.97942936094478,
        109.61497934517683,
        71.6057028187206,
        134.783774567215,
        167.14885552499618,
        61.52574882644694,
        74.2901022483129,
        66.38699350459501,
        97.69573141494766,
        129.96733955526724,
        162.28012413930264,
        68.77747406037815,
        50.36101847700775,
        156.3201110446389,
        84.55349709649454,
        162.74244925996754,
        45.12634717696346,
        4.861875656002667,
        144.2517912373878,
        181.49807894643163,
        196.24116344877984,
        156.40243121687672,
        17.947543424597825,
        130.16648826832534,
        140.96529556174937,
        120.05226636212319,
        137.85416331491433,
        47.76542971667368,
        0.397735595703125,
        194.17648908356205,
        118.15941913303686,
        211.71620284410892,
        71.12439659588563,
        53.7729878310638,
        153.6934283041337,
        92.46784138452495,
        199.46733112979564,
        0.2930756751447916,
        -5.799871186725795,
        206.3040115540498,
        20.327872540801764,
        39.06878776662052,
        123.04566481595975,
        29.93412006451399,
        41.68644313560799,
        46.392135280621005,
        209.89143988478463,
        15.760459803568665,
        190.3724145924789,
        47.78727518458618,
        186.078667199763,
        -3.6749994941055775,
        26.066929097287357,
        16.03767685990897,
        89.44036300847074,
        67.82647451487719,
        52.114116477780044,
        56.65073976293206,
        78.00746440154035,
        167.5866328649281,
        15.146283740119543,
        166.78618097303843,
        86.74666056747083,
        44.86788289155811,
        204.4898903844296,
        97.05590526454034,
        65.25536497615394,
        177.5386134731816,
        91.55721946828999,
        172.2601179186022,
        45.889781258418225,
        171.86574673550786,
        64.76923872792395,
        215.44697828299832,
        142.0469632770837,
        211.43041390154394,
        57.4505644995661,
        83.35389459255384,
        206.82712804336916,
        179.3986817788682,
        213.8396269204386,
        119.42961327545345,
        146.6803635219694,
        54.54487242596224,
        24.901585528015858,
        204.87306454731151,
        127.75002290168777,
        68.76957404450513,
        143.2325881944853,
        114.48121869578608,
        12.969266143481946,
        23.624449427239597,
        129.4500340692175,
        22.291393974795938,
        50.28965285647428,
        58.482463555876166,
        197.03798171129893,
        13.478018404915929,
        80.95882481371518,
        84.38486740828375,
        -2.3547180965542793,
        177.19624496542383,
        50.908312431303784,
        83.38850243686466,
        77.84285820077639,
        5.593783945572795,
        178.69577397592366,
        193.81495206151158,
        190.6645788026508,
        14.079865776948282,
