{
    "hyperparameters": {
        "learning_rate": 0.0003,
        "discount_factor": 0.99,
        "epsilon": 0.1,
        "gae_lambda": 0.95,
        "value_function_coef": 0.5,
        "num_episodes": 300,
        "num_epochs": 10,
        "batch_size": 64,
        "horizon": 512,
        "entropy_coefficient_init": 0.1,
        "entropy_coefficient_target": 0.01,
        "entropy_coefficient_const": 0.01,
        "entropy_decay_steps": 100000
    },
    "run_configs": {
        "agent": "PPOBETA",
        "environment": "ADVANCED",
        "entropy_setting": "FIXED",
        "plotting_setting": "REWARDS_AND_TRACK_DISTANCE",
        "zero_brake": false,
        "automatic_restart": false,
        "use_existing_model": "20230710_185155.602_model",
        "save_as_onnx_model": false,
        "seed": 3
    },
    "episodes_reward_data": [
        37.44660817924887,
        2.664148972777184,
        7.476295834370831,
        30.836835615569726,
        29.248442096897634,
        3.5792186735052383,
        29.49095776694594,
        2.9292350106697995,
        16.153179087588796,
        32.14888289629016,
        8.55323318997398,
        25.903975189459743,
        15.831724504707381,
        15.509681531679234,
        112.80567715596408,
        55.968051826930605,
        1.2169618351472309,
        39.802497904747725,
        14.333299936362891,
        23.51188245744561,
        26.0799461028073,
        9.303120145574212,
        48.44985065369838,
        11.810809321701527,
        68.61509246801143,
        26.17885345313698,
        33.67621676411363,
        24.811364432942355,
        32.20715563517297,
        39.41055513720494,
        25.636887775559444,
        28.924335440038703,
        27.05029613088118,
        7.572960526544193,
        15.717853194655618,
        47.496387420163956,
        11.007274107076228,
        24.39514345768839,
        2.9657308231689967,
        28.903028923785314,
        0.9875127906270791,
        25.693396034417674,
        6.058103262461373,
        44.61261254287092,
        47.52129121220787,
        71.71748143993318,
        153.47642285662005,
        13.845396356846322,
        116.87471270188689,
        14.43579166746349,
        161.64284326133202,
        84.96954702837684,
        206.38078838505317,
        200.6031935631181,
        44.83295287299552,
        25.58387401032087,
        191.46724088292103,
        93.11543586663902,
        127.12759829318384,
        -2.324271254707128,
        4.904531034393585,
        39.97637624986237,
        70.69142880287836,
        103.3064288632595,
        82.51102296460886,
        -0.03305341303348541,
        186.37397639924893,
        100.40741546137724,
        100.4806618746079,
        28.757852778944653,
        162.21690603901516,
        204.9580481146113,
        78.24126926634926,
        200.28756537940353,
        213.44241437883466,
        14.133116275595967,
        98.36299309006426,
        188.63898468820844,
        73.64233800274087,
        -1.2752003107743803,
        44.000657234377286,
        16.192617043561768,
        90.5218629754745,
        197.61950281722238,
        211.02751503078616,
        -0.42472422029823065,
        94.20119429129409,
        202.5827067658247,
        213.24306208189228,
        130.6096926876926,
        4.185429717414081,
        2.258312287274748,
        3.93029258227034,
        195.93918746031704,
        39.551430388353765,
        43.44991794077214,
        213.25876398319087,
        101.38980441144668,
        0.004458343610167503,
        130.30551487996127,
        209.15674305580615,
        39.97506917081773,
        151.6181116750813,
        8.121624469604285,
        80.36279663766618,
        159.40736638815724,
        55.64476839462441,
        162.4543941122829,
        24.60614603216527,
        202.2834832443623,
        209.4591204651224,
        30.67222996734199,
        220.0092586914543,
        86.28248001556494,
        118.59801284689456,
        183.64390620365157,
        36.5031453865231,
        35.13577273773262,
        200.15927908447338,
        27.573067038785666,
        145.86886048075394,
        216.29266953008482,
        212.61670896279975,
        123.24423949228367,
        204.60328687159927,
        36.48617940355325,
        138.30459265440004,
        3.4464391499277554,
        27.891272482956992,
        95.50356704805745,
        193.60940543806646,
        36.74531734996708,
        -0.09674750082194805,
        192.28884863427083,
        43.090446021349635,
        154.69932479853742,
        115.12866261042655,
        42.607323570526205,
        42.222827051591594,
        45.23268169420771,
        13.534723714925349,
        197.66071107747848,
        133.10889687301824,
        141.71404429119866,
        97.68284829017648,
        76.30877407910884,
        196.50229050208873,
        24.82548473944189,
        208.50064888826455,
        31.087742525094654,
        198.04341557528824,
        127.9474801227334,
        70.07498926713015,
        190.50171891841455,
        206.99871124126366,
        28.3594280036923,
        138.0745593595202,
        99.58409755316097,
        204.77910693007289,
        144.28990493429592,
        197.77314178420056,
        -0.13860671781003475,
        23.461351592326537,
        -0.0905528124421835,
        195.00235287151008,
        6.28727635400719,
        190.16872705548303,
        62.52732326509431,
        190.68134717657813,
        72.34911530207319,
        58.91732477072219,
        73.68511639803182,
        191.17117069941014,
        50.36356174570392,
        17.910861871554516,
        114.72170298534911,
        0.14734025485813618,
        191.24744679173455,
        192.21706096018897,
        66.63597144195228,
        144.7416305159859,
        191.85355991870165,
        135.78604106613784,
        66.85255152679747,
        188.33862455468625,
        160.06643309464562,
        23.89941863193235,
        0.6375622116029263,
        151.05714793976222,
        188.48099307250232,
        192.54851544694975,
        108.97621232853271,
        47.56971006910317,
        0.20574317360296845,
        27.188389629125595,
        108.70003348516184,
        114.44801560847554,
        138.31639527750667,
        119.80689129688108,
        150.96386784967035,
        0.042230251245200634,
        48.35700224048924,
        190.108517922592,
        -0.22532461024820805,
        0.044343169778585434,
        23.444669785094447,
        44.638725787226576,
        184.25317185977474,
        52.00179204624146,
        103.98881290626014,
        32.85820637457073,
        108.35216369869886,
        28.3839223140385,
        112.70391686075891,
        130.6992073514557,
        0.08777480944991112,
        20.551885487511754,
        22.055541105015436,
        77.47050080873305,
        0.08679570630192757,
        86.95846249233,
        0.08372582495212555,
        44.13008658112085,
        201.18692902402836,
        4.849944507324835,
        23.426625837601023,
        17.086560780648142,
        19.529253011598485,
        42.18148973862117,
        19.15822160290554,
        58.350184621842345,
        43.78333477006527,
        46.304772748582764,
        24.917010043136543,
        65.477005991037,
        26.632916236878373,
        44.87423962820321,
        48.57199151319219,
        31.378754715435207,
        63.80756279868365,
        129.01246420384268,
        80.31376114737941,
        90.39929230432608,
        134.70351037883665,
        14.7389084296301,
        9.973718426655978,
        194.26485116779804,
        56.77735773293534,
        61.463186233784654,
        28.70763841434382,
        177.7380983128387,
        169.80933399600326,
        60.956719978290494,
        31.17522569929133,
        24.260553070693277,
        -0.024595769122242928,
        34.81708276178688,
        16.431275766226463,
