{
    "hyperparameters": {
        "learning_rate": 0.0003,
        "discount_factor": 0.99,
        "epsilon": 0.1,
        "gae_lambda": 0.95,
        "value_function_coef": 0.5,
        "num_episodes": 300,
        "num_epochs": 10,
        "batch_size": 64,
        "horizon": 512,
        "entropy_coefficient_init": 0.1,
        "entropy_coefficient_target": 0.01,
        "entropy_coefficient_const": 0.01,
        "entropy_decay_steps": 100000
    },
    "run_configs": {
        "agent": "PPOBETA",
        "environment": "ADVANCED",
        "entropy_setting": "FIXED",
        "plotting_setting": "REWARDS_AND_TRACK_DISTANCE",
        "zero_brake": false,
        "automatic_restart": false,
        "use_existing_model": "20230710_145000.274_model",
        "save_as_onnx_model": false,
        "seed": 5
    },
    "episodes_reward_data": [
        5.809754482485005,
        40.54667700082064,
        2.593123506201664,
        48.067825903359335,
        31.67335228229058,
        29.587015734112356,
        25.637386437505484,
        16.920783792360453,
        18.994354802707676,
        51.54572989465669,
        4.640534396312432,
        33.606091488618404,
        41.17701862269314,
        10.255597652343567,
        49.229048176377546,
        8.420664913122891,
        51.45278818218503,
        7.6568423891149,
        45.97254175588023,
        23.053326123859733,
        13.004325928995968,
        47.57647797232494,
        52.85194981019595,
        7.950196355668595,
        -5.076220457442105,
        27.813162754639052,
        22.17985712180962,
        51.99584256799426,
        2.9612493094755337,
        19.547460205387324,
        43.37937465662253,
        0.7688156254589558,
        5.29702372495376,
        38.39089894958306,
        16.036216041014995,
        28.254397270880872,
        13.182842309906846,
        -1.3556316923350096,
        52.28621353383642,
        17.423654978658305,
        14.137869393278379,
        47.2259394536959,
        -0.12095691077411175,
        14.672955027635908,
        51.002918757498264,
        5.190865515971382,
        26.805380332283676,
        42.27343779895455,
        2.4570928849861957,
        4.851010989666975,
        28.662380889290944,
        50.072235862433445,
        16.955027817748487,
        4.725622610232676,
        13.630154534621397,
        17.379253375111148,
        16.22313050602679,
        48.98384697211441,
        11.734267656996963,
        47.3356338996382,
        12.274843575069099,
        7.538966788306425,
        13.892674607719528,
        36.17547561461106,
        11.41271276268526,
        37.98470571235521,
        16.232773061929038,
        79.09309173654765,
        33.17696067399811,
        48.835049450339284,
        17.602004307613242,
        55.888382759236265,
        6.810801871193689,
        4.52979658888944,
        9.0337728591403,
        15.831142577371793,
        25.234508389490657,
        14.144040018247324,
        8.559498966933461,
        0.06034005992114544,
        16.814972382519045,
        53.564301815480576,
        52.235251687292475,
        133.14224605527124,
        21.162998652042006,
        5.541201490908861,
        102.9633678270693,
        17.27928368744324,
        26.008274569467176,
        31.1503308507381,
        27.948696544452105,
        85.31999269966036,
        16.810917830909602,
        9.695112024157424,
        37.25852537192986,
        38.08061201646342,
        55.99052672542166,
        72.62145770440111,
        65.06341567389609,
        34.24665910683689,
        34.88320537668187,
        79.49344817083329,
        58.1011130605184,
        130.0535230236128,
        10.646201854775427,
        29.777975604636595,
        47.40751110360725,
        16.990843557650805,
        0.09422329999506474,
        67.3182573877275,
        48.25515999319032,
        -0.04942094534635544,
        65.77916171803372,
        17.761414841079386,
        206.6573814965086,
        2.7047796469414607,
        60.03250696900068,
        33.391963127069175,
        212.83915857720422,
        118.69899162696674,
        70.63795470164041,
        172.4902919245069,
        200.61841487901984,
        18.769812780898064,
        23.604311622679234,
        206.8096100531984,
        62.102735358756036,
        116.88295624376042,
        211.37943811673904,
        57.18406148883514,
        49.94845632347278,
        3.433895254827803,
        45.04416072816821,
        198.5149469561875,
        46.260239524330245,
        15.792369093949674,
        13.13346860485035,
        11.535951629164629,
        19.72700485959649,
        9.750115831950097,
        44.309917705119005,
        20.195111976005137,
        4.792617035942385,
        30.247114346944727,
        131.88492798303196,
        39.12558477855055,
        76.83128948172089,
        90.9419089704752,
        20.578231842504465,
        213.15612930763746,
        79.89869061202626,
        186.74222968642425,
        24.919181890785694,
        128.60929350208608,
        14.351611120451707,
        0.2293569054454565,
        134.25729379354743,
        69.73574108543107,
        71.11252111376962,
        202.73333111114334,
        21.796033872757107,
        13.417603741865605,
        208.11308486221242,
        -3.987441335339099,
        -3.217152122175321,
        43.53150114798336,
        87.27992117585381,
        160.45160489715636,
        79.91772112506442,
        18.41648925188929,
        20.52178248949349,
        40.747640914458316,
        45.37052955920808,
        121.05004300970177,
        94.55110722171958,
        -0.001668858341872692,
        4.188927411887562,
        8.518195422977442,
        33.28371430654079,
        21.467459668172523,
        26.307950055168476,
        23.53095804527402,
        20.92513071373105,
        30.4674655883573,
        15.84440623075352,
        38.37283825408667,
        10.410821670033329,
        38.833115450601326,
        51.28421643647016,
        72.42892791726626,
        78.06832259288058,
        149.6291977027431,
        42.65069577409304,
        204.02109420140914,
        191.3221585203719,
        63.29649503285327,
        15.754866724979365,
        43.008480781980325,
        55.961536755465204,
        55.505062022653874,
        145.23974009879748,
        170.6735089011927,
        76.92423742328538,
        86.63018757152895,
        195.65918464260176,
        206.68879165049293,
        45.95459300518269,
        60.71113794441044,
        206.47850639626267,
        70.56318394292612,
        197.89794249925762,
        155.97033242697944,
        26.162171302887145,
        146.52414787260932,
        217.618541426491,
        209.75189515887178,
        0.07822338677942753,
        191.79630438570166,
        198.24345112591982,
        207.07801565194677,
        17.256831031816546,
        62.37461470472044,
        215.08807894092752,
        120.66898244415643,
        199.89971744734794,
        208.67948072186846,
        182.30657268938376,
        196.3448724981863,
        103.01128693047212,
        192.96933842031285,
        54.07225090806605,
        36.79242833983153,
        185.49386084917933,
        219.9191531764809,
        201.98438801820157,
        208.7580334143422,
        201.14778187376214,
        49.2507897905889,
        223.37981422492885,
        23.24106301565189,
        170.55326288886135,
        96.00157774818945,
        222.2811563979194,
        211.5871989678708,
        213.4942074008286,
        210.3814986391808,
        64.95779819786549,
        -0.05743462033569813,
        129.15201921295375,
        211.34062523915782,
        218.08243803452933,
        -0.05181734263896942,
        210.96100894104165,
        11.309273915278027,
        208.2054893203749,
        0.07258083112537861,
        227.60526085880701,
        60.77036238920118,
        34.48927380889654,
