{
    "hyperparameters": {
        "learning_rate": 0.0003,
        "discount_factor": 0.99,
        "epsilon": 0.1,
        "gae_lambda": 0.95,
        "value_function_coef": 0.5,
        "num_episodes": 300,
        "num_epochs": 10,
        "batch_size": 64,
        "horizon": 512,
        "entropy_coefficient_init": 0.1,
        "entropy_coefficient_target": 0.01,
        "entropy_coefficient_const": 0.01,
        "entropy_decay_steps": 100000
    },
    "run_configs": {
        "agent": "PPOBETA",
        "environment": "RIGHTTURN",
        "entropy_setting": "SCHEDULED",
        "plotting_setting": "REWARDS_AND_TRACK_DISTANCE",
        "zero_brake": false,
        "automatic_restart": false,
        "use_existing_model": "20230709_121341.764_model",
        "save_as_onnx_model": false,
        "seed": 42
    },
    "episodes_reward_data": [
        86.60870051587699,
        61.14541417565488,
        68.48217800928978,
        -0.3597267630902934,
        53.20843490175321,
        75.10791056143353,
        50.36680080447695,
        67.96014810181805,
        24.955350989708677,
        54.68741893359402,
        57.326084606174845,
        56.30869469238678,
        75.72118885816599,
        68.26758718461497,
        58.55871600290993,
        80.55554901353025,
        -0.876756067154929,
        57.60975380957825,
        58.371228450676426,
        57.064163058123086,
        30.57214482803829,
        51.204390145489015,
        35.87533803714905,
        22.94269604422152,
        -8.339794936531689,
        53.799812805853435,
        27.0890308622038,
        26.164120166387875,
        17.276738371234387,
        6.566586930595804,
        35.41434375199606,
        25.598840591672342,
        41.41205811678083,
        8.292710975161754,
        5.153879202291137,
        12.759807751572225,
        22.754361099403468,
        -19.373636780830566,
        18.466636168697733,
        34.361161088978406,
        24.67668380163377,
        -2.7493942231376423,
        -4.184482117241714,
        -30.176483429968357,
        -3.5462251069620834,
        8.424507669609739,
        2.6123529347823933,
        -11.613333188259276,
        -17.702299483004026,
        16.735693592578173,
        -4.324771855433937,
        -33.750406750827096,
        -23.450035149930045,
        -32.749709249299485,
        -31.27013683965197,
        -1.7294709997659083,
        -12.754340029205196,
        -14.011043080012314,
        12.786342068247905,
        -29.44363393605454,
        -6.155931034882087,
        -8.134299315075623,
        -25.51589282331406,
        -4.114274884050246,
        -8.910110580909532,
        -7.422232668628567,
        -4.178082318685483,
        -11.171114157419652,
        -15.964694145251997,
        -3.1593495774141047,
        -3.5327223826461704,
        -13.971973905456252,
        -6.970420751415077,
        -23.264038782537682,
        -3.4843270538840443,
        -23.332057683670428,
        -6.81034214895044,
        -26.924369794869563,
        -29.115388895384967,
        -22.149185894872062,
        -5.417455130605958,
        -6.873779842004296,
        -12.91586523753358,
        -18.545069810570567,
        -12.855964339658385,
        -3.541908411978511,
        -5.525015968596563,
        -3.192909803634393,
        -1.792752044959343,
        -16.572174777451437,
        -3.315090460004285,
        -4.20530514017446,
        -2.0554537732241442,
        -2.0919603028160054,
        -3.7894260193861555,
        -2.7766046447650297,
        -8.969615162233822,
        -6.31114792698645,
        -3.0781578877795255,
        -2.835161830065772,
        -22.656009681522846,
        -1.9482219445635565,
        -3.2140438522037584,
        -6.87817530069151,
        -7.055146585640614,
        -4.068929600180127,
        -5.026710361125879,
        -2.0478500248864293,
        -6.230728750524577,
        -2.3296647048045998,
        -10.040507780831831,
        -2.6778966509446036,
        -4.047964929777663,
        -2.400203226454323,
        -5.585272973694373,
        -24.72159411740722,
        -9.237310098775197,
        -7.793946665464318,
        -2.3537038879294414,
        -3.3818466811353574,
        -7.4701388572575524,
        -8.704502432316076,
        -1.672811309719691,
        -3.144893379183486,
        -4.90371525552473,
        -1.868353947327705,
        -4.230057719250908,
        -2.523635793419089,
        -4.125365562729712,
        -4.631927517184522,
        -3.063576603512047,
        -3.879463284742087,
        -1.8054379377426812,
        -2.4683972492202884,
        -1.8497243711317424,
        -2.4841202312672976,
        -3.118595047388226,
        -3.6520028823870234,
        -12.396887300390517,
        -2.1752057539561065,
        -4.028351123110042,
        -14.715675021521747,
        -8.319165194407105,
        -2.449806945194723,
        -8.12791163858492,
        -8.84807428001659,
        -3.0639403798268177,
        -4.375280700056464,
        -2.9069217941141687,
        -8.458131490682717,
        -5.619061955330835,
        -3.5864038196887122,
        -12.000488201156259,
        -14.339669215667527,
        -3.4913939060788834,
        -4.938947900693165,
        -2.3779176635143813,
        -3.7895468604692724,
        -4.459747640154092,
        -10.617833881668048,
        -10.357711692544399,
        -3.7985048547852784,
        -7.490393862535711,
        -3.3608563664893154,
        -2.059412774477096,
        -2.014972788922023,
        -4.729026510307449,
        -2.1245054508326575,
        -1.8855953402235173,
        -3.8619233645731583,
        -14.939565386914182,
        -5.0939476152998395,
        -4.242965787489084,
        -3.7616805797588313,
        -2.6668119960813783,
        -8.300908214296214,
        -4.40559781594493,
        -12.203576916654129,
        -2.0888988468504976,
        -4.46458205615636,
        -4.864146178624651,
        -4.931446030212101,
        -3.563310548561276,
        -3.852830537391128,
        -2.7273946112254634,
        -5.479041879349097,
        -6.586367693904322,
        -4.983903723419644,
        -6.3812795141129754,
        -2.3267874570883578,
        -1.7561570221660077,
        -4.077658628113568,
        -2.9074304398382083,
        -4.0447765297139995,
        -1.8489856884116307,
        -9.559701037651394,
        -8.823010891122976,
        -3.0527133923606016,
        -7.292587654257659,
        -3.1139572375977878,
        -4.576764349942096,
        -2.892589057679288,
        -2.6483197838970227,
        -6.98145470052259,
        -7.514801356621319,
        -2.4311469387903344,
        -2.564093027904164,
        -2.5111444071226288,
        -4.464813870639773,
        -6.492330416513141,
        -3.5221554898598697,
        -4.011698573012836,
        -7.449793886917178,
        -3.647111598722404,
        -2.2322658078410313,
        -1.1341988234198652,
        -11.22831741720438,
        -4.512348054413451,
        -4.203285586379934,
        -4.018493929936085,
        -1.6664977445325349,
        -3.3746328099950915,
        -2.8754501762305154,
        -5.889499510099995,
        -11.347512337786611,
        -1.820003320259275,
        -4.375308788192342,
        -3.796988968104415,
        -2.919062997061701,
        -2.897573651105631,
        -4.217954256761004,
        -2.0901763616566313,
        -2.59334535538801,
        -4.792780658288393,
        -4.276819260710909,
        -8.194372946745716,
        -4.635338731401134,
        -7.957301890040981,
        -3.817177209770307,
        -4.869152200466488,
        -1.562771440774668,
        -1.3159998484770767,
        -6.599865434021922,
        -4.372415931138676,
        -3.389946714421967,
        -4.713590831874171,
        -1.4920674405875616,
        -8.148178545990959,
        -3.6535614393797005,
        -8.087304587534163,
        -4.6787554350012215,
        -2.113875425347942,
