{
    "hyperparameters": {
        "learning_rate": 0.001,
        "discount_factor": 0.99,
        "epsilon": 0.1,
        "gae_lambda": 0.95,
        "value_function_coef": 0.5,
        "num_episodes": 300,
        "num_epochs": 10,
        "batch_size": 64,
        "horizon": 512,
        "entropy_coefficient_init": 0.1,
        "entropy_coefficient_target": 0.01,
        "entropy_coefficient_const": 0.01,
        "entropy_decay_steps": 100000
    },
    "run_configs": {
        "agent": "PPO",
        "environment": "ORIGINAL",
        "entropy_setting": "FIXED",
        "plotting_setting": "REWARDS_AND_TRACK_DISTANCE",
        "zero_brake": false,
        "automatic_restart": false
    },
    "episodes_reward_data": [
        -9.838161752035376,
        2.668127916462254,
        -7.213946068106452,
        -4.593598216742976,
        20.40458567108726,
        -0.2175365983566735,
        10.115306007384788,
        12.369690416904632,
        0.08271984047314618,
        39.8953057648032,
        7.4627684320366825,
        3.738212005744572,
        7.448924914831878,
        2.8892094349575927,
        14.148200787196402,
        44.747824971615046,
        5.419573734208825,
        91.3652199736971,
        60.652102603256935,
        9.071555016591446,
        51.32834611702128,
        162.86373351127986,
        83.49912141360983,
        51.1203197184077,
        20.040289922224474,
        62.548677970058634,
        67.42835488618584,
        130.31101773760747,
        29.40793695184402,
        93.67799422748794,
        22.86797533876961,
        100.91577318265627,
        88.75478485542408,
        -2.0455680311715696,
        55.3024471411627,
        104.15525720659934,
        199.9381300433888,
        87.62986936140805,
        95.21123415292823,
        44.033666059258394,
        69.36095102130639,
        200.04165672700037,
        63.816305177722825,
        38.73403725873504,
        176.03095607637079,
        14.434730961569585,
        110.30794839560986,
        215.8269836379186,
        123.82560234935954,
        120.82496934308438,
        21.19839869849966,
        53.174757330241846,
        21.068081456876826,
        138.03147169318981,
        196.77863781765336,
        71.04786683207931,
        233.41008240816882,
        178.19498582289089,
        224.19944817805663,
        26.592941121940385,
        207.9218545216936,
        223.86106154056324,
        118.92280544573441,
        63.625121080025565,
        184.39053374534706,
        183.07952695566928,
        218.5844757691957,
        30.024578597702202,
        169.47080050898512,
        103.89530881075189,
        181.8241207217361,
        63.21245177863602,
        229.67042720483732,
        116.54961831453693,
        182.9943365464278,
        175.99471127273864,
        200.36421124577464,
        43.137678803585004,
        182.10678570858,
        38.600042699836195,
        232.21053852375917,
        231.58059543796116,
        10.103154698619619,
        203.015322971798,
        234.17033871021704,
        19.4135608690558,
        231.27640020077524,
        242.3076757879753,
        32.70692528254585,
        99.92960697262606,
        158.13596103311284,
        60.59149973915919,
        231.56905991800886,
        237.26339096763695,
        137.62236653163563,
        75.85437032673508,
        187.25647266110172,
        195.02166778018,
        47.63594750518678,
        227.29921306698816,
        76.32923524541548,
        100.22757286691922,
        107.25134814927878,
        218.613791857435,
        178.58421201416058,
        224.21773390477756,
        230.2097171554051,
        230.43454491501325,
        220.2210120728414,
        225.65881359088235,
        228.0057766411337,
        226.94323739866377,
        224.16878939809976,
        22.412535734067205,
        231.07536312373122,
        20.211122559732758,
        184.79404549842002,
        171.9575410739635,
        226.71372140641324,
        213.3813039087545,
        227.59568234032486,
        55.079327479717904,
        14.781216072282405,
        50.602945940154314,
        31.70047713992244,
        24.523556164156616,
        68.52103370660916,
        189.65172801737208,
        191.01687917092931,
        201.74393325624987,
        129.6009543899272,
        89.93403656916053,
        198.8885399959072,
        11.853656389226671,
        209.40249362168834,
        -1.8811061568267178,
        12.607588643106283,
        13.101738515906618,
        128.0617510969023,
        211.34934238097048,
        218.68453727907035,
        154.5747258962947,
        173.23478308567428,
        217.0093451391731,
        76.85293913946953,
        190.8225354355527,
        211.02281098041567,
        125.55432312231278,
        112.23172342876205,
        211.12859157084313,
        170.41110501991352,
        212.6190428238624,
        144.82558065000921,
        216.97034815586812,
        227.32009589188965,
        43.41664683520503,
        12.38621817965759,
        103.720700412945,
        201.99385114834877,
        211.0011955220907,
        119.69069311024214,
        49.50982841302175,
        211.71738069907587,
        222.57153274212033,
        207.03090166515904,
        225.20894162858895,
        13.65975164086558,
        216.23710876067344,
        180.5244539190171,
        231.03605830489687,
        104.72508434433257,
        187.02126373484498,
        228.40974530208769,
        220.18054582084005,
        220.89137394263525,
        217.841054324148,
        222.78104904832435,
        219.13736988819437,
        224.93430311311386,
        135.17144598794403,
        228.90186589449877,
        50.77090213433257,
        233.0744322942337,
        16.464100551209413,
        227.17124200046237,
        236.37613171130943,
        66.9040969958296,
        92.41329387523001,
        229.6806387901015,
        223.86164414061932,
        224.8809159705852,
        226.35408267685852,
        229.80970441097452,
        224.2105238319782,
        214.12136623977858,
        213.18115727951226,
        201.67858528808574,
        215.2393527020613,
        219.77206221685628,
        225.08528128580656,
        228.24047827163304,
        227.71955297369277,
        82.54189010255504,
        39.72183255490381,
        90.21027080115164,
        227.71581867113127,
        14.840646547119832,
        232.96939110045787,
        126.83477435033274,
        233.7387235930073,
        60.95490587723907,
        241.61586362673552,
        79.34291283602943,
        10.885464623766893,
        63.214881784697354,
        235.75717046753562,
        98.44718358087994,
        231.07749203772983,
        230.2234994682658,
        116.01493244705489,
        232.27363741974114,
        122.03669598980923,
        184.48411172231135,
        73.81484172472847,
        230.3391871441272,
        44.758735123992665,
        1.8115633805718971,
        6.29548341606278,
        1.0197966379491845,
        1.0436210318221129,
        -0.017682514240732417,
        17.973850448761368,
        2.649408808458247,
        0.6101307653007098,
        -0.23910261585842818,
        -1.0581104545854032,
        -0.7026856684533413,
        4.415901557862526,
        1.4529218836250948,
        1.9664552044996526,
        -1.2115820160834119,
        -0.25873782267444767,
        0.025125087413471192,
        0.32455120582017116,
        0.07734660594724119,
        0.6347859621237149,
        4.107618267138605,
        -1.880331628708518,
        -0.21674760869063903,
        -1.2519778835703619,
        0.4514152707415633,
        -2.516064550029114,
        0.03386495163431391,
        0.9526497631304665,
        -2.1081384224671638,
        0.8537182482832577,
        -0.6285781981423497,
        0.394233062164858,
        5.338705077912891,
        3.2032921240315773,
        1.1658690430922434,
        2.8901531621959293,
