{
    "hyperparameters": {
        "learning_rate": 0.001,
        "discount_factor": 0.99,
        "epsilon": 0.1,
        "gae_lambda": 0.95,
        "value_function_coef": 0.5,
        "num_episodes": 300,
        "num_epochs": 10,
        "batch_size": 64,
        "horizon": 512,
        "entropy_coefficient_init": 0.1,
        "entropy_coefficient_target": 0.01,
        "entropy_coefficient_const": 0.01,
        "entropy_decay_steps": 100000
    },
    "run_configs": {
        "agent": "PPO",
        "environment": "ADVANCED",
        "entropy_setting": "FIXED",
        "plotting_setting": "REWARDS_AND_TRACK_DISTANCE",
        "zero_brake": false,
        "automatic_restart": false
    },
    "episodes_reward_data": [
        0.36189162166556343,
        -0.90944395493716,
        -2.1827668924815953,
        -0.9813048931246158,
        -3.2854410688451026,
        7.788976116178674,
        0.36080726934596896,
        0.653176574036479,
        0.37406324699986726,
        -1.0200786751665873,
        -0.7820630984788295,
        -0.12269496821681969,
        1.58108026314585,
        -1.7038459481409518,
        -0.8504321482032537,
        -0.5082510081483633,
        -0.9025207649247022,
        -1.2334061127912719,
        -1.1367394585395232,
        -2.8782319344900316,
        5.503420362554607,
        2.66038556471176,
        -0.19195633495110087,
        -1.2682278232532553,
        -0.25053491455037147,
        -0.033554812893271446,
        3.1068850420124363,
        -0.42279683890228625,
        2.5782426611694973,
        -0.6330375908873975,
        -1.6642195279418956,
        -0.25385431979520945,
        -1.587019276805222,
        4.192899696296081,
        -0.9518092738289852,
        -0.07924787094816566,
        2.24129890371114,
        -0.9744266925845295,
        4.117387800011784,
        -1.1046065134287346,
        -0.3088080767338397,
        1.7340875921072438,
        -0.09056450985372066,
        0.15973498206585646,
        2.842848281376064,
        0.18390140289557166,
        -0.057392695860471576,
        -0.42075475162710063,
        -1.1530934963084292,
        1.3285055818851106,
        -1.3232558786839945,
        0.1352882869541645,
        -0.32006289178389125,
        -0.5514073634549277,
        -0.4144805073738098,
        -1.7467235353542492,
        9.051563132845331,
        2.361254846560769,
        0.5186920020496473,
        17.06948069196369,
        0.673672740944312,
        7.518699083477259,
        -0.7192765040090308,
        0.997514868300641,
        -2.496278014208656,
        0.9630356489724363,
        1.103729860187741,
        -1.3674373973626643,
        0.9453857250045985,
        6.2704800345381955,
        4.696515427138365,
        7.390176035609329,
        10.039909236031235,
        4.174744768824894,
        1.8044956307858229,
        -0.022199818020453677,
        -1.6363801498955581,
        7.76830452682043,
        5.5407218156033196,
        -0.12493143029860221,
        -0.3823637166933622,
        0.31180813831451815,
        4.171543337783078,
        -1.64160336185887,
        0.978165154272574,
        4.980547313840361,
        -0.48817522695753723,
        3.5294738134980435,
        0.16301242907502456,
        -0.8776423235540278,
        9.543609010055661,
        0.11061415945005137,
        3.374233487818856,
        0.0901268981397152,
        3.5029723988845944,
        0.8163409292028518,
        12.591164246638073,
        -1.2768494127085432,
        0.08598457625339506,
        1.373747673816979,
        0.20249232091009617,
        0.7699231300503016,
        5.592238013166934,
        9.285945843279478,
        7.6679216000047745,
        15.13524978607893,
        2.4788202338677365,
        -0.5262642611924093,
        1.7005707530188374,
        18.413899086182937,
        0.7389157180441543,
        18.16371396841714,
        8.630483046683366,
        3.9556262333062477,
        -0.03867236242513172,
        14.17410634458065,
        9.82493113836972,
        12.365398044705216,
        7.059459647280164,
        -0.2801887132227421,
        -0.5201799769711215,
        19.714945355197415,
        25.44222953595454,
        1.4670024843362626,
        22.007343440789555,
        7.222489667299669,
        0.4792479891330004,
        9.175662060137256,
        5.145053994026966,
        8.399697001557797,
        13.158409681927878,
        5.1320951633679215,
        46.14353976678103,
        4.412357132008765,
        9.636134719083202,
        12.665393099887297,
        61.82919444143772,
        9.180072693590773,
        35.84175253342255,
        56.52229430357693,
        35.80650241179683,
        3.50209212343907,
        6.524365550350922,
        -0.41112635377794504,
        21.24269674928655,
        14.604401086922735,
        12.519835665967548,
        7.169392213923857,
        2.920354894544289,
        20.35810670792125,
        9.572244269678777,
        54.168133006554854,
        43.91175856334303,
        0.016354840248823166,
        27.617134374915622,
        21.121302358842513,
        40.02407043799758,
        7.98068049014546,
        7.505888421088457,
        16.716126681305468,
        45.76412228294066,
        24.609237592194404,
        8.149019104996114,
        21.94657897867728,
        15.546601078371168,
        34.515062936465256,
        6.339758757967502,
        0.4706113114953041,
        48.05838276054419,
        24.295540394610725,
        5.031297328110668,
        0.5819339316803962,
        11.321891005871294,
        35.22163726884173,
        55.8517828774784,
        83.63095396044082,
        37.890028967376566,
        34.443949909327785,
        69.33284221153735,
        20.147862432553666,
        82.08706531100324,
        6.743251027270162,
        17.174891737027792,
        66.60082279777271,
        33.193918277393095,
        59.79923918956774,
        26.874662813250325,
        23.577887796549476,
        3.2710834765894106,
        0.16728723049163818,
        9.418302071266226,
        -1.822783075607731,
        20.221859814686468,
        12.74490718197194,
        66.15698394496576,
        0.01329607330262661,
        13.22290780354524,
        3.842600252086413,
        12.504694851653767,
        0.40434460900723934,
        -0.9406269539613277,
        0.25474588200449944,
        18.593063929845812,
        63.471055249043275,
        20.84228395264654,
        45.136095701673185,
        2.0230175387114286,
        35.85227102111094,
        40.59142392552167,
        18.336643844959326,
        20.348121435934445,
        69.5243581757386,
        38.67682825983502,
        60.88168275159842,
        6.692594118474517,
        45.78882636979688,
        0.04483233019709587,
        29.22840118102613,
        8.704362059012055,
        14.128394019571715,
        -0.13508666679263115,
        -0.03719363547861576,
        32.53908655507257,
        24.86281346573378,
        -0.2013209294527769,
        21.14194916782435,
        25.14238622593257,
        45.85896599799162,
        28.51512643811293,
        22.363953362451866,
        17.349498177602072,
        52.70125175676367,
        93.23340044337965,
        19.903633093927056,
        47.816864674518,
        29.362264545285143,
        7.757242951076478,
        12.255758645304013,
        3.0852028732188046,
        31.020638330548536,
        21.434324307949282,
        15.125643229635898,
        64.93245485934312,
        17.825284337886842,
        21.814895492134383,
        16.203737124800682,
        14.194290271043428,
        17.601038954089745,
        34.9543035085735,
        33.21271600187174,
        10.98710309890157,
        3.3512608515593456,
        24.554055295418948,
        14.055788601282984,
        18.629981921170838,
        4.065831737490953,
        62.55443542229477,
        19.310611315260758,
        32.393375295592705,
        33.610852642479585,
