{
    "hyperparameters": {
        "learning_rate": 0.0003,
        "discount_factor": 0.99,
        "epsilon": 0.1,
        "gae_lambda": 0.95,
        "value_function_coef": 0.5,
        "num_episodes": 300,
        "num_epochs": 10,
        "batch_size": 64,
        "horizon": 512,
        "entropy_coefficient_init": 0.1,
        "entropy_coefficient_target": 0.01,
        "entropy_coefficient_const": 0.01,
        "entropy_decay_steps": 100000
    },
    "run_configs": {
        "agent": "PPOBETA",
        "environment": "ADVANCED",
        "entropy_setting": "FIXED",
        "plotting_setting": "REWARDS_AND_TRACK_DISTANCE",
        "zero_brake": false,
        "automatic_restart": false,
        "use_existing_model": "20230710_130904.644_model",
        "save_as_onnx_model": false,
        "seed": 3
    },
    "episodes_reward_data": [
        62.70134655799484,
        4.059741747798398,
        7.963629881822271,
        8.15792590045021,
        8.05327118706191,
        9.687725882278755,
        62.30859239818528,
        3.138445355143631,
        72.55004240147537,
        17.655143140233122,
        31.0028809690848,
        42.626874512119684,
        39.34308308013715,
        54.378815452888375,
        65.93393538886448,
        7.888449040954583,
        11.958500406646635,
        53.947434621310094,
        50.28316118926159,
        77.31744910776615,
        34.84642080430058,
        7.511575182848901,
        48.00163399236044,
        18.14275349691161,
        20.96924470178783,
        11.50942990310432,
        34.946193382842466,
        46.36363065347541,
        10.588358962952043,
        4.237982581646065,
        52.17869172641076,
        38.82420773757622,
        7.572824780625524,
        8.49230491257913,
        11.5729522514157,
        15.792438448872417,
        25.208474833721993,
        30.469287217012607,
        49.30431891832268,
        52.707342431880534,
        40.27662528632209,
        34.35585431128857,
        54.36840649903752,
        -0.02900121547281742,
        66.01544539863244,
        5.583356179136899,
        34.581615599105135,
        49.90053695390816,
        25.630001879515476,
        43.29871678724885,
        25.231662350328406,
        61.60954390768893,
        13.117302062993986,
        4.247131890326273,
        56.14846451574704,
        79.02770196905476,
        11.93641457616468,
        5.564728677971289,
        51.87091608531773,
        39.47981937369332,
        0.5341576281934977,
        44.64417034294456,
        11.022863450671139,
        63.86326690510032,
        51.57349124603206,
        47.28395649930462,
        41.534002353437245,
        71.68797161453404,
        51.6572473141714,
        43.48416273761541,
        64.29383852717001,
        0.23604344576597214,
        24.629966612934368,
        51.34924960928038,
        52.85976613807725,
        -0.3047220278531313,
        28.18500838667387,
        -0.008710118010640144,
        4.690008957317332,
        68.53573271706409,
        6.195322211977327,
        18.418730437289923,
        5.711867556354264,
        12.445917751989327,
        25.924920243327506,
        5.438506182952551,
        5.448264904989628,
        3.6626992475648876,
        41.49755654297769,
        4.247652599820867,
        48.844399869500194,
        64.17645348701626,
        23.940927124320297,
        44.46313888672739,
        42.786599068611395,
        44.68349334038794,
        19.028687792801065,
        37.06907286925707,
        40.45597983506741,
        52.792142404592596,
        4.779076711900416,
        6.279499155061785,
        35.159586894340464,
        0.05550149595364928,
        48.851288518548245,
        19.743116077035666,
        50.84889742778614,
        51.45054207649082,
        11.430061818755348,
        48.412504918524064,
        93.25616840366274,
        38.296357712271856,
        4.402587078773649,
        61.32743570083403,
        50.94557028199779,
        51.95769320518593,
        9.502059656515485,
        176.14656965853646,
        22.073218556295615,
        64.28287061786978,
        17.074326474248664,
        39.46482588455547,
        58.65128874903894,
        21.221191434393404,
        0.38061094284057617,
        64.77626687753946,
        40.679050574370194,
        40.62456459569512,
        102.00122077246488,
        16.87503025686601,
        22.47276686038822,
        16.766350640478777,
        24.783856004010886,
        110.35680987936212,
        25.12547279399587,
        55.879457072820514,
        4.481265111127868,
        77.24089665524662,
        71.39864203316392,
        20.722937050595647,
        67.83803719526622,
        69.08246604254236,
        64.58228026036522,
        23.71605797452503,
        34.98196271486813,
        108.9928991314955,
        75.20521737763193,
        99.70321713497106,
        78.43708154246269,
        63.04595775323105,
        97.86708907986758,
        14.848438763001468,
        50.812857236829586,
        86.55177806632128,
        89.77253520584782,
        112.30286140550743,
        56.14217896858463,
        52.02022404037416,
        57.111350063903956,
        95.95578482278506,
        63.218243348703254,
        52.585634813061915,
        115.34855036326917,
        187.20651774620637,
        59.82406394276768,
        39.48147298936965,
        55.353141668543685,
        69.75368466513464,
        17.611875455026166,
        101.97314272992662,
        62.572012822085526,
        65.71748676791321,
        27.466367336455733,
        88.65358284280228,
        65.57517446065322,
        119.34902377490653,
        69.36203082380234,
        62.85628003167221,
        66.65134382504039,
        54.9546891534701,
        105.01566999114584,
        177.97499082464492,
        86.2418742919981,
        -4.453946993686259,
        107.28579065142549,
        91.28069854917703,
        48.451435348484665,
        15.574850293807685,
        64.20330625027418,
        104.15081594561343,
        17.137630938610528,
        103.02781626170326,
        101.50648179714335,
        101.74354885006323,
        61.53250615185243,
        135.59567953948863,
        83.04981902361033,
        90.70924110624765,
        108.49210795642284,
        16.790861312299967,
        66.21934176963987,
        79.27553032706783,
        101.75149391729792,
        57.41889090009499,
        82.11365665186895,
        88.88453431872767,
        53.45292339567095,
        96.61658963251102,
        58.65127976948861,
        14.326213058069698,
        183.85425463921274,
        94.22055204404751,
        70.89616409537848,
        52.34261473547667,
        69.66061001151684,
        104.64288218447473,
        180.62922053132206,
        185.31589176764828,
        -0.24866743572056293,
        19.310272725735558,
        53.117039999051485,
        93.3300958226464,
        69.89317626022967,
        72.60655750721344,
        107.76162370940438,
        100.21973703798722,
        32.616414985619485,
        97.48169814544963,
        75.83204759066575,
        181.0665686977154,
        102.35343399635167,
        19.673765762505354,
        52.183329623250756,
        46.680995534174144,
        57.33097395952791,
        64.55444542469922,
        20.386626586318016,
        109.3028551719035,
        191.01153749752848,
        91.22252426670457,
        169.47237257054076,
        59.123035351978615,
        103.88167224053177,
        186.3118042515125,
        71.27869463575189,
        61.10384914040333,
        168.07852405463927,
        201.20479267917108,
        97.37050519889453,
        150.8280296176672,
        134.17537516489392,
        193.40168244494998,
        0.11610037460923195,
        205.61173033613886,
        64.09180477674818,
        57.57503401808208,
        4.843150821980089,
        49.13522351096617,
        185.9578185264545,
        81.34421368219773,
