{
    "hyperparameters": {
        "learning_rate": 0.0003,
        "discount_factor": 0.99,
        "epsilon": 0.1,
        "gae_lambda": 0.95,
        "value_function_coef": 0.5,
        "num_episodes": 300,
        "num_epochs": 10,
        "batch_size": 64,
        "horizon": 512,
        "entropy_coefficient_init": 0.1,
        "entropy_coefficient_target": 0.01,
        "entropy_coefficient_const": 0.01,
        "entropy_decay_steps": 100000
    },
    "run_configs": {
        "agent": "PPOBETA",
        "environment": "MIDDLE",
        "entropy_setting": "FIXED",
        "plotting_setting": "REWARDS_AND_TRACK_DISTANCE",
        "zero_brake": false,
        "automatic_restart": false,
        "use_existing_model": "20230711_005151.004_model",
        "save_as_onnx_model": false,
        "seed": 2
    },
    "episodes_reward_data": [
        -2.2777837254107,
        8.519685132050654,
        1.3453232115134597,
        10.161995010043029,
        -1.8258927622810006,
        6.0997547412407584,
        5.041776749014389,
        -0.5517303320229985,
        3.5098851885995828,
        7.4704046081751585,
        7.890577433456201,
        6.2323975882609375,
        1.6522433432692196,
        5.876103963702917,
        6.406368428841233,
        1.9400454712449573,
        0.898830187972635,
        9.118512185028521,
        3.9378453186363913,
        4.9753792096162215,
        11.450559493619949,
        9.616814396576956,
        10.971299018594436,
        22.503494040458463,
        -2.2191274187352974,
        -0.1384328011481557,
        6.267871445044875,
        5.102960823089234,
        0.39356134831905365,
        24.576078149606474,
        6.496594898286276,
        20.620408666029107,
        0.5055504338233732,
        4.892464551725425,
        10.820735869172495,
        6.182556672487408,
        10.387814831949072,
        8.809223267162452,
        -0.1713139032945037,
        1.1582909109129105,
        30.43583261567983,
        -2.605938488151878,
        22.17103406941169,
        -1.8514389619231224,
        1.344224350526929,
        4.484191467287019,
        8.770542256475892,
        6.930328648828436,
        7.498611389310099,
        6.834154716896592,
        1.6301147649937775,
        6.318172656930983,
        2.2606778486515395,
        -0.1943795019760728,
        -1.5940085053443909,
        0.573621257324703,
        7.334227837622166,
        9.115836122946348,
        2.953880713961553,
        3.8001902212854475,
        -0.6294872825965285,
        3.4468554562772624,
        1.6336021991446614,
        -0.302478919737041,
        4.569518780801445,
        -1.4767466157209128,
        5.694737336598337,
        -2.823254751972854,
        7.741625849681441,
        16.998807255877182,
        0.5375131303444505,
        -1.8803435834124684,
        12.40522103451076,
        9.836879844020586,
        0.35067399963736534,
        28.339349141868297,
        2.399795771285426,
        -3.9041681112721562,
        0.11946314387023449,
        3.5204361407086253,
        10.30087185796583,
        -1.110518456203863,
        3.3861557310738135,
        7.1168642258271575,
        10.632011726411292,
        9.303621843690053,
        1.8797499475767836,
        12.87096240738174,
        11.271225747652352,
        -3.356509316829033,
        0.7662767801084556,
        -0.585259011015296,
        -0.5025065977533814,
        4.5160202796105295,
        2.9845160089607816,
        26.325254639144987,
        1.572212431463413,
        9.31744567095302,
        17.00890460269875,
        6.032205221243203,
        -0.44591938704252243,
        7.70911783631891,
        -0.627394940238446,
        -0.414720944740111,
        -2.321290514431894,
        1.6627495549619198,
        -0.7283439869061112,
        9.443501870613545,
        8.379304090107325,
        21.63484572310699,
        4.103588905476499,
        17.768351086589973,
        3.2795982389361598,
        5.960234911646694,
        4.73061426053755,
        5.3474424025043845,
        23.819362773559988,
        -1.4880195232108235,
        1.806780647719279,
        17.828064042143524,
        5.787436161888763,
        -2.9129812894389033,
        8.339447904116241,
        7.448997430008603,
        9.790059877443127,
        7.712831073673442,
        25.80548081791494,
        0.9240716774947941,
        0.8875307734124362,
        -1.4609826607629657,
        2.0872597694396973,
        1.2352777644991875,
        8.189153250772506,
        3.186848333105445,
        2.238847978063859,
        1.0850150732439943,
        0.816611172282137,
        2.2788661636877805,
        8.706204826186877,
        -0.11263952689478174,
        2.503021878656,
        -0.242335324321175,
        5.923874710540986,
        3.837202050111955,
        35.65442977793282,
        1.6575881620519795,
        0.34182232432067394,
        -0.2583826660993509,
        6.929752649564762,
        1.3919210325693712,
        -0.48893102884176187,
        0.8683830397203565,
        10.72211629402591,
        5.4740546405664645,
        4.327774251054507,
        0.9616051651537418,
        4.912609601276927,
        0.5799303511157632,
        -3.266126678325236,
        1.4970760488067754,
        0.008473751426208764,
        11.381224915443454,
        2.493417927675182,
        13.760581256006844,
        2.2733310225594323,
        3.648130410700105,
        7.326389740774175,
        -1.2237269766628742,
        3.4285296492744237,
        1.8573042815551162,
        1.0887588236364536,
        5.984220738930162,
        4.097133922856301,
        29.006507378479,
        4.231828064104775,
        2.3139803253870923,
        19.66711021581432,
        -3.3012724838336,
        16.13267781434115,
        3.5588869643979706,
        2.210709471255541,
        9.680230550467968,
        11.43757408350939,
        2.2693648585118353,
        -4.09730004199082,
        50.165814883541316,
        8.33110024931375,
        15.719707301512244,
        0.23570752487285063,
        8.08788921451196,
        9.255471185955685,
        2.987495254725218,
        -0.12353123025968671,
        1.6865355600602925,
        6.5863527945039095,
        4.174894860887434,
        0.4815293811261654,
        15.84752896957798,
        2.0833223950467072,
        22.00596180744469,
        14.490762787027052,
        2.523997926618904,
        -4.122528033476556,
        -3.7183438558131456,
        6.51655136118643,
        9.041370355786057,
        16.943027931498364,
        33.547112273896346,
        12.211275445937645,
        5.437492625787854,
        8.652464232232887,
        45.974299349298235,
        32.4896017172141,
        2.9859053818508983,
        27.902027933712816,
        6.343869876640383,
        27.598467859323137,
        1.6576703103492036,
        47.40456012636423,
        19.836201754165813,
        53.8210164308548,
        2.5071372349048033,
        18.375351319089532,
        7.747015297412872,
        3.244910945184529,
        57.068489267956465,
        23.87499086081516,
        4.217628626676742,
        -0.6399106923490763,
        4.336877907946473,
        7.7256056987680495,
        50.901933630462736,
        8.355718449893175,
        0.4142898456484545,
        32.95557051585638,
        4.433651898056269,
        -0.5849638232029974,
        11.097346321912482,
        0.797865598462522,
        36.28064681508113,
        19.268862397409976,
        23.995199245400727,
        2.299265301786363,
        4.4859476246347185,
        41.44427029509097,
        17.67025089764502,
        4.37613670155406,
        9.978324266296113,
        2.3077305434271693,
        4.895516604359727,
        5.743001334369183,
        18.990499647334218,
        41.66012645052979,
        39.70209641865222,
        25.165359490638366,
        -0.9062910173088312,
        0.8393914278713055,
        23.516522872028872,
