{
    "hyperparameters": {
        "learning_rate": 0.0003,
        "discount_factor": 0.99,
        "epsilon": 0.1,
        "gae_lambda": 0.95,
        "value_function_coef": 0.5,
        "num_episodes": 300,
        "num_epochs": 10,
        "batch_size": 64,
        "horizon": 512,
        "entropy_coefficient_init": 0.1,
        "entropy_coefficient_target": 0.01,
        "entropy_coefficient_const": 0.01,
        "entropy_decay_steps": 100000
    },
    "run_configs": {
        "agent": "PPOBETA",
        "environment": "RIGHTTURN",
        "entropy_setting": "SCHEDULED",
        "plotting_setting": "REWARDS_AND_TRACK_DISTANCE",
        "zero_brake": false,
        "automatic_restart": false,
        "use_existing_model": "20230709_121341.764_model",
        "save_as_onnx_model": false,
        "seed": 3
    },
    "episodes_reward_data": [
        55.82099364549504,
        75.73556036362424,
        73.65687410501414,
        51.25566763995448,
        71.64327813347336,
        57.55887159179838,
        26.999122143985005,
        44.1263582801912,
        54.87183588146581,
        51.93923724188062,
        59.17820334321004,
        44.31035378485103,
        31.8183091590181,
        51.32238105600118,
        46.29247180535458,
        35.38072304736124,
        47.305138376075774,
        42.36074299708707,
        34.04076205933234,
        19.69393618084723,
        3.667398037214298,
        15.35357515112264,
        50.158469525689725,
        59.20607661525719,
        20.443741693685297,
        18.79285505664302,
        45.67541398209869,
        51.629250338621205,
        53.168284725921694,
        17.506723911385052,
        -11.709316019259859,
        42.75126876620925,
        -0.26598747984098736,
        -6.050725062712445,
        21.268831556953955,
        63.503813918694505,
        49.32384763393202,
        32.12422287481604,
        9.592122257075971,
        33.25877880322514,
        -15.74728720850544,
        -15.471231026225723,
        -2.800152344570961,
        -3.2329124203533866,
        -9.417759150092024,
        -8.099974255201232,
        19.18828203433077,
        17.73186115914723,
        -1.4325668477104045,
        -12.29669446463231,
        37.053759597969474,
        31.80010575306369,
        0.37245772828464396,
        30.576572707213927,
        9.33825291483663,
        17.29656276127207,
        -21.340398584958166,
        23.52845679067832,
        -40.13948108928162,
        13.741762264762656,
        -28.07820329532842,
        -21.07260543682787,
        7.502334290300496,
        -9.776670390099753,
        -24.912550852517597,
        2.332455729949288,
        0.19790748924424406,
        -9.503840537101496,
        -8.375767691264628,
        -6.398652678442886,
        -17.01275717356475,
        -23.610572947116452,
        -24.50436586898286,
        16.18030122066557,
        6.1667909973766655,
        -8.77904000984563,
        -18.769584310241044,
        8.179922935072682,
        -0.848638686875347,
        12.983949881483568,
        -27.583162194496254,
        -32.07685317991127,
        -11.848471835721284,
        -5.0377666458371095,
        -15.815920546869165,
        10.702506314701168,
        31.930068357629352,
        -0.7199880154221319,
        -24.178418141498696,
        -8.849010427540634,
        28.063878811990435,
        4.408585231460165,
        -5.5932043137727305,
        -32.9035306123551,
        8.095627844333649,
        -16.98364902078174,
        9.904486927378457,
        21.320108092520968,
        44.25360843035742,
        -23.36419275504886,
        -27.367437566426815,
        -31.503180170984706,
        -17.889732077426743,
        -2.8587844057474285,
        20.17828898082371,
        10.204349115549121,
        -30.127725732978433,
        -27.178500089314184,
        -30.277614557475317,
        14.25466777945985,
        25.360340069506492,
        -16.34003169495554,
        -20.12101600918686,
        -23.44097046618117,
        13.14701863953087,
        -17.4367817392922,
        -11.39549782697577,
        -24.7787995240069,
        -25.380325799516868,
        -16.748178227222525,
        -22.060334623907693,
        -6.966434290952748,
        -7.919138804951217,
        -12.00953438335273,
        -29.437813036201987,
        -34.85912871203618,
        26.593332560514682,
        -25.571661568130367,
        23.16338062300929,
        -34.94622711034026,
        -16.494991064595524,
        -18.04624079479254,
        -45.58465813603834,
        -30.514107746479567,
        -29.221333559267805,
        -30.474883355549537,
        -26.794644553330727,
        -22.766204945583013,
        18.463693472454906,
        -30.954859352030326,
        21.82228936556203,
        -18.410609249258414,
        -11.530536109145032,
        -24.313514858149574,
        -21.800745588261634,
        -39.93466274626553,
        18.635850312246475,
        -11.062684600779903,
        -34.27854867017595,
        -44.53907672234345,
        -34.284902948958916,
        -14.677619665948441,
        -41.08602797007188,
        -19.64892527955817,
        -0.8082208763080416,
        -7.846946098419721,
        -8.521400918718427,
        -11.63867192401085,
        -15.719118097535102,
        -4.449275606311858,
        -5.965715130558237,
        18.01655149825092,
        -11.990217344486155,
        13.162393171995063,
        -16.060161512781633,
        -12.768419366126182,
        -39.35589520528447,
        -22.63963995996164,
        -46.724424200336216,
        -14.127483180054696,
        -4.267154567234684,
        -6.776551408751402,
        -7.220402296909015,
        -6.1046996981604025,
        -26.183522615028778,
        -16.484790998481913,
        -3.8125060765305534,
        -1.7710329284891486,
        -4.9182498372974806,
        -20.589516197898774,
        -20.913359374622814,
        -24.410850117827067,
        -3.0809765089070424,
        -10.414264795705094,
        -1.2701779859053204,
        -9.846241621533409,
        -0.5933564957085764,
        -28.08243673069228,
        -4.5754755643429235,
        -22.70454165895353,
        -2.9394617932848632,
        -27.91829210036667,
        -7.148208474915009,
        -6.8239600377419265,
        -0.35292251259670593,
        -8.926020068640355,
        -9.006972591625527,
        -10.009353636909509,
        -11.435235273122089,
        -15.108762498392025,
        17.28497099968081,
        -7.919266226832406,
        -5.901896607756498,
        -4.712994351357338,
        -29.01512379554333,
        -22.388634460658068,
        -3.4754744119709358,
        -7.897628575970884,
        -0.23520417902909685,
        -3.175225861254148,
        -0.8538521722221049,
        -2.4775605163304135,
        -5.107633367471863,
        -4.513162397808628,
        -3.314674819528591,
        -15.912673202750739,
        -20.234210599039216,
        -1.2191464429633925,
        -7.226928436110029,
        -6.623488030250883,
        -0.6506456013594288,
        -25.627075578086078,
        -16.335288104310166,
        -1.0590946923330193,
        -2.5159177024906967,
        -9.349132922274293,
        -20.397371962928446,
        -2.809818898444064,
        -4.0389327527955174,
        -1.6689560796148726,
        -16.04139504977502,
        -12.666895604052115,
        -4.35165140380559,
        -23.09712232733,
        -24.923578714893665,
        -2.13298488566943,
        -6.183115903841099,
        -3.6365251600946067,
        -4.073376435320824,
        -6.918609504704364,
        -0.850517457263777,
        -10.916839266064926,
        -13.83136634103721,
        -12.124070489255246,
        0.16771352052455768,
        -6.780606816057116,
        -6.607779102458153,
        8.817866600998968,
        -10.865493149904069,
        -16.34846828901209,
        -9.760977777972585,
        -1.442425770626869,
        -17.53403077350231,
