{
    "hyperparameters": {
        "learning_rate": 0.0003,
        "discount_factor": 0.99,
        "epsilon": 0.1,
        "gae_lambda": 0.95,
        "value_function_coef": 0.5,
        "num_episodes": 300,
        "num_epochs": 10,
        "batch_size": 64,
        "horizon": 512,
        "entropy_coefficient_init": 0.1,
        "entropy_coefficient_target": 0.01,
        "entropy_coefficient_const": 0.01,
        "entropy_decay_steps": 100000
    },
    "run_configs": {
        "agent": "PPO",
        "environment": "ORIGINAL",
        "entropy_setting": "FIXED",
        "plotting_setting": "REWARDS_AND_TRACK_DISTANCE",
        "zero_brake": false,
        "automatic_restart": false,
        "use_existing_model": "",
        "save_as_onnx_model": false,
        "seed": 42
    },
    "episodes_reward_data": [
        -4.820837204752024,
        -5.858336269739084,
        -1.459885649208445,
        -6.726850811217446,
        -6.840909675578587,
        -1.5475949993997347,
        -8.89680672439863,
        0.06616467476123944,
        0.40007391496328637,
        -3.4447939560050145,
        -2.398550267171231,
        0.41510649264091626,
        -2.545968149905093,
        -3.8117418515030295,
        -7.6431815668183845,
        -8.452133788348874,
        -1.5600533247343265,
        -0.2104619706806261,
        -2.4468875537859276,
        -3.067151170092984,
        -1.4018206155305961,
        -1.7229055427524145,
        0.6612992115988163,
        0.50444206087559,
        -1.2051673176028999,
        0.06705284625058994,
        0.9519369218905922,
        -0.5146744471858256,
        1.3991202168690506,
        0.8591953118739184,
        -0.5674656140326988,
        0.5641826979990583,
        0.8242412392864935,
        0.5606760260416195,
        -0.7875354630086804,
        -4.3690128199523315,
        1.0482574908237439,
        -1.6424783901893534,
        -1.4058243510080501,
        -0.025082658365136012,
        1.1509058035444468,
        0.33055296156089753,
        -0.5956926723010838,
        -0.5146398705983302,
        -0.37509819942351896,
        -4.0215655214269646,
        0.06723673208034597,
        -3.7090514001320116,
        -2.468946904526092,
        -1.3361658653084305,
        0.5315701287472621,
        -0.43022547574946657,
        0.8885571943828836,
        0.007992967148311436,
        0.7096301922574639,
        0.6854533914884087,
        0.8890670150722144,
        1.4780596401251387,
        -2.8785926849523094,
        -1.3211987037866493,
        0.9817149333539419,
        1.6354583917418495,
        -0.1856882106512785,
        0.5262985448207473,
        1.51737047691131,
        1.0330806286947336,
        -0.40302354720188305,
        -0.7158183504943736,
        0.7755087918485515,
        0.6620770412846468,
        -5.747605900629424,
        -4.151667178826756,
        0.8067259017625474,
        -0.8953589084121631,
        -1.9686599035630934,
        1.1529137787874788,
        0.08338603031006642,
        1.4530433035688475,
        0.5765302833897294,
        0.8475444970390527,
        1.5442711028736085,
        0.5925787198357284,
        -1.6495925269409781,
        2.6026336197101045,
        -1.3686440169549314,
        -1.5128406239091419,
        0.780214722326491,
        -1.7736742362685618,
        -0.8189801551052369,
        2.0480673445854336,
        2.1992940136697143,
        1.0781624203373212,
        0.24013843081775121,
        -7.781107487506233,
        0.46937324258033186,
        0.28626569126936374,
        1.2386496161634568,
        -0.9471189503747155,
        1.2104678564355709,
        1.5557724815735128,
        1.193577233410906,
        -1.8399042769888183,
        1.4176640498335473,
        0.6941371508291923,
        0.13159076240845025,
        0.5028670271276496,
        0.388671299428097,
        -0.5673552142397966,
        -0.7266488769673742,
        0.14969013264635578,
        2.6333610021683853,
        2.988410975493025,
        2.005946073215455,
        1.1735299528809264,
        -4.05191990028834,
        -0.41948994967970066,
        0.19297913665650412,
        2.0276735450024717,
        -1.0590658728469862,
        -1.5737795448221732,
        0.6422882678743917,
        0.0904223335091956,
        -0.3461705868539866,
        -0.49433455715188757,
        -0.5682599726205808,
        1.0215214889321942,
        -1.9493152609211393,
        1.4871047434862703,
        3.0999204370891675,
        -1.4751172060641693,
        0.8425807082676329,
        1.3420472686411813,
        0.9460264422814362,
        -0.02424924838123843,
        -0.20707421623228583,
        -0.9853226646300755,
        0.7658931597979972,
        -1.3735938565223478,
        -0.012919232438434847,
        -1.3275132634589681,
        1.1318224447604734,
        -0.8766629625752103,
        2.1618102712382097,
        2.027077420207206,
        0.8643823658640031,
        -0.6815275582484901,
        1.8848110465769423,
        -0.1319651646190323,
        -0.007680069480556995,
        -0.34506214535213076,
        -1.084162645332981,
        1.1939091110834852,
        -0.6263358165742829,
        1.245139810780529,
        1.0696529083070345,
        -0.7582577311986824,
        -0.6706377286027418,
        0.2796926099108532,
        0.5944819783908315,
        0.6952364793687593,
        0.8122796777606709,
        0.8734091120859375,
        0.5398697157506831,
        -0.6288529998928425,
        1.1401393123378512,
        -1.2627781006740406,
        0.047192445083055645,
        1.1641159770515515,
        0.8122415718971752,
        -1.3965565763646737,
        -1.2010035220446298,
        1.1445582435117103,
        -1.4550033445266308,
        -0.6910391037818044,
        -1.600145079079084,
        0.6933118681045016,
        2.045564805113827,
        -0.3978529669693671,
        0.5356734440429136,
        -1.1664015050046146,
        0.8846917159389704,
        0.7872256186092272,
        0.2790509796468541,
        1.3811344555579126,
        -2.0554390164397773,
        -0.9860713866073638,
        -1.1358726493199356,
        0.7525708654211485,
        0.9273223093914567,
        1.6857772778894287,
        -1.2613267648266628,
        -1.5232942822694895,
        1.293072073138319,
        0.4311247897276189,
        -1.5661899127735524,
        0.49147655919659883,
        -0.2857986537273973,
        1.697071178990882,
        -2.0070347036235034,
        0.7326396417629439,
        0.05257895350223407,
        0.6973172586585861,
        -0.2080240133072948,
        0.8794143536943011,
        0.7111698959488422,
        1.943939774093451,
        -0.9779060127621051,
        1.4773403456783853,
        0.7133864916395396,
        0.7117657084891107,
        0.5328478987503331,
        1.5990223257394973,
        1.7154320048866794,
        -1.234754108620109,
        -2.586116244579898,
        1.7987677056808025,
        -1.5213946083385963,
        0.21015241082932334,
        1.6168822905528941,
        0.907940186036285,
        0.3537822005455382,
        1.1931937703920994,
        1.4584805835911538,
        -1.5178369132918306,
        -0.46322552871424705,
        1.1645008215564303,
        0.9671717327291844,
        1.3039796281664167,
        1.011255650082603,
        1.6365060766984243,
        1.2518311565509066,
        2.5388754711893853,
        -0.7176312202136614,
        1.9668045709840953,
        1.3887077697727364,
        0.6917926376117975,
        2.4675559152965434,
        -2.1072580168256536,
        -0.30426870699739084,
        0.9905827687762212,
        2.10823145401082,
        0.47886218247003853,
        0.8537770565599203,
        -1.5250405601691455,
        -2.1123524357099086,
        -1.1266940292407526,
        0.3356230857898481,
        -1.0718405645457096,
        1.9460371366294567,
        1.5844565576990135,
        0.5229931610519998,
        0.6630472960241605,
