{
    "hyperparameters": {
        "learning_rate": 0.001,
        "discount_factor": 0.99,
        "epsilon": 0.1,
        "gae_lambda": 0.95,
        "value_function_coef": 0.5,
        "num_episodes": 300,
        "num_epochs": 10,
        "batch_size": 64,
        "horizon": 512,
        "entropy_coefficient_init": 0.1,
        "entropy_coefficient_target": 0.01,
        "entropy_coefficient_const": 0.01,
        "entropy_decay_steps": 100000
    },
    "run_configs": {
        "agent": "PPOBETA",
        "environment": "ORIGINAL",
        "entropy_setting": "FIXED",
        "plotting_setting": "REWARDS_AND_TRACK_DISTANCE",
        "zero_brake": false,
        "automatic_restart": false,
        "use_existing_model": "",
        "save_as_onnx_model": false,
        "seed": 2
    },
    "episodes_reward_data": [
        -7.423874579835683,
        -10.778713325300487,
        -7.483889073948376,
        -5.5421502344397595,
        -8.542551299004117,
        -5.022052391577745,
        -1.2357178998645395,
        -0.7584281237795949,
        -1.778194392711157,
        0.33840121305547655,
        -1.9299787122872658,
        -0.2871352599468082,
        -0.33822902280371636,
        -0.8519899880629964,
        0.706896657589823,
        -1.3141411105025327,
        0.9278593726558029,
        0.1515885675617028,
        -0.5753618815069785,
        -2.26440683947294,
        -0.16179569900850765,
        -1.5313473525020527,
        0.3485791728598997,
        -0.8844628445804119,
        -0.1365457195934141,
        -0.4656597370048985,
        -0.3329558778204955,
        0.3207097006670665,
        -0.7936300785659114,
        0.14352640513970982,
        -0.2712904459622223,
        -0.3110982677753782,
        0.11020194887532853,
        0.38133946488960646,
        -2.2162416472565383,
        -0.6578327915049158,
        -0.016532850946532562,
        -1.1391622495430056,
        -0.001366203185170889,
        0.3735263772541657,
        0.6474642493703868,
        0.3605554967507487,
        -0.6419919590698555,
        -0.6104575671924977,
        0.6890585244400427,
        -1.1065995711833239,
        0.5341848312527873,
        0.12977359189244453,
        0.08514919351728167,
        0.23074357095174491,
        0.7777372385316994,
        -1.5646610235562548,
        -0.026242483989335597,
        -0.4654879387526307,
        0.32636425871169195,
        0.8424781702342443,
        4.098824597669591,
        0.10377830424113199,
        -0.26063658026396297,
        2.57844402018236,
        0.7844483784283511,
        -0.18782562352134846,
        -0.9164265473373234,
        -0.360331108502578,
        0.7847747261403129,
        0.5563363423279952,
        0.19318441979703493,
        3.659229522498208,
        -0.6553234383754898,
        -0.3131616278842557,
        1.0007481776701752,
        -0.1849148998153396,
        0.042933602788252756,
        0.6001314879104029,
        0.2611525118991267,
        -0.44075759514817037,
        -0.141397180610511,
        0.2478841043484863,
        0.29257785476511344,
        0.8356050796282943,
        0.7475491616642103,
        0.11646698514232412,
        -0.28628156139166094,
        1.0271686837659217,
        0.7771968074375764,
        -1.7546994816802908,
        -0.1579501780506689,
        -0.4077594856498763,
        0.7654645250549947,
        2.447980739409104,
        -0.9918300496938173,
        4.772269291905104,
        -1.7821507395419758,
        0.5804021452495363,
        0.05089258671068819,
        1.3915201526833698,
        -0.9895928141486365,
        -0.8105271683889441,
        -1.6871686412778217,
        0.7695825603441335,
        -0.36760049941949546,
        -2.6105729853734374,
        0.3438539669732563,
        1.4520546829444356,
        0.032071647117845714,
        0.19672000396531075,
        0.04488914483226836,
        1.3096904926933348,
        -0.009270063863368705,
        0.7435721048968844,
        -0.07307901633612346,
        5.568699781913892,
        -0.29261465996387415,
        0.2751807971508242,
        2.00062649177562,
        1.2564463330782019,
        2.324728826228238,
        -1.7046589934761869,
        -0.39833493626792915,
        -0.4095643080654554,
        0.20824548928067088,
        2.504794734704774,
        0.04934498394140974,
        2.9386854215699714,
        2.3645081015711185,
        0.6683075333712623,
        1.960509273572825,
        1.0498887772846501,
        -0.10703654863755219,
        -0.8210223506393959,
        -0.4203955489501823,
        -0.23722642569919117,
        -1.68276757968124,
        2.51638457851368,
        -1.2977571602677926,
        0.5064992233237717,
        0.5945121154945809,
        -0.22330111371411476,
        -0.39562838929123245,
        2.422820938634686,
        1.4168962931871647,
        7.397857661489979,
        -0.46614397180383094,
        0.8404065391223412,
        1.9104837815393694,
        0.8458901354897534,
        -0.4175753956224071,
        1.5095887318020687,
        -0.7539742583467159,
        0.7424649549648166,
        2.724092798656784,
        -0.12163358076941222,
        -0.05039838782977313,
        -3.0376167605427327,
        0.3812040111370152,
        5.40371101792698,
        0.7788438519928604,
        0.4570061081467429,
        11.276935624737234,
        2.5882469006464817,
        6.196767037989048,
        0.8286438684444875,
        2.1341990918735974,
        1.877718830248341,
        1.4785587172373198,
        0.1687978736590594,
        0.12625268154079095,
        -2.0954735965206055,
        0.5807536992942914,
        -1.7186918493825942,
        3.359910413302714,
        1.291180849642842,
        -0.35975543910171837,
        -0.27209078427404165,
        3.4288543551811017,
        0.8672014962066896,
        2.5826208597572986,
        0.37975400788127445,
        0.18682200799230486,
        3.7993386876187287,
        1.407788422104204,
        2.7347246614226606,
        0.3726558968774043,
        0.9666102989576757,
        1.7760220146155916,
        2.668743325426476,
        -0.6601438524521654,
        -0.6917930633644573,
        0.5886379179137293,
        10.468541922367876,
        4.92984660732327,
        -0.48685345830745064,
        0.7055643427011091,
        1.426528091484215,
        0.03190382191678509,
        0.9573565489554312,
        5.5611835711752065,
        0.2177342819632031,
        0.3037033482978586,
        3.6769425435049925,
        3.8488245856715366,
        7.021538221044466,
        -0.4944849301245995,
        12.264998028433183,
        0.2688560707101715,
        0.0006386206659954041,
        0.3542831887170905,
        -0.8810055839130655,
        1.209958983323304,
        6.1847793035558425,
        4.165376488643233,
        5.789789328176994,
        -1.0646204912045505,
        2.7015430696192198,
        10.068661643977975,
        -0.7596430432458874,
        5.447593503515236,
        -0.017027527996106073,
        3.428345196705777,
        -0.7177506541775074,
        26.673970807285514,
        35.504731235210784,
        1.3042196648893878,
        3.7418904681690037,
        19.28345581603935,
        5.527489593194332,
        22.848785331560066,
        1.9584870596590918,
        0.39967291070206556,
        53.23016187426401,
        1.5394004016416147,
        141.35484737658408,
        89.62898638990009,
        196.54181829461595,
        97.19776118191658,
        200.97032743818272,
        145.7832426406094,
        51.17739618662745,
        218.72445839524153,
        226.7280399913434,
        3.6156188537133858,
        185.6910661868169,
        215.68282840351458,
        68.71230735979043,
        220.1956958657538,
        219.3252984797291,
        225.79771680690465,
        233.81816336230258,
        107.0270658491645,
        181.78201873974467,
        100.57120705611305,
        149.56498970402754,
        16.600688919686945,
