{
    "hyperparameters": {
        "learning_rate": 0.001,
        "discount_factor": 0.99,
        "epsilon": 0.1,
        "gae_lambda": 0.95,
        "value_function_coef": 0.5,
        "num_episodes": 300,
        "num_epochs": 10,
        "batch_size": 64,
        "horizon": 512,
        "entropy_coefficient_init": 0.1,
        "entropy_coefficient_target": 0.01,
        "entropy_coefficient_const": 0.01,
        "entropy_decay_steps": 100000
    },
    "run_configs": {
        "agent": "PPO",
        "environment": "ORIGINAL",
        "entropy_setting": "FIXED",
        "plotting_setting": "REWARDS_AND_TRACK_DISTANCE",
        "zero_brake": false,
        "automatic_restart": false,
        "use_existing_model": "",
        "save_as_onnx_model": false,
        "seed": 42
    },
    "episodes_reward_data": [
        -5.001381512207445,
        -6.8982855511130765,
        -12.800480956706451,
        0.8856708172825165,
        -7.588649923709454,
        -1.434069240342069,
        -7.922115259629209,
        0.4088686430477537,
        0.14710288503556512,
        -4.416530448477715,
        -5.921199228439946,
        -13.094401875394396,
        -1.7793798095663078,
        -3.3563949308008887,
        -2.6977441100170836,
        -3.0811094770324416,
        -4.84398691993556,
        -3.424114767112769,
        -3.028128364851,
        0.1761170784884598,
        -4.098072618697188,
        -2.6169826811383246,
        0.7977950471104123,
        0.6488390533049824,
        -1.1951372623298084,
        1.1508183146943338,
        -1.9221595651470125,
        0.3077638188842684,
        0.8002970119705424,
        0.26266286487225443,
        -0.8522686561918817,
        -3.012775401948602,
        0.41268037393456325,
        1.060141477653815,
        -0.8312958400056232,
        -5.724378828279441,
        1.2428681018063799,
        -1.5202450425713323,
        -1.3361555216251872,
        0.31949211945175193,
        0.5190777076059021,
        0.28901931893778965,
        0.6246893147472292,
        0.9198866128790542,
        -0.8784472079350962,
        -1.8932419930351898,
        0.807586302049458,
        -3.65595233431668,
        1.0524105460644932,
        -0.5482240867422661,
        1.1734002841985784,
        -0.918487763236044,
        -0.29334621550515294,
        -2.5086083598580444,
        1.0116548609657912,
        -0.02306155947735533,
        -0.32692486530868337,
        0.8995960567262955,
        -0.44061887421412393,
        -1.6398236936001922,
        0.16430728643899783,
        0.7688078195351409,
        0.0467933468753472,
        -0.12257686752127483,
        -1.881206051853951,
        -2.583396025962429,
        -0.026322253979742527,
        0.47701247707300354,
        0.7557524519506842,
        -1.7532606694148853,
        0.7871990409330465,
        0.5249797820579261,
        2.099911732773762,
        0.5955491098284256,
        1.0755654986060108,
        0.25347981543745846,
        -1.537993973819539,
        -0.3299166877986863,
        -1.2087417307120631,
        -2.4735546062875073,
        -2.507422167866025,
        0.3453924944915343,
        0.6087419191899244,
        -0.5048130849318113,
        -0.34793418474146165,
        0.5755259424913675,
        1.282381099605118,
        -0.3964608365786262,
        2.0619014319963753,
        0.01807548906072043,
        1.026183565845713,
        2.5605199646379333,
        0.7928539870190434,
        0.2459051960904617,
        0.39911175167071633,
        -0.24210746274911799,
        0.41575600134092383,
        0.9320743196440162,
        1.5762778278149199,
        0.5682525513984729,
        0.7965081370784901,
        1.3314789958894835,
        1.0343855452374555,
        -2.147809323068941,
        1.7044050960685126,
        0.7636103840632131,
        0.13688201154582202,
        0.3727378307376057,
        -0.44711755856405944,
        0.4466375981573947,
        1.1974723886087304,
        -1.3103264570236206,
        -2.0509551083960105,
        -1.3806384559211438,
        1.5288637442863546,
        1.8894586433307268,
        1.5297781157423742,
        -1.2062096028530505,
        1.0178736828820547,
        0.27531487474334426,
        0.8997878818045137,
        1.0474433919298463,
        1.9933976393658668,
        1.0529761032084934,
        1.003492032556096,
        2.1354626859829295,
        1.8476538532122504,
        1.033065940195229,
        1.0566449859907152,
        -0.668838873229106,
        0.6054419575957581,
        1.1980867901002057,
        -1.0301281629217556,
        1.1488214129931293,
        1.045178332773503,
        1.1567446654371452,
        1.2474640339787584,
        -1.4793533104893868,
        -3.6080079966050107,
        0.6338986135160667,
        1.4694353871163912,
        1.12342694166,
        -0.6809392122959252,
        -3.2087727799080312,
        0.1887583275747602,
        2.551898787554819,
        0.4867855371630867,
        -1.1124506255437154,
        1.25353353209357,
        0.5011940292606596,
        -0.04547786631155759,
        0.7713814903836465,
        0.7519479590700939,
        0.36295071699714754,
        0.10896810199483298,
        -0.1176033592200838,
        0.7451871569210198,
        2.1999326052318793,
        1.4999547966290265,
        3.666095809225226,
        4.130311253655236,
        0.32747759274207056,
        -1.6311509607330663,
        0.7187242121144664,
        2.558128016811679,
        0.7699548856762704,
        0.8781067334057298,
        -2.582879238005262,
        -0.9751154338009655,
        1.1424536315607838,
        0.8211923118797131,
        0.289788066285837,
        1.7598828705667984,
        -0.4240947542566573,
        0.6320568930241279,
        1.4430471172527177,
        1.537903867138084,
        1.5024707480624784,
        2.3181377307337243,
        -0.8363665063225199,
        -3.117724143055966,
        -0.08837438469345216,
        0.45848922221921384,
        -1.0810204660519958,
        0.8099587578471983,
        1.5553574357763864,
        -1.55315304837859,
        0.38815928355325013,
        -1.7214358538767556,
        -0.06875016738194972,
        1.224357508966932,
        1.4815860686067026,
        -0.34509726738906465,
        -1.0956698044610675,
        0.6835814183577895,
        0.6533162101550261,
        1.3761071022599936,
        0.34661987161962315,
        0.4469496496603824,
        0.7332523230506922,
        0.7737988243170548,
        -1.5881198854767717,
        2.0452887230494525,
        -1.4734877687878907,
        1.7714521160232835,
        -1.3658354401995894,
        -1.5147551194677362,
        0.6915258258813992,
        0.760931804892607,
        1.541117535729427,
        0.08785907117999159,
        1.6463400283246301,
        0.5345963109575678,
        -1.0926639442623127,
        -0.35146985680330545,
        -1.857704810987343,
        -1.2859498570323922,
        -4.24454160912137,
        1.0593457137292717,
        0.9058011171291582,
        1.301915215793997,
        -1.0401368035381893,
        1.0887469136869186,
        -0.911955193587346,
        0.8459997918980662,
        1.3185478731174953,
        0.8928983316291124,
        -1.9761508776864503,
        0.6630865995539352,
        2.868154516298091,
        -1.952679239155259,
        -0.8087667023792164,
        1.4941104513127357,
        1.1230792573769577,
        -0.8590180788669386,
        2.011371081316611,
        -0.9628889108425938,
        0.7171223491750425,
        -2.152062433960964,
        0.3356816088198684,
        0.22724745963932946,
        -0.3933649424725445,
        -1.1672110214276472,
        0.540557929984061,
        -0.3057957236014772,
        0.21689022530335933,
        -1.257415909160045,
        -5.032541798718739,
        0.7734426575480029,
        0.8449398519587703,
        1.3866036926629022,
        1.9778112983331084,
        0.7466980673780199,
