{
    "hyperparameters": {
        "learning_rate": 0.0001,
        "discount_factor": 0.99,
        "epsilon": 0.1,
        "gae_lambda": 0.95,
        "value_function_coef": 0.5,
        "num_episodes": 300,
        "num_epochs": 10,
        "batch_size": 128,
        "horizon": 1024,
        "entropy_coefficient_init": 0.1,
        "entropy_coefficient_target": 0.01,
        "entropy_coefficient_const": 0.01,
        "entropy_decay_steps": 100000
    },
    "run_configs": {
        "agent": "PPO",
        "environment": "ORIGINAL",
        "entropy_setting": "FIXED",
        "plotting_setting": "REWARDS_AND_TRACK_DISTANCE",
        "zero_brake": false,
        "automatic_restart": false,
        "use_existing_model": ""
    },
    "episodes_reward_data": [
        2.730031233339105,
        1.4707229043124244,
        2.1663766391429817,
        3.7152284143085126,
        3.754138779535424,
        -0.46747458312893286,
        4.32077398619731,
        -1.4649392388528213,
        1.4812060978729278,
        0.4139668538409751,
        -2.5708608991117217,
        -3.0907299144746503,
        1.2632050442916807,
        1.3719169930554926,
        2.450260150784743,
        -0.8446421493717935,
        -1.1943046912710997,
        4.668858416487637,
        1.3726863049087115,
        2.9906016394670587,
        1.6819818089861656,
        1.2907594733696897,
        0.13573683373397216,
        8.95603175702854,
        6.353482582024299,
        1.8493979899212718,
        2.4276809276198037,
        -0.45610581248183735,
        1.4395205447362969,
        -0.5579726798168849,
        1.091416987033881,
        -0.5630339083218132,
        1.2670066704158671,
        1.2077986539516132,
        -3.0278255068551516,
        4.343696457872284,
        0.060574362199986354,
        11.87809960093,
        0.11925527508719824,
        1.5739735982497223,
        -1.0354494603234343,
        3.1511939316260396,
        4.567322853654332,
        1.3299215589649975,
        0.3614246542856563,
        -1.012879698733741,
        -2.827570511952217,
        4.715749361428607,
        -1.2835190197220072,
        1.2005898723436985,
        3.3034863743232563,
        -1.246321576196351,
        0.4270794650365133,
        0.8465951497855713,
        -2.3196572276210645,
        0.5679803313687444,
        0.9694395669503137,
        0.04682113730814308,
        7.490670441475231,
        0.5788830522360513,
        3.473485458373034,
        -1.6797512551420368,
        -0.923450529393449,
        1.52424620664533,
        0.781256994632713,
        3.130542613194848,
        3.471447564457776,
        5.125063213636167,
        3.2594667835219298,
        4.728517158386239,
        -0.25561326317256317,
        0.5761630357883405,
        6.454004394472577,
        5.833615749841556,
        2.0577895797032397,
        -1.0870607263495913,
        1.7290490247032722,
        2.801759009133093,
        7.6208966402336955,
        1.5364419665274909,
        4.324603205779567,
        6.152948606817517,
        -0.31926124182064086,
        -0.5875998697156319,
        3.5728894967323868,
        11.986211944487877,
        0.9975080525910016,
        2.9134151203470537,
        12.24432104882726,
        3.593897220416693,
        7.450464450113941,
        4.279886708638514,
        5.912108068376256,
        4.720056866033701,
        3.9271733795612818,
        -1.6027599163062405,
        6.392701163327729,
        2.9239084119326435,
        10.175118005689,
        1.7116565946489573,
        14.317599559835799,
        3.7679255402763374,
        4.812637954048114,
        0.18835402984404936,
        2.093577803883818,
        2.1018334921100177,
        7.427761736496905,
        4.350262330532132,
        1.481164594857546,
        10.591997059294954,
        10.61748721684853,
        0.24441658219438978,
        5.646963937178953,
        4.6230490331945475,
        19.574824719165917,
        2.991332873585634,
        1.275628776224039,
        -0.00616630888544023,
        -0.9897836145246401,
        -0.9558424659335287,
        8.568098584131803,
        4.961339399385906,
        15.40039673371939,
        -0.11448326130630448,
        2.5002935455413535,
        4.305870510142995,
        4.642988382380281,
        1.995333258091705,
        19.91632054085494,
        5.605367839889368,
        16.043941423107754,
        3.549620905341726,
        4.646334232704248,
        -1.6048364246962592,
        1.4871391997439787,
        15.709473540249746,
        10.75310848702793,
        9.197176513436716,
        6.804728176328354,
        8.99585787345859,
        0.33073752219206654,
        20.943819865045953,
        0.9795414692198392,
        26.84320681540703,
        12.32285011793283,
        36.29060430894606,
        12.24377648200607,
        6.553274063538993,
        10.62837631299044,
        16.031946727627655,
        7.214523207585444,
        7.390037495235447,
        -1.6156744247709867,
        5.405931336856156,
        12.802896521257935,
        4.4458317167300265,
        7.38477789425815,
        10.989200752868783,
        63.41371883969987,
        4.0594074818945955,
        22.5488272421062,
        5.429515477022505,
        6.344727052550297,
        12.320169721926504,
        8.242245938690758,
        2.861665073345648,
        14.38401980956769,
        22.592518446937902,
        -1.1304867083526915,
        6.83557147688407,
        6.949915286706528,
        17.474524742909125,
        46.83031077164924,
        35.842337313399184,
        20.5420560377097,
        108.2577806906047,
        16.856756571447477,
        19.38931452180259,
        22.04551955279021,
        38.71467246727843,
        28.575815056130523,
        14.69928220282236,
        49.39019496210676,
        24.204227413079934,
        13.705280325812055,
        25.338777257318725,
        58.04435043796548,
        10.788066228531534,
        23.841601646738127,
        43.56187699511065,
        6.803933811985189,
        27.214152165688574,
        45.46977509405406,
        33.84696054428059,
        22.389864714758005,
        10.623814892169321,
        12.911362263839692,
        5.906022865849081,
        8.136103163888038,
        17.551323990439414,
        55.17548430185707,
        22.51951979972364,
        16.266980754910037,
        5.570918990008067,
        8.229331076800008,
        35.62096510576521,
        16.59395261622558,
        34.96543925534934,
        32.649791498159175,
        14.693210781770176,
        9.06865433207713,
        147.1349491616129,
        60.37136416620342,
        174.01069238726632,
        209.19211272575194,
        36.61146106972592,
        10.936141189260525,
        96.11098840039631,
        204.87292916340812,
        161.6750604523695,
        134.18627267950797,
        11.045173360675108,
        12.741613395803142,
        83.35551331556053,
        12.30516700555745,
        31.694024748998345,
        49.59511957736686,
        97.90411395188858,
        44.78237627656199,
        51.78110632416792,
        46.24543070940126,
        210.91980288503692,
        43.321487935587356,
        28.063759098789888,
        17.992827988404315,
        214.46743326971773,
        209.78496030298993,
        3.336212887428701,
        12.273590297147166,
        217.7956042639562,
        220.37610843022412,
        124.08578164480423,
        18.008409460948315,
        22.949069935420994,
        89.59857343306066,
        46.38669223627949,
        125.34421737975208,
        217.4004502146854,
        133.4691751319333,
        219.17940569331404,
        7.9433423807204235,
        52.975318557117134,
        35.44769835091574,
        36.45211687556002,
        57.36974078393541,
        40.51122204688727,
        49.04994079346943,
        30.824640125327278,
        65.8028425965822,
        218.7879914224759,
        218.99216628348222,
