{
    "hyperparameters": {
        "learning_rate": 0.001,
        "discount_factor": 0.99,
        "epsilon": 0.2,
        "gae_lambda": 0.95,
        "value_function_coef": 0.5,
        "num_episodes": 300,
        "num_epochs": 10,
        "batch_size": 64,
        "horizon": 512,
        "entropy_coefficient_init": 0.1,
        "entropy_coefficient_target": 0.01,
        "entropy_coefficient_const": 0.01,
        "entropy_decay_steps": 100000
    },
    "run_configs": {
        "agent": "PPO",
        "environment": "ORIGINAL",
        "entropy_setting": "FIXED",
        "plotting_setting": "REWARDS_AND_TRACK_DISTANCE",
        "zero_brake": false,
        "automatic_restart": false,
        "use_existing_model": "",
        "save_as_onnx_model": false,
        "seed": 1
    },
    "episodes_reward_data": [
        0.04989494720939547,
        1.5009761624241946,
        2.1896054903627373,
        -4.924398749069951,
        2.741100926461513,
        1.011217982377275,
        2.302574656845536,
        -1.034319678117754,
        -0.1863904790370725,
        2.557879876549123,
        1.5703327357769012,
        2.2836928661563434,
        1.2228366490453482,
        0.558939981914591,
        11.049874034157256,
        0.7697424536454491,
        -0.40174668570398353,
        0.8719184335786849,
        0.6175250547239557,
        1.8156203991675284,
        2.3763791952223983,
        2.8420728424098343,
        -1.6441314929397777,
        0.32152714239782654,
        1.643009474617429,
        0.09962699410971254,
        -2.4802060658694245,
        6.279766474326607,
        15.926628724351758,
        8.515200101857772,
        4.164932974381372,
        24.974812604195904,
        17.690613318627584,
        8.842855240087374,
        132.30642794705636,
        135.01631825591903,
        75.42203666985733,
        10.81215701342444,
        78.78892999142408,
        37.4741359987529,
        31.98657520429697,
        22.5533598997863,
        13.046847562247422,
        43.96199612849159,
        167.45004272082588,
        173.4590371462109,
        108.31494848674629,
        150.71765799666173,
        163.4090908865619,
        212.75705993699376,
        33.19507653921028,
        218.78162350453204,
        30.72417643928202,
        56.48365277404082,
        220.57532117317896,
        223.67001333407825,
        106.84825736071798,
        42.515419252740685,
        68.4580936199709,
        70.46404191607144,
        19.733599999162834,
        44.38380507711554,
        74.94203401650884,
        130.55738281528465,
        144.5259769888071,
        0.9700603075616527,
        53.902632184297545,
        25.294965657696594,
        16.400660669096396,
        200.99537495401455,
        165.29963056283304,
        222.71835504137562,
        220.27059505690704,
        105.96731772943167,
        52.00562266322959,
        223.4933707501914,
        241.44683915012865,
        68.07805717960582,
        78.88252796701272,
        18.303691589397204,
        121.47770815819968,
        179.6549200443551,
        52.05582557868911,
        221.32446458509366,
        23.852762458263896,
        0.6832167364264023,
        1.185699959693011,
        3.6375872319404152,
        -0.2300144998880569,
        0.24740851475507952,
        0.5243565125856549,
        -0.1284929788671434,
        0.37690256533096544,
        1.1095119671954308,
        -0.5411578441562597,
        1.0859798098535975,
        -0.4751921146234963,
        1.1786040176521055,
        -1.8367584236621042,
        4.562732594342378,
        6.5275132453098195,
        -1.0997378598549403,
        -1.3996461569331586,
        2.6638122049917,
        1.5653370644431561,
        0.42349864073912613,
        -1.7681020486925263,
        1.7250694701215252,
        1.6831101170100737,
        1.031902503935271,
        0.9176356138777919,
        0.5262172706861747,
        1.029781907578581,
        2.589525631192373,
        1.3909798298263922,
        2.675399623258272,
        -1.1572890053284937,
        0.18419321218971163,
        9.054357118511689,
        14.137438136975106,
        0.5791066940873861,
        4.880071865336504,
        6.62289955111919,
        -0.37283084908267483,
        -1.0536039075814188,
        25.83694132079836,
        7.19097128912108,
        14.708908796208561,
        10.41826826389297,
        6.695057261618786,
        0.6240825599816162,
        3.0827052138920408,
        25.102025737403892,
        27.250892153620953,
        1.5660183957079425,
        3.4531690280127805,
        2.4275107265566476,
        11.770818538905587,
        7.506062536966056,
        7.160810347064398,
        26.617233174532885,
        0.709351308119949,
        16.565866573742824,
        2.011136772329337,
        9.128237389028072,
        8.107431153068319,
        5.9549859653634485,
        7.037761211016914,
        3.3538953987590503,
        3.5473114330525277,
        3.5577529357979074,
        1.5046376863319892,
        13.629995743438485,
        6.89390652460861,
        5.901786171307322,
        5.487434273236431,
        1.8563604341470636,
        3.5736274739319924,
        5.65456723839452,
        2.902584396128077,
        19.930219668378413,
        38.990817344689276,
        24.592323921373463,
        2.190520007687155,
        24.938772420427995,
        10.881551668833708,
        8.618081365595572,
        1.1001180324383313,
        6.3345656868914375,
        12.63199644634733,
        4.571232366171898,
        8.739178659685422,
        1.9960133938584477,
        9.835831951233558,
        2.589174081775127,
        4.121536053717136,
        14.908224435712327,
        1.3165405838226434,
        5.084447072353214,
        14.089572245022282,
        6.029242094402434,
        3.810615797410719,
        13.357099071887205,
        21.47209852276137,
        2.801140667797881,
        36.750949712324655,
        39.323832452937495,
        0.41088326668250374,
        7.859251890389714,
        4.078674197808141,
        15.8898237086687,
        34.62508137808618,
        5.008869397919625,
        11.419451727881096,
        38.91710843535839,
        1.610789629543433,
        3.238808725378476,
        2.528609056258574,
        12.800147423578892,
        21.15977743707481,
        14.391872281674296,
        13.539451097894926,
        7.080036981962621,
        1.7535035258624703,
        6.064187821524683,
        12.447484645090299,
        4.034739104798064,
        3.751498862518929,
        1.0444573769636918,
        2.0327577807183843,
        5.930772718973458,
        2.5755147605668753,
        0.9632996863219887,
        2.0444356620137114,
        2.47935582062928,
        2.1257476810133085,
        0.9620946648647077,
        47.486432719946606,
        0.8770503221894614,
        11.060471064178273,
        0.024997767759487033,
        29.176330796588445,
        9.519767211400904,
        1.3025130039313808,
        3.968249512661714,
        2.8494243926543277,
        10.620399286155589,
        3.2160153939039446,
        59.00218705952284,
        2.078706152839004,
        5.5400381977669895,
        43.46059298374166,
        3.772288762149401,
        27.375812306432636,
        39.379182409800705,
        54.56963451732008,
        6.348180004337337,
        9.1586998841085,
        20.166435830295086,
        7.9999728257535025,
        144.21714516275097,
        33.92976409828407,
        6.01480073449784,
        40.067237802169984,
        9.729072293965146,
        137.4133030775265,
        142.94978976497077,
        51.46156714356039,
        36.52302992467594,
        3.691418371425243,
        35.843515253975056,
        151.9384616400348,
        168.57143730221287,
        154.38067492909613,
        165.29978396747902,
        85.46933650987921,
        142.0918443641567,
        164.36563857518195,
        197.04469657700974,
