{
    "hyperparameters": {
        "learning_rate": 0.0003,
        "discount_factor": 0.99,
        "epsilon": 0.1,
        "gae_lambda": 0.95,
        "value_function_coef": 0.5,
        "num_episodes": 300,
        "num_epochs": 10,
        "batch_size": 64,
        "horizon": 512,
        "entropy_coefficient_init": 0.1,
        "entropy_coefficient_target": 0.01,
        "entropy_coefficient_const": 0.01,
        "entropy_decay_steps": 100000
    },
    "run_configs": {
        "agent": "PPOBETA",
        "environment": "ORIGINAL",
        "entropy_setting": "FIXED",
        "plotting_setting": "REWARDS_AND_TRACK_DISTANCE",
        "zero_brake": false,
        "automatic_restart": false,
        "use_existing_model": "",
        "save_as_onnx_model": false
    },
    "episodes_reward_data": [
        -0.08104744314914569,
        5.2612728321691975,
        2.2358082337887026,
        2.4728536244947463,
        2.9411389047745615,
        -0.743830845633056,
        3.2701447483268566,
        4.282378652307671,
        -0.31597191089531407,
        12.613535848795436,
        8.524222763400758,
        11.359846861392725,
        5.808662319672294,
        21.119195011095144,
        11.447074563096976,
        12.059535977357882,
        4.50410694029415,
        -0.912832879126654,
        9.026785249297973,
        3.731072440656135,
        -2.564199298067251,
        -2.5403776338353055,
        -0.6158486180356704,
        17.875416193863202,
        -1.3478729179041693,
        17.494036814547144,
        5.680927865789272,
        9.845972101291409,
        4.616471033717971,
        28.427931637561414,
        84.27747944334988,
        3.0692677011393243,
        15.187998185429024,
        18.566828129434725,
        23.335189269913826,
        12.913185082084965,
        90.6976822487195,
        96.85602781007765,
        168.61833549613948,
        -0.9839393093279796,
        54.14286481792806,
        61.8512095806218,
        13.613739786233054,
        196.63485924722045,
        66.7602643177961,
        100.99898801359814,
        49.77374334516935,
        50.85239464108599,
        17.192835208785255,
        176.76338154182304,
        53.58769679584657,
        30.597187382692937,
        94.27398923875444,
        163.4561584892508,
        13.607438075501705,
        203.0117795212136,
        223.91697105148342,
        216.21589213486004,
        16.51938330894336,
        134.93238467158517,
        85.85384884697851,
        225.7634234575089,
        210.17097086226568,
        133.45196181775827,
        242.03346177737694,
        56.970421479054494,
        193.28045006396133,
        238.67842216099962,
        18.96040630104835,
        68.77083475852851,
        240.7381086552632,
        139.7225591922761,
        165.7112933653989,
        234.1095324779526,
        228.38207804541162,
        233.4610787255151,
        65.25359373270476,
        233.22445731620246,
        229.91408071521437,
        73.82312506367452,
        187.85784937487915,
        197.28946413827362,
        201.28435842663748,
        233.98210555659898,
        236.10869580120197,
        143.29050042340532,
        241.44396062981104,
        237.33393712135148,
        242.81722882413305,
        98.449225451448,
        151.33937455405248,
        8.966811115838937,
        241.55242115378496,
        242.0099558798247,
        220.4699927807378,
        91.49074817140354,
        136.50914848975663,
        249.7058045747981,
        147.46315581526142,
        143.0266816719086,
        234.14298895344837,
        231.8882407079509,
        238.8545311706257,
        66.22948471053678,
        7.972544096293859,
        236.28164689277764,
        234.22179926381796,
        234.28201418268145,
        177.16463498398662,
        82.53865158409462,
        41.03009001360624,
        16.09707525302656,
        157.57806325612182,
        217.7054567830055,
        209.3353297994472,
        231.98579349527427,
        43.99379748266074,
        243.2561172749265,
        148.5455548679165,
        22.626472358999308,
        44.780842806212604,
        234.21016999162384,
        236.77041015942814,
        99.74793009841233,
        226.73976558243157,
        36.29052476352081,
        245.66827011817077,
        242.68906469427748,
        237.94033033246524,
        245.7112062293454,
        238.83280493688653,
        192.223846909008,
        40.136562452302314,
        54.8170923035068,
        234.13483109444496,
        104.57147162189358,
        17.08980689375312,
        238.2564289393922,
        241.90927119750995,
        30.37170117115602,
        249.60394918412203,
        143.2797687034472,
        66.73185874553747,
        244.42968559422297,
        21.44913082710991,
        247.64803254953586,
        98.67980945244199,
        90.56741865363438,
        239.07183285811334,
        208.83855727384798,
        240.05851504325983,
        221.03700388985453,
        136.47161499640788,
        241.4682599468506,
        235.7944280290103,
        245.32263307261746,
        228.8181027422106,
        206.04528623368242,
        99.94074401161924,
        241.17151966420352,
        238.77925750543363,
        235.74609499625512,
        242.968967762994,
        12.080555418680888,
        235.42687319575634,
        238.20357319101458,
        238.07635879761074,
        245.5902425167733,
        201.57776603801176,
        241.52845402105595,
        241.50314365914528,
        243.60073787899455,
        231.67113406816497,
        243.78325317025883,
        244.04708138445858,
        153.5059856881271,
        111.3615386311867,
        243.04591787038953,
        243.5275889491313,
        245.0858530898695,
        245.17592059832532,
        247.78756798437098,
        98.16800743626663,
        126.95076454931404,
        114.27468598875566,
        239.4652726415079,
        209.57871895455173,
        242.47574179847288,
        9.176112853368977,
        246.11435393804277,
        100.20003124669893,
        247.77554962916474,
        243.83336970029632,
        148.502931851006,
        244.74475830547453,
        234.12985389931418,
        209.32840905396733,
        39.73950415785657,
        227.27691402216442,
        223.9475528637995,
        234.68424488359597,
        238.30881992692593,
        234.59620084500057,
        242.675208718676,
        214.68730784906074,
        247.58811696329212,
        242.48645225318614,
        240.55166795075638,
        244.22634175256826,
        243.20121342719358,
        245.1373178664653,
        242.1185136740678,
        244.21326432586648,
        245.4282752154395,
        244.2752860832843,
        246.98140370147303,
        237.052528842818,
        242.48687726689968,
        238.19985564293165,
        139.5201448144362,
        94.03817941367743,
        238.85175298463582,
        236.6943583725515,
        158.93807172728702,
        172.52576285484247,
        244.62433725129813,
        244.14795371297805,
        239.27012128697243,
        151.0177162589389,
        238.46320047524932,
        241.7417369180621,
        241.93502468641964,
        194.31713043400669,
        169.09944837268267,
        243.76537817844655,
        244.17646743782097,
        241.68120191938942,
        144.95217629404215,
        240.77793403611577,
        244.0252614960482,
        244.74357018148294,
        190.41280268636183,
        133.94036137826333,
        244.59867292403942,
        137.33377124159597,
        133.79383850243175,
        52.89875602844404,
        172.32813017445733,
        249.58324185138918,
        22.405340692857862,
        245.38199133623857,
        245.41329691169085,
        89.09768537475611,
        163.47831476652937,
        243.7376791270217,
        233.37430295854574,
        240.40449339301267,
        203.9869194758212,
        245.23811818831018,
        237.62737007363467,
