{
    "hyperparameters": {
        "learning_rate": 0.0003,
        "discount_factor": 0.99,
        "epsilon": 0.1,
        "gae_lambda": 0.95,
        "value_function_coef": 0.5,
        "num_episodes": 300,
        "num_epochs": 10,
        "batch_size": 64,
        "horizon": 512,
        "entropy_coefficient_init": 0.1,
        "entropy_coefficient_target": 0.01,
        "entropy_coefficient_const": 0.01,
        "entropy_decay_steps": 100000
    },
    "run_configs": {
        "agent": "PPOBETA",
        "environment": "ADVANCED",
        "entropy_setting": "FIXED",
        "plotting_setting": "REWARDS_AND_TRACK_DISTANCE",
        "zero_brake": false,
        "automatic_restart": false,
        "use_existing_model": "20230710_130904.644_model",
        "save_as_onnx_model": false,
        "seed": 1
    },
    "episodes_reward_data": [
        60.12246390234213,
        25.105722046486335,
        4.412495929456782,
        36.96738137991633,
        5.330971554023563,
        22.269241032219725,
        20.41036791028455,
        9.969135408318834,
        71.64578804915072,
        55.55758689795039,
        6.939147444121772,
        64.048067237949,
        59.5902400459745,
        65.82968384824926,
        5.18548400484724,
        54.9217409628327,
        38.97945726258331,
        63.14214007748524,
        20.760367216716986,
        66.17356558219763,
        33.56210284636472,
        62.26489829120692,
        61.91502037557075,
        11.000564517686144,
        22.52097103910637,
        7.163567938405322,
        38.6556468566414,
        39.259354443172924,
        44.402704242034815,
        23.576598913234193,
        62.24623571988195,
        56.01023776619695,
        15.05503882424091,
        34.677779169229325,
        5.924162663286552,
        38.2100966302678,
        22.431600005365908,
        21.969565047023934,
        21.94712469074875,
        46.3269472878892,
        33.15615399403032,
        99.08644887762784,
        26.25287237338489,
        13.781758546509081,
        -0.03708740696310997,
        14.786089783607167,
        43.987705974286655,
        7.860307569557335,
        34.848050775472075,
        -6.083224286325276,
        26.965075018582866,
        51.45975932452711,
        21.548901763919275,
        8.604318052821327,
        12.04035219692014,
        17.258560824295273,
        51.757394004409434,
        21.003472357449937,
        6.523147326806793,
        111.87907843786525,
        47.05056232144125,
        9.298884645890212,
        63.25936044906848,
        30.24524688909878,
        39.951454002643004,
        12.851476607989753,
        50.11049497965723,
        11.269051122682868,
        115.13073320091644,
        68.35369833261939,
        38.854977784649236,
        -3.1189772011712193,
        29.186043901980156,
        43.4035180589708,
        -4.0387307102791965,
        66.71252186322818,
        73.87869639057317,
        76.30931152106496,
        56.00689715833869,
        12.668916317998082,
        16.635704430584155,
        44.018917466222774,
        10.181623876283993,
        18.78543534106575,
        9.56170398715767,
        13.36541946142097,
        48.2828640678199,
        21.547730437014252,
        56.61415088933427,
        12.267331398150418,
        147.0456437401299,
        9.82408974628197,
        47.28797922004014,
        62.95618966559414,
        21.271011831238866,
        71.8121871232288,
        6.491292768769199,
        56.43841716618044,
        50.39172941399738,
        25.75172590801958,
        63.89543406123994,
        6.955230032806867,
        43.74966315756319,
        6.3063999308797065,
        54.69958720239811,
        49.30430938815698,
        84.70620540708478,
        -8.187367769889534,
        40.93429604053381,
        42.22490371635649,
        36.09028192771075,
        0.4472061414271593,
        24.28256603126647,
        6.744979369046632,
        -0.2681221105158329,
        61.09278868846013,
        7.505561721482081,
        63.52607854659436,
        2.5920529142022133,
        36.70069995762606,
        62.380701156158466,
        61.260979947663145,
        5.777898693748284,
        8.050761696562404,
        10.767189883859828,
        47.397564649174456,
        45.30233089241665,
        6.861645812517963,
        62.73878525872715,
        23.801427868631436,
        19.916057001799345,
        55.67312148731435,
        18.112969792593503,
        45.943101759417914,
        77.44191376375966,
        50.30260810645996,
        10.03913612071483,
        56.20926484512165,
        5.410898356640246,
        75.07895414764062,
        53.63748258759733,
        70.41078415932134,
        62.7270080060116,
        122.6563478934113,
        49.332220659794984,
        0.44702660851180553,
        10.107117874387768,
        10.872096643412078,
        55.62501316209091,
        63.010848185338546,
        -0.6876253001391888,
        59.01689970080042,
        24.835565807356033,
        98.84692977805389,
        67.45737911068136,
        58.870196457137354,
        80.21908185994835,
        98.48217965150252,
        4.654712941381149,
        105.37610038067214,
        12.290671441704035,
        46.60052634868771,
        96.14899063862686,
        31.63372563268058,
        50.830703690066,
        96.78995893306274,
        82.52847867138917,
        56.85334897626308,
        18.82964088569861,
        7.505024428115576,
        101.91508994108881,
        77.21394674890325,
        48.61979063367471,
        61.94463280966738,
        0.37132237665355206,
        83.17146157671232,
        11.897698370732542,
        102.34418677882059,
        -0.184608593583107,
        40.31943617138313,
        55.347252873529214,
        47.05632756542764,
        8.046403395215748,
        43.59244477847824,
        90.6127882302826,
        -0.06203482486307621,
        100.85441903959145,
        176.1495035609114,
        42.60345645016059,
        164.66954223788343,
        6.372324407682754,
        13.747937864027335,
        123.65723650204018,
        92.86378673513536,
        40.342211177863646,
        75.52773846244236,
        107.28964228616678,
        52.51789582634228,
        157.1736019772943,
        49.08995086658979,
        50.77927581616677,
        0.7855630982667208,
        87.23639595432905,
        100.96501434632228,
        -0.0654135923832655,
        42.89335531834513,
        5.3616715047101025,
        0.08902079798281193,
        46.3362385823566,
        0.3247917387634516,
        87.98718361367355,
        95.07956781926623,
        175.49637863175303,
        54.46666671911953,
        62.454047348117456,
        35.856500109657645,
        20.3963597395923,
        66.03954499476822,
        50.632187752984464,
        66.51866865402553,
        35.25978106632829,
        96.02999924535106,
        104.65668659465155,
        6.274272502516396,
        21.41447473806329,
        98.18590639217291,
        40.03065060573863,
        8.422763402137207,
        85.46308009290078,
        87.21537094650557,
        51.2120287171565,
        103.7988166201394,
        55.90914054282621,
        62.902457846328616,
        41.54319318701164,
        -0.13974284380674362,
        6.1632766896509565,
        24.11816166184144,
        62.12171062454581,
        40.21593037713319,
        8.127651938266354,
        112.57283882747288,
        56.05500072929135,
        102.81488108637859,
        10.834888261277229,
        2.507244356907904,
        70.14603893808089,
        69.53277720490587,
        35.015856644138694,
        65.7636787664378,
        56.27794723265106,
        6.74307960664737,
        38.27290629642084,
        52.378340221592225,
        -0.1847104411572218,
        172.04982821029262,
        91.13870884063363,
        87.85728460690007,
        95.24487207793572,
        5.70190878995345,
        69.04641157037986,
