{
    "hyperparameters": {
        "learning_rate": 0.001,
        "discount_factor": 0.99,
        "epsilon": 0.1,
        "gae_lambda": 0.95,
        "value_function_coef": 0.5,
        "num_episodes": 300,
        "num_epochs": 10,
        "batch_size": 64,
        "horizon": 512,
        "entropy_coefficient_init": 0.1,
        "entropy_coefficient_target": 0.01,
        "entropy_coefficient_const": 0.01,
        "entropy_decay_steps": 100000
    },
    "run_configs": {
        "agent": "PPO",
        "environment": "ORIGINAL",
        "entropy_setting": "FIXED",
        "plotting_setting": "REWARDS_AND_TRACK_DISTANCE",
        "zero_brake": false,
        "automatic_restart": false,
        "use_existing_model": "",
        "save_as_onnx_model": false,
        "seed": 1
    },
    "episodes_reward_data": [
        0.06601824297104031,
        0.49115768921910785,
        2.1574917448451743,
        -4.906400809762999,
        2.7353655364277074,
        2.416634739987785,
        2.2005844888917636,
        -1.5993945751106367,
        0.7007062807679176,
        2.807071051094681,
        2.073881046526367,
        3.0154913619044237,
        2.8389366854098625,
        -4.16040061795502,
        5.671897174644982,
        1.9627494532614946,
        0.5512823910394218,
        -0.21704489446710795,
        1.5777120906568598,
        2.5715088286669925,
        1.3555558506050147,
        1.8327571438858286,
        -0.02769917092518881,
        -0.6173849277256522,
        2.371149336657254,
        2.385459131692187,
        0.5570778185210656,
        3.5731988880434074,
        2.9029008038924076,
        5.761957315931795,
        2.8505179476342164,
        5.406150762399193,
        1.3755832135357196,
        18.248941714060493,
        12.524919825897086,
        3.1751240974117536,
        -1.4301172923878767,
        6.25922777139931,
        2.0679440046078525,
        0.33689427089848323,
        2.3997006534118555,
        0.29694276687223464,
        3.954380235183635,
        -0.4998232743528206,
        1.1525183978956193,
        3.533476380238426,
        4.642973061156226,
        0.4242614081595093,
        0.9769601500011049,
        2.0103593473904766,
        6.546734588861,
        3.156228221778292,
        2.9698877887421986,
        12.186092632618966,
        -0.9978541477321414,
        -1.68601221627614,
        3.457588553719688,
        2.8640242772962665,
        4.831552356743487,
        8.774878125899704,
        1.0168371797481086,
        1.1280139372247504,
        0.9091570045566186,
        3.3913335915858625,
        7.050566016449011,
        2.5670787033013767,
        0.9639318074041512,
        2.1469279683515197,
        -0.8353128152084537,
        0.17990088221267797,
        0.20786922876141034,
        -2.3302854135690723,
        2.229815049577155,
        1.3038520950940438,
        4.979842181113781,
        -0.996919721364975,
        5.268154606281314,
        1.228825575497467,
        3.5032265429617837,
        -1.8102042752798297,
        -1.4205511502805166,
        6.728047730925027,
        1.397571819179575,
        8.031825462909183,
        7.96033481786435,
        -1.0519445758982329,
        11.548357482926804,
        0.7613483403692953,
        11.300252821558388,
        -0.6899407966266153,
        1.4299305933527648,
        0.4649272797978483,
        2.394790368329268,
        10.80239568304387,
        11.710089550790144,
        3.375389564098441,
        1.003175618010573,
        3.0200885608792305,
        1.3375926554435864,
        -0.48899804534448776,
        1.7072423315548804,
        1.2169086712237913,
        7.359957234759349,
        0.7819251420150977,
        -1.8366137210687157,
        3.043788866023533,
        1.5728451088361908,
        3.2837164599332027,
        10.838195649834233,
        22.477101191107067,
        11.690494082809892,
        4.823660003487021,
        28.69025850345497,
        2.1400625927053625,
        1.1666801501705777,
        36.212077539996244,
        71.63542867020442,
        17.51379852325772,
        30.692881799914176,
        -0.5449477884103544,
        1.7486412438738625,
        86.5970843823161,
        15.461866070807446,
        20.2775733419694,
        14.869421048264485,
        75.77814773764112,
        140.52612058527302,
        100.80877069887356,
        169.48480697569903,
        122.34200739589869,
        71.65278813138139,
        185.3740337270574,
        62.746903200633824,
        189.3860235218017,
        202.45267662609695,
        16.05517960182624,
        24.880759099352872,
        33.223865640407894,
        179.102574063465,
        27.357415452963323,
        207.50958768539567,
        199.24806905908918,
        201.39556211594027,
        210.7717436295934,
        202.6052627347526,
        9.884467832540395,
        49.53294384642504,
        28.14664079839713,
        197.40315066941548,
        210.11490181606496,
        220.27923666473362,
        219.84957460864098,
        28.36696913765627,
        101.32883228876744,
        158.87550140550593,
        29.769536576000974,
        114.79636510653654,
        63.274582460086094,
        140.75418736862775,
        66.71501981675101,
        48.10992080857977,
        15.448699183107237,
        17.611220163904363,
        200.16210522969777,
        189.2632162629743,
        206.7385422954103,
        219.46431384555763,
        39.23709201713791,
        51.1522607866209,
        2.215436146274442,
        33.21062262606574,
        44.705688024376286,
        211.03815731955547,
        186.74442405599984,
        24.468426355611882,
        186.02568515882012,
        83.77845990109199,
        213.20248985424405,
        206.9306456981285,
        214.00199691705348,
        202.53801488966565,
        230.3058792851225,
        221.16085125203244,
        118.76205996517092,
        85.90779234201182,
        215.57079559218255,
        228.3184973185853,
        18.431774159354973,
        227.35181204703986,
        6.400336102757137,
        79.45329803353525,
        112.65367993120162,
        219.9849135981931,
        150.76309717528056,
        57.84949113277253,
        121.15378795603465,
        88.4216130956338,
        220.94409060111502,
        26.02794007223565,
        224.55106104644074,
        51.41478145089059,
        58.83492769219447,
        23.112368318455992,
        66.99976171011804,
        82.31620053538063,
        40.77649986228789,
        208.23844706144882,
        211.28892009257106,
        221.1211363756447,
        218.48398313095095,
        222.03263817480183,
        127.336023291311,
        214.05292665347224,
        44.98780373809859,
        220.4301697286428,
        187.19532444761717,
        61.69471687656187,
        223.7691568924638,
        42.05749292000837,
        219.6747831448156,
        163.13549778000743,
        205.3174476074346,
        117.13374576880597,
        196.31874109018827,
        203.70586597677902,
        164.74056813691277,
        216.15598115572357,
        218.81190738541773,
        42.81244110639091,
        44.45426582876826,
        207.15120175702032,
        221.75947204775002,
        49.427304668177385,
        193.44072160081123,
        223.83808277391654,
        226.6530745914788,
        138.5076173194393,
        221.44650333141908,
        31.82736468996154,
        222.5845403909043,
        223.73424915026408,
        213.8343080461491,
        221.9665414178162,
        216.25140402800753,
        128.30488373918342,
        220.21784571267926,
        44.22588902869029,
        100.58781429915689,
        219.5282406976621,
        195.378186281363,
        167.92094425554387,
        125.30546452908311,
        24.675038055545883,
        71.75439915982133,
        40.91214258619584,
        116.34275911014993,
        190.16938452872273,
        83.32370198468561,
        131.09781029900478,
