{
    "hyperparameters": {
        "learning_rate": 0.0003,
        "discount_factor": 0.99,
        "epsilon": 0.1,
        "gae_lambda": 0.95,
        "value_function_coef": 0.5,
        "num_episodes": 300,
        "num_epochs": 10,
        "batch_size": 64,
        "horizon": 512,
        "entropy_coefficient_init": 0.1,
        "entropy_coefficient_target": 0.01,
        "entropy_coefficient_const": 0.01,
        "entropy_decay_steps": 100000
    },
    "run_configs": {
        "agent": "PPOBETA",
        "environment": "RIGHTTURN",
        "entropy_setting": "SCHEDULED",
        "plotting_setting": "REWARDS_AND_TRACK_DISTANCE",
        "zero_brake": false,
        "automatic_restart": false,
        "use_existing_model": "20230709_121341.764_model",
        "save_as_onnx_model": false,
        "seed": 1
    },
    "episodes_reward_data": [
        61.66245278270799,
        63.38814939378062,
        53.92949192458764,
        11.436209966312163,
        55.70495332923019,
        60.25717587437248,
        33.72084264976729,
        57.820058080222225,
        67.40469266934087,
        49.828064085915685,
        45.56462292413198,
        41.76607664331095,
        51.46659441309748,
        34.834137734243996,
        24.231730138591956,
        52.688702695202664,
        49.97615660217707,
        24.041108352830634,
        25.523355405486654,
        51.63369062576385,
        38.49609998961387,
        26.511699792477884,
        19.393304436001927,
        -8.954071913321968,
        21.058713174803415,
        25.546215263428167,
        25.808843977109063,
        48.197026445188385,
        -9.62831298832316,
        35.82815699664934,
        -18.548232904431643,
        -25.450352968182415,
        12.698952029662905,
        1.799049045162974,
        -28.79227787166019,
        -23.978853433276527,
        17.68310116493376,
        -30.75682755059097,
        15.909511196194217,
        -27.72092867086758,
        -45.39953361271182,
        -31.72180508216843,
        12.242580672696931,
        10.389515990114887,
        -17.223687046498526,
        -1.77284109480388,
        -3.1253975225554314,
        31.168694449748727,
        -22.91230867588456,
        -19.977568863221677,
        -4.734678653680021,
        -19.54484568667249,
        -34.88034736056579,
        -2.8250284497335088,
        0.09323627114645205,
        -4.004245117452228,
        -14.259110668004723,
        -27.024897079070797,
        -36.84338042704621,
        -27.357074126775842,
        -26.27974776440533,
        -6.166925871679268,
        -20.978196631011087,
        -39.72123548196396,
        -22.536658522032667,
        -3.3761976745008724,
        -1.7018020883988356,
        -8.270199616294121,
        -3.385236372196232,
        -10.84239024753333,
        -7.761827838490717,
        -0.8881004293943988,
        -1.977456984532182,
        -2.6486928221420385,
        -8.530666411446873,
        -6.404691893942072,
        -8.166048135666642,
        -3.3662122176610865,
        -4.089987904531881,
        -5.295571967311844,
        -4.901595683011692,
        -6.75212203830597,
        -3.830936255690176,
        -0.046599946392234415,
        -1.4544862889451906,
        -4.564988436351996,
        -3.116101307212375,
        -1.0297465373005252,
        -1.7944506703643128,
        -4.680188861573697,
        -3.06733498313406,
        -10.68637299130205,
        -2.6825020479154773,
        -5.151409068115754,
        -4.892534828337375,
        -3.6867203860892914,
        -6.917581648071064,
        -1.7598963842901867,
        -8.203064195928164,
        -7.831922707846388,
        -3.159002930915449,
        -2.8406430093746167,
        -3.1245236545801163,
        -5.3135777775605675,
        -2.514530739907059,
        -3.1722261375107337,
        -4.123537917126669,
        -2.7782814820238855,
        -7.733883593347855,
        0.0008751743735047057,
        -5.706216524777119,
        -2.926490063953679,
        -4.900095647550188,
        -1.5309964655025396,
        -8.109834034461528,
        -11.844017347611953,
        -6.014525893420796,
        -6.06095196455135,
        -1.0156540862517431,
        -3.834293450752739,
        -5.172025258463691,
        -7.155297410557978,
        -1.9462375656876247,
        -5.449799061869271,
        -3.643674183593248,
        -9.64264530944638,
        -1.184680567093892,
        -3.071215850301087,
        -4.848056428134441,
        -3.034370790446701,
        -2.4294879629742354,
        -1.0232820023811655,
        -2.5776903736114036,
        -2.1078440915443935,
        -8.129352146293968,
        -4.372993239754578,
        -7.430012417054968,
        -5.883348457995453,
        -1.8195181521950872,
        -9.481157905538566,
        -16.366354540165048,
        -3.3874509647939703,
        -6.045816276819096,
        -7.438607498537749,
        -3.208127009886084,
        -2.705811901425477,
        -1.7578197860566434,
        -13.739275482599624,
        -3.0410731063893763,
        -5.678030587441754,
        -1.2612738737661857,
        -4.925990481686313,
        -4.529322849441087,
        -2.4365951893269084,
        -5.50912137083651,
        -5.275454794609686,
        -4.296339867607458,
        -1.8021298946987372,
        -3.407925013510976,
        -5.83503616694361,
        1.6458853285439545,
        -2.9546286113909446,
        -4.8287531668902375,
        -7.803392097470351,
        -4.517119822499808,
        -3.146851960103959,
        -5.231333207280841,
        -4.81694193079602,
        -2.270796454453375,
        -3.7768794056755723,
        -4.392505719180917,
        -6.4008079090563115,
        -2.5287628446967574,
        -2.5305046744761057,
        -0.7776122225623112,
        -5.458582460654725,
        -11.51501459692372,
        -5.040718713746173,
        -3.956980875591398,
        -2.6215326549718156,
        -1.2144073770323303,
        -3.8556260929617565,
        -3.796630263343104,
        -8.0274234340759,
        -11.33032397722127,
        -3.5993278244277462,
        -3.111211485687818,
        -4.321234936302062,
        -3.951338035360095,
        -0.10938918273313902,
        -2.940654471356538,
        -4.068209569311875,
        -7.637249498948222,
        -2.4437571356538683,
        0.07315804663812742,
        -1.5438761011027964,
        -5.024180518841604,
        -1.731674978043884,
        -4.522150498640258,
        0.34598299604840577,
        -7.900417398603167,
        -4.363430962272105,
        -28.479130407969933,
        -24.276321484765504,
        -4.297468770120759,
        -3.1745206663035788,
        0.1116834805579856,
        -2.609784147993196,
        -4.4430778877285775,
        -11.7728101699322,
        -7.976904153212672,
        -5.497864791890606,
        10.414475396391936,
        -3.0860302216315176,
        -3.687147235061275,
        -2.7814881392841926,
        -1.5465318506321637,
        -15.623845167894615,
        -7.025966999150114,
        -11.02938181598438,
        -0.8715013214823557,
        -6.605503327504266,
        -7.948623706935905,
        -5.675127677095588,
        -4.2651307663472835,
        -5.080284302239306,
        -3.196727803820977,
        -3.852252326119924,
        -5.258330715121701,
        -6.437418004934443,
        -6.031533474335447,
        -6.6060804520966485,
        -0.19923732586903498,
        -10.422832235344686,
        -2.9958648480533157,
        -4.770151599906967,
        -11.813664423010778,
        -4.64375506574288,
        -5.151700605158112,
        -8.715491596492939,
        -1.3494393287110142,
        -3.3696845826489152,
        -2.247504714454408,
        -4.606846053531626,
        -3.547660597396316,
        -4.085344825289212,
        -2.0013389544037636,
        -2.390591702875099,
        -1.8782418806222267,
        -5.075794678472448,
        -7.868342364745331,
        -0.28527040874178056,
