{
    "hyperparameters": {
        "learning_rate": 0.001,
        "discount_factor": 0.99,
        "epsilon": 0.1,
        "gae_lambda": 0.95,
        "value_function_coef": 0.5,
        "num_episodes": 300,
        "num_epochs": 10,
        "batch_size": 64,
        "horizon": 512,
        "entropy_coefficient_init": 0.1,
        "entropy_coefficient_target": 0.01,
        "entropy_coefficient_const": 0.01,
        "entropy_decay_steps": 100000
    },
    "run_configs": {
        "agent": "PPO",
        "environment": "ORIGINAL",
        "entropy_setting": "FIXED",
        "plotting_setting": "REWARDS_AND_TRACK_DISTANCE"
    },
    "episodes_reward_data": [
        2.453215650515631,
        0.5872022953408305,
        0.5381389651447535,
        0.5564563270745566,
        0.5634228292328771,
        -1.424681657779729,
        -0.3284590947441757,
        -2.055679698183667,
        1.0706751507532317,
        0.16498887620400637,
        0.493611797952326,
        -1.941224280075403,
        -0.02623624075204134,
        0.5485704161983449,
        -0.8843661050195806,
        -0.8890412505643326,
        -1.1404716842225753,
        0.22543502297776286,
        -0.18209674989338964,
        -0.5426486874930561,
        -0.9870657634164672,
        -5.806022385804681,
        0.39762199533288367,
        1.1401786292772158,
        0.47244924973347224,
        -0.8950116496998817,
        0.9666700598027091,
        0.4745569427323062,
        -0.09676398227747995,
        -1.2999490777874598,
        1.3163045244727982,
        -1.1484122274487163,
        -0.1021019765175879,
        0.7990649510829826,
        1.6474726299929898,
        -2.0655487204967358,
        0.7277696037199348,
        0.39653731178259477,
        0.5301646448933752,
        -1.410049857746344,
        -1.57226323823852,
        1.515585425280733,
        1.769793370651314,
        0.3033639189234236,
        0.9419597392479773,
        0.7594976926047821,
        0.2697863789508119,
        0.5212183545372682,
        -1.3503919727663742,
        0.8984122341498733,
        1.6075713267782703,
        0.9423559347487753,
        0.2858805503929034,
        -0.7816912907292135,
        -1.3260643186367815
    ],
    "episodes_track_distance_data": [
        18,
        6,
        3,
        5,
        5,
        -9,
        4,
        -13,
        6,
        1,
        3,
        6,
        0,
        4,
        7,
        -2,
        -7,
        8,
        0,
        7,
        4,
        -6,
        3,
        7,
        2,
        8,
        6,
        2,
        3,
        5,
        11,
        5,
        0,
        6,
        11,
        6,
        6,
        5,
        4,
        5,
        -6,
        10,
        11,
        2,
        6,
        3,
        8,
        5,
        -9,
        8,
        9,
        6,
        2,
        1,
        -6
    ]
}