{
    "hyperparameters": {
        "learning_rate": 0.001,
        "discount_factor": 0.99,
        "epsilon": 0.1,
        "gae_lambda": 0.95,
        "value_function_coef": 0.5,
        "num_episodes": 300,
        "num_epochs": 10,
        "batch_size": 64,
        "horizon": 512,
        "entropy_coefficient_init": 0.1,
        "entropy_coefficient_target": 0.01,
        "entropy_coefficient_const": 0.01,
        "entropy_decay_steps": 100000
    },
    "run_configs": {
        "agent": "PPO",
        "environment": "ORIGINAL",
        "entropy_setting": "FIXED",
        "plotting_setting": "REWARDS_AND_TRACK_DISTANCE",
        "zero_brake": false,
        "automatic_restart": false,
        "use_existing_model": "",
        "save_as_onnx_model": false,
        "seed": 3
    },
    "episodes_reward_data": [
        -1.0710332614835352,
        -1.8993601136025973,
        -4.5072762875352055,
        -2.4851365396170877,
        -0.19299961748765782,
        -2.9642672102490906,
        -3.43282168591395,
        4.904983713495312,
        -0.11236707435455173,
        -1.5681258854456246,
        0.23749577591661364,
        -1.1898293513804674,
        -1.8009049761021743,
        0.15459823355195113,
        -0.5775492409593426,
        1.5206985965487547,
        0.4990978636778891,
        -1.1309953463351121,
        5.578474491994712,
        -0.5096871933201328,
        -1.9883533665561117,
        0.551403651421424,
        -2.0328711136535276,
        1.2257239041500725,
        4.063088952243561,
        0.7567715449695243,
        -0.5670710406266153,
        2.0245614756422583,
        -0.05074681484256871,
        -0.9618768687942065,
        -2.0424509683216456,
        0.24570353754097596,
        5.56985091502429,
        7.086060573397845,
        2.611043211130891,
        -7.092463855187816,
        -0.10223270789720118,
        -0.2745269437218667,
        6.808814013318624,
        5.874532952613663,
        1.664768891670974,
        2.8960888553992845,
        2.683659389105742,
        6.379778248228831,
        13.822254415339557,
        0.7690316719235852,
        1.9304904752061702,
        4.955380719329696,
        1.3371894917581812,
        1.095738103846088,
        -1.3313494706526399,
        0.37702582401107065,
        0.5675990606978303,
        7.736277051852085,
        0.8891753505158704,
        50.120946147195355,
        7.748927773645846,
        6.639909076351614,
        15.076052689662902,
        12.29543353713234,
        -0.45469883598707383,
        12.954678371002956,
        8.680583813140402,
        1.1345145974773914,
        89.70072123092541,
        7.011430278769694,
        4.480241232391563,
        26.357899325317703,
        60.774756919941865,
        14.518642507813638,
        4.765029486006824,
        39.07173152157338,
        -0.3745007987381541,
        59.91204980321345,
        7.727299256774131,
        5.25268519873498,
        42.92649090097984,
        8.109520159399835,
        2.964594477947685,
        33.130645250785165,
        2.9412880691234022,
        1.4856896083801985,
        33.3073521409824,
        18.777179158845684,
        79.37025041948073,
        160.8356340988248,
        161.08245541420183,
        92.05722777763731,
        115.02139753202209,
        7.873540550732287,
        11.74540473939851,
        68.52950146183139,
        53.273779908253346,
        194.88257000496378,
        194.4851862921205,
        179.15979041630635,
        180.21502688343753,
        215.62243080694316,
        19.72265763275209,
        220.07476177165518,
        216.57320684478327,
        221.7726404108107,
        222.1625644415035,
        82.61137271762709,
        177.87134558631806,
        11.025766825274331,
        103.49648639935913,
        213.14441526320297,
        80.88578913168749,
        203.80923186434666,
        211.1447651400522,
        206.55367002003914,
        55.22603109496413,
        207.6289815119526,
        207.0175016936555,
        90.37845147612097,
        216.59645263065613,
        223.0788809885271,
        13.31514529697597,
        174.63866798316303,
        172.5370762333332,
        223.39906637016975,
        227.0112387969566,
        162.67092757967475,
        225.35293785032263,
        231.48235117003787,
        116.0592510176939,
        234.18595187079336,
        219.23496214681654,
        228.28357503935695,
        229.06681012750778,
        15.585360687691718,
        238.74302240274847,
        67.85733668727335,
        19.25713990017539,
        25.844635698071215,
        17.820100567128975,
        227.87582115313853,
        100.0295739081339,
        146.1796671403281,
        59.39922951627523,
        44.921636762766866,
        217.1100094874855,
        232.56088388312492,
        94.08164923865115,
        90.52538291132078,
        59.50673006537545,
        44.44904672172561,
        147.59175842313562,
        211.88530254806392,
        51.62672323590232,
        218.39666171054705,
        214.7425394501479,
        230.4868271463056,
        225.34860996712814,
        109.49750141467666,
        223.64372418170387,
        116.14257168973563,
        231.9121307417954,
        50.49229637251119,
        41.764630384452175,
        219.99429913813947,
        114.21004523441661,
        226.43003871280234,
        20.228660118824337,
        218.18099895009072,
        96.63158277205366,
        204.2182863309281,
        44.693832136836136,
        214.8920622956939,
        217.9804675625055,
        218.04711769608548,
        45.783040758396965,
        221.37516250798944,
        94.62254398691584,
        226.79641488440393,
        220.86085168007412,
        40.49204365511832,
        42.73584157785808,
        215.6853337311477,
        17.682636952784378,
        226.9320081398182,
        223.64146304142196,
        225.6098930115404,
        229.85872224840568,
        10.095869725715602,
        232.17404547397018,
        16.941160820948426,
        218.4515360291698,
        119.68677727857721,
        145.49256321118446,
        211.44271572466823,
        219.65483987436164,
        37.63608294801088,
        220.46786249832803,
        214.4638346990978,
        208.47975647429848,
        223.86456361049204,
        224.39052471358445,
        226.2059635850601,
        226.01241301558912,
        124.51446738775121,
        219.22702405968448,
        203.48113222623942,
        81.38227427983657,
        71.50970596520347,
        210.55954840485356,
        13.173931119119516,
        2.924004101456376,
        185.18698790340568,
        16.61440232169116,
        41.08256036700914,
        19.303896556957625,
        8.041481978347292,
        216.60627265895891,
        225.0766853646055,
        115.17441243043868,
        73.82536274397717,
        221.51014818556723,
        173.7949883393885,
        26.972574160346994,
        25.316456353873946,
        37.25445593695622,
        36.273327764487476,
        28.803977214032784,
        -0.25975207480223617,
        57.935149595999974,
        18.9437138318317,
        25.111815553769702,
        24.02237605972914,
        21.688537596084643,
        15.916382774172234,
        28.92624409927521,
        98.95210364754894,
        116.0548150454124,
        52.70232099913119,
        147.98052620003,
        42.428736077446956,
        43.72729667983367,
        105.5372965757706,
        22.417839818197535,
        146.48376757415826,
        89.06682703096885,
        16.343506222467113,
        155.20986186375376,
        84.14612283586757,
        113.73486682682415,
        171.16209336320753,
        107.01508669467876,
        174.1939743090188,
        81.76068433269393,
        189.65399535902543,
        213.95104451081716,
        218.41523188303108,
        212.70004260339192,
        207.9692555530346,
        16.559214634267846,
        210.28483277984196,
        221.44444927221048,
