{
    "hyperparameters": {
        "learning_rate": 0.0003,
        "discount_factor": 0.99,
        "epsilon": 0.1,
        "gae_lambda": 0.95,
        "value_function_coef": 0.5,
        "num_episodes": 300,
        "num_epochs": 10,
        "batch_size": 64,
        "horizon": 512,
        "entropy_coefficient_init": 0.1,
        "entropy_coefficient_target": 0.01,
        "entropy_coefficient_const": 0.01,
        "entropy_decay_steps": 100000
    },
    "run_configs": {
        "agent": "PPOBETA",
        "environment": "RIGHTTURN",
        "entropy_setting": "SCHEDULED",
        "plotting_setting": "REWARDS_AND_TRACK_DISTANCE",
        "zero_brake": false,
        "automatic_restart": false,
        "use_existing_model": "20230709_121341.764_model",
        "save_as_onnx_model": false,
        "seed": 123
    },
    "episodes_reward_data": [
        80.52516197401565,
        77.24562133854488,
        56.943245947535615,
        80.4792228895385,
        68.9787785228109,
        54.757937944785226,
        68.22864560154267,
        55.732159459686955,
        61.20329322197358,
        18.813220199372154,
        45.07260685591609,
        53.28395384806208,
        44.32679930678569,
        23.523087491979823,
        27.619365555990953,
        22.06834455221542,
        45.322556938102935,
        30.90771014621714,
        24.28804950421909,
        13.88653146091383,
        41.864624222012935,
        46.726293556188466,
        39.395697520056274,
        21.002056729252217,
        43.73557516384608,
        43.968654615098785,
        20.057029415824218,
        22.878988036769442,
        59.46563372857054,
        41.89621943140082,
        15.633645636786241,
        42.01618858438451,
        8.503479999359115,
        41.55277828936232,
        31.18108875254984,
        50.159148158709286,
        19.037544998762314,
        46.673554796900135,
        31.359727148665115,
        29.792353229946457,
        22.28887975338148,
        13.425615321961232,
        -14.012535640664282,
        -3.6934164152335143,
        19.16397757679806,
        30.13602260890184,
        -4.182370941387489,
        18.569184990541544,
        -18.23726999326027,
        -0.494422029616544,
        14.109627261466812,
        25.262574489490362,
        -14.370408651418984,
        -9.328091262432281,
        5.227020036953036,
        -2.449480713083176,
        -17.008606833551312,
        22.976107846945524,
        -4.5883083010267,
        -11.130248811619822,
        24.308603218385542,
        10.983508933946723,
        -27.658726212044712,
        15.501451660049497,
        14.628438608444412,
        -19.245941139990464,
        -3.0479197868844494,
        31.005532140370633,
        17.360187093698187,
        0.7461791450623423,
        11.943238902284065,
        6.9649267194618005,
        -24.61188750731526,
        -21.94420796877239,
        -38.734401733090635,
        -24.541485164198093,
        -22.117506652954035,
        -39.522071977786254,
        -7.4399671769933775,
        -30.375235428567976,
        -3.472572943472187,
        -4.852292216382921,
        -25.505360394192394,
        -9.312438703665975,
        -3.7955044798727613,
        -6.437652416643687,
        -3.248440269846469,
        -26.603050643519964,
        -32.49689443278476,
        -24.45928583483328,
        -18.54154581806506,
        -30.50471530359937,
        -17.508435716386884,
        -4.333159476314904,
        -28.953863135771826,
        -18.015203086921247,
        -2.531416539219208,
        -2.606649055145681,
        -5.34038330722251,
        -42.94087948926608,
        -20.444703186134575,
        -42.34945724523277,
        -27.471632453249185,
        -15.183180572406854,
        -20.003672454302432,
        -26.153538668964757,
        -1.942733407689957,
        -7.4196722056367435,
        -17.172985205543227,
        -3.687736139560002,
        -14.22154130358831,
        -2.817758715849777,
        -30.04380891623441,
        -17.752730697247898,
        -2.939200448541669,
        -16.077031977139995,
        -25.448859871889,
        -4.10507828721893,
        -1.0347658340178896,
        1.3437026548199356,
        -6.693651698849862,
        2.2607490535010584,
        1.1752598593157018,
        -2.696540364297107,
        2.828468003310263,
        -3.8183784288121387,
        -11.566444473981392,
        -4.718883979599923,
        -10.857361053524073,
        2.4822705052793026,
        0.24574235558975488,
        3.1418043798184954,
        2.1548174421768636,
        1.8224937627383042,
        3.854544531306601,
        -1.3687252618256025,
        6.660458252648823,
        -0.35098302572441753,
        2.9272935875924304,
        0.09468301467131823,
        5.39222637261264,
        3.283303988719126,
        5.1198185087996535,
        10.646465624449775,
        12.770149604853941,
        3.5837170313025126,
        0.8268881850381149,
        9.303814288199646,
        -1.9188420374994166,
        -2.134297304903157,
        12.05782300698047,
        0.47154599923669593,
        -3.125746021687519,
        -0.8178916134638712,
        9.876876645721495,
        12.143520369078033,
        5.02324079052778,
        22.184040967433248,
        2.8283655676350463,
        14.738462321154657,
        -1.0248108661762672,
        16.922434004052775,
        3.296592183673056,
        1.2096654014894739,
        18.090723721077666,
        7.402327589516062,
        5.442842106393073,
        4.931202383886557,
        12.146329969647923,
        15.138651103829034,
        -1.904829130275175,
        1.8773634299213882,
        5.213170822680695,
        14.296884388008039,
        2.4956502994755283,
        6.732911004655762,
        -0.5273281711270101,
        12.01490199242835,
        11.6623790840531,
        1.9300644745817408,
        -2.2602276779944077,
        3.4070298236620147,
        4.004776591638802,
        2.848245232802583,
        7.1820584096130915,
        0.6339183659147238,
        1.791714514925843,
        7.212194155225006,
        4.3453666913555935,
        8.006497437061626,
        4.2903393029992,
        7.691137905057985,
        1.5467147107992787,
        -1.4680069524329156,
        3.855982357141329,
        0.801431581901852,
        3.3627310327719897,
        4.295612794114277,
        0.14035268680163426,
        11.183799955702852,
        12.981456925946986,
        10.667352152580861,
        -0.9640153685613768,
        6.106135480629746,
        -3.2457878768327646,
        8.156669552088715,
        -0.8143498268036637,
        18.204967300378485,
        9.477208229815005,
        -1.1645039766153786,
        -1.383117872348521,
        7.850814282297506,
        13.662593549670419,
        -0.20242889299697708,
        1.2190949096693657,
        14.167802311887499,
        -0.5682363608502783,
        5.834858348389389,
        0.27712453511048807,
        15.06465096762986,
        -2.063123467756668,
        21.39909951597656,
        2.9597659283463145,
        14.187194561294746,
        3.771447679202538,
        3.22574797685229,
        1.01889087917516,
        16.279608215845656,
        1.6314961989992298,
        -0.8826655820885208,
        1.4562665046541952,
        10.467814195755636,
        10.335845123161562,
        -0.31384418066591024,
        12.140903760737274,
        12.123493246850558,
        -1.9780136556364596,
        35.19388600741513,
        -0.6725088668172248,
        12.587305234817904,
        9.747433490891126,
        12.02874452515971,
        9.834183609753381,
        12.126658693625359,
        -1.1752019778214162,
        35.65591992181726,
        6.728144935637829,
        5.793163760215975,
        43.204801006635535,
        3.6360765617573634,
        14.511878828838235,
        -5.46345083664346,
        38.04377735091839,
        22.008937377511756,
        23.988354686429375,
