{
    "hyperparameters": {
        "learning_rate": 0.0003,
        "discount_factor": 0.99,
        "epsilon": 0.1,
        "gae_lambda": 0.95,
        "value_function_coef": 0.5,
        "num_episodes": 300,
        "num_epochs": 10,
        "batch_size": 64,
        "horizon": 512,
        "entropy_coefficient_init": 0.1,
        "entropy_coefficient_target": 0.01,
        "entropy_coefficient_const": 0.01,
        "entropy_decay_steps": 100000
    },
    "run_configs": {
        "agent": "PPOBETA",
        "environment": "RIGHTTURN",
        "entropy_setting": "FIXED",
        "plotting_setting": "REWARDS_AND_TRACK_DISTANCE",
        "zero_brake": false,
        "automatic_restart": false,
        "use_existing_model": "20230709_121341.764_model",
        "save_as_onnx_model": false,
        "seed": 42
    },
    "episodes_reward_data": [
        86.993867365818,
        63.27434027582058,
        74.2560819486971,
        0.32413643884501653,
        53.91481733330875,
        -1.705863703158684,
        70.50227186840493,
        79.52520729057869,
        86.32566570644849,
        58.39885309364763,
        39.58478149751318,
        22.257224455534015,
        74.16636815328093,
        -2.726671362295747,
        -0.22426990847452544,
        54.22540587699041,
        63.350586362939794,
        59.726684149791254,
        59.87375404831255,
        -9.768985219998285,
        51.18987486753031,
        85.68659747335187,
        24.020807395514566,
        61.97933847917011,
        59.58918604848441,
        27.267208875040524,
        43.303642069891794,
        75.54235969053116,
        86.93302679166663,
        75.52726547807106,
        -3.5706225302710664,
        61.81130124247284,
        61.32899717934197,
        49.84857494843891,
        54.26468908061361,
        51.46011630873545,
        22.9416241410363,
        35.12444330484141,
        57.34121790836798,
        73.4236071347259,
        46.185591569403186,
        56.5941015004355,
        76.65572018240346,
        92.98079082771437,
        75.69826717750402,
        69.75311870407313,
        67.66678920731647,
        32.105575810332084,
        65.48467536229873,
        -4.518216544325696,
        74.64901152829407,
        61.7850315530377,
        73.60664138493303,
        71.97844754281687,
        24.354538386687636,
        30.7942716099642,
        18.09688524605008,
        67.20263724743563,
        60.696365012874594,
        61.83386149359285,
        67.19541837405995,
        -4.538868050905876,
        89.8237250992679,
        32.625899096165085,
        75.88842581451172,
        65.11429421827779,
        72.37418583371618,
        54.51064052287256,
        -5.546192623965908,
        84.05367419042886,
        47.9503984778421,
        79.87866209432832,
        79.67917173117166,
        26.5263436507812,
        67.34466167489882,
        29.036412860208657,
        83.30636408482678,
        91.8062510790769,
        34.590127529692836,
        69.74323181398358,
        4.0108072776929475,
        34.14315221377183,
        -6.957146157918032,
        79.26259982635383,
        78.36106782482238,
        -4.602684951911215,
        65.98927896254463,
        35.31020954949781,
        85.92991470632842,
        77.98412885947619,
        61.74265214422485,
        72.10042292825528,
        62.09536145282618,
        48.44242566404864,
        57.439336204872234,
        90.75152588761557,
        72.68455536325928,
        -3.569449322007131,
        -1.4234611229476286,
        19.76676264726848,
        -3.6227766666561365,
        -4.877802373754093,
        20.355069630109938,
        14.341065623564646,
        1.9979497326421551,
        4.994244857909507,
        -1.2365061460295692,
        18.437832073759637,
        -1.1635804054094478,
        -9.71035332500469,
        -3.742171321064234,
        8.53992331775953,
        -2.5830092729011085,
        59.7359260051162,
        67.89190568221966,
        -1.9651951840205584,
        -5.759988220714149,
        27.12297608173685,
        80.77819625061238,
        51.85318640436162,
        67.4615278383717,
        21.19440620468231,
        -4.360990377055714,
        -3.419868380398839,
        -2.6381574420811376,
        13.276615902665071,
        18.21042707990273,
        4.249739659426268,
        -2.3167736589093693,
        54.93296634295257,
        62.376762089901604,
        -4.1329479621199425,
        -6.52487967221532,
        71.18890978494892,
        28.60908704029862,
        69.9569988901203,
        86.06356749912084,
        -3.3320551458746195,
        28.302987093746196,
        57.16166842612438,
        20.068122618598863,
        13.037206106004305,
        33.02543248346774,
        -6.64668924320722,
        62.47382900919183,
        65.73233457304013,
        24.342918608221225,
        61.70766485048807,
        71.75099262327421,
        -4.683203815220622,
        15.37295542229549,
        56.5890093294729,
        0.385099590595928,
        87.24540120601887,
        28.925765915977536,
        -6.456163604889298,
        69.81065882329858,
        67.46005883319594,
        74.86678578495048,
        76.57251542819722,
        68.61456001311308,
        -4.4077436782827135,
        74.78742225078167,
        79.26576010815916,
        -1.2126004994788673,
        89.69681201851927,
        32.39395447680727,
        51.040641600469826,
        48.21149384480668,
        -0.22308958745998098,
        67.91940943646478,
        72.84547830108204,
        -0.6937099873903207,
        -1.938205153142917,
        31.26946794851392,
        -7.803403396683279,
        67.33306819009886,
        37.5303174246219,
        -7.549279966100585,
        82.88327005360043,
        75.70217184632202,
        77.5707109378418,
        6.417429686640389,
        7.38903615208983,
        21.73385019540001,
        58.403177164669614,
        31.4564624245686,
        20.403289240784943,
        66.48298016443732,
        26.907303673768183,
        -7.444215597235598,
        -3.436095473014575,
        -8.504384728352306,
        91.1117429111473,
        32.64202805317473,
        -2.538428835774539,
        84.2999127698713,
        67.53914025127597,
        -5.35167483962141,
        19.62280522580113,
        24.067031643920927,
        185.8350494257902,
        41.39686914361664,
        35.28211403041496,
        -2.584453691393719,
        -5.183178217557725,
        -6.127633623720612,
        53.297184643452056,
        54.97598439254216,
        72.74381687486311,
        -5.174869293463416,
        82.30519701348385,
        72.31961674978083,
        53.06601177388802,
        69.01838423864683,
        2.4002390060340986,
        56.667882051697234,
        3.2863025085098343,
        58.91836895426968,
        57.35550569719635,
        58.653153257939266,
        68.46710442371841,
        61.77844837529119,
        67.85693663773418,
        90.56181009334978,
        157.03539544834348,
        66.71169268863741,
        68.6656264840567,
        24.844994093524292,
        55.41259813477518,
        38.0647824362095,
        37.345139459270285,
        56.00515319677652,
        36.54928219044814,
        68.35063751330017,
        29.414099540750613,
        73.30471671602572,
        59.13184303624439,
        63.955690838891314,
        69.95387510512955,
        1.21216966729844,
        135.7005489790754,
        67.97531661773974,
        64.15280713472748,
        82.1105893196509,
        24.3411145931168,
        68.75298354928964,
        57.62273417908,
        71.19109191177995,
        69.33191605805769,
        52.29939880268648,
        73.03703112591757,
        -6.5091422239202075,
        70.59050040887087,
        62.963855385401985,
        61.210811960103456,
        61.72744552110089,
        183.48352213040198,
        69.43279361161694,
        60.71602108946536,
        68.60209844398196,
