{
    "hyperparameters": {
        "learning_rate": 0.0003,
        "discount_factor": 0.99,
        "epsilon": 0.1,
        "gae_lambda": 0.95,
        "value_function_coef": 0.5,
        "num_episodes": 300,
        "num_epochs": 10,
        "batch_size": 64,
        "horizon": 512,
        "entropy_coefficient_init": 0.1,
        "entropy_coefficient_target": 0.01,
        "entropy_coefficient_const": 0.01,
        "entropy_decay_steps": 100000
    },
    "run_configs": {
        "agent": "PPO",
        "environment": "ORIGINAL",
        "entropy_setting": "FIXED",
        "plotting_setting": "REWARDS_AND_TRACK_DISTANCE",
        "zero_brake": false,
        "automatic_restart": false,
        "use_existing_model": "",
        "save_as_onnx_model": false,
        "seed": 123
    },
    "episodes_reward_data": [
        -3.0416025537415408,
        -3.652226831240114,
        -3.524545143067371,
        -0.3009090640116483,
        -3.522821342397947,
        -0.920791573706083,
        -2.2238780858460814,
        -6.839419064082904,
        -0.10777409782167524,
        -2.236729226715397,
        -5.069235926916008,
        -4.536637220298871,
        -2.302071863494348,
        -1.8643220586236566,
        -2.014672762597911,
        1.0437445679854136,
        -3.601239056326449,
        -1.4072970737543073,
        0.02135801053373143,
        0.08849592710612342,
        -1.0780724314972758,
        2.1457993239164352,
        1.1658665220165858,
        0.6407305436878232,
        0.5706148642493645,
        5.265959653450409,
        2.2284883420797996,
        7.818910756992409,
        1.837848391092848,
        0.3004041333042551,
        0.1870879094931297,
        0.1200618936563842,
        3.355870453757234,
        0.28282039019541116,
        2.940487235580804,
        2.7414662277442403,
        14.823900264163967,
        2.1226785230683163,
        -0.6413084629894001,
        14.783983295463258,
        1.729548032511957,
        1.22601269435836,
        2.0425069213379174,
        4.932127981141093,
        4.60139658600383,
        0.5008928554161685,
        8.433163289097138,
        0.0021980134770274162,
        2.7198865570535418,
        2.717295008653309,
        4.280279084399808,
        9.5586340779264,
        5.163805817224784,
        3.9094972466118634,
        7.857313725529821,
        4.930397250573151,
        16.01925664106966,
        17.80080990170245,
        5.930940360354725,
        -1.1371857646372519,
        18.19722871092381,
        2.9773132501140935,
        -1.6317195172741776,
        -0.5596217010170221,
        16.404562127048848,
        9.915739299365669,
        21.48007879126817,
        36.41991216725728,
        38.77927941165399,
        3.8267166897421703,
        9.724589901743457,
        9.709761331876507,
        56.91103231476154,
        63.386788722651545,
        168.98203039179498,
        152.1290062497137,
        8.106440423558524,
        5.719683627743507,
        21.27486055006011,
        38.59042420366313,
        195.26049560465617,
        14.108662254031515,
        184.54284025501693,
        83.32577999372734,
        38.92012182847975,
        27.57213033689186,
        93.17904785700375,
        77.82369057989854,
        202.79893337059184,
        37.68148580113484,
        217.22461965055845,
        166.78832269288978,
        51.99836814508308,
        109.0419537879643,
        212.74128789297538,
        113.36698150020675,
        166.23425128421513,
        18.172545704699587,
        13.687117104709614,
        28.76477752685605,
        36.537899420713075,
        212.89502175792586,
        11.00366813508299,
        57.92880116245942,
        221.70805188285885,
        75.94715626200195,
        149.54778913482733,
        76.72265767116915,
        4.559691164497053,
        134.57000530639198,
        20.36936527263606,
        217.8400729908317,
        224.12113166681956,
        216.8084974581725,
        91.97892049868824,
        127.69714596889389,
        223.1838113477861,
        100.33834478782956,
        87.63354487105971,
        225.67803710431326,
        96.81927106145304,
        213.29563361674082,
        221.70288198368507,
        222.98292030289304,
        213.24179123481736,
        136.3012927587115,
        218.30832583822485,
        220.7643333489832,
        222.82653792423662,
        232.4733026889735,
        129.47638503629423,
        223.66949851889513,
        222.19275234799716,
        11.749592656065943,
        224.8613978443609,
        194.0498866001144,
        18.26269069062255,
        145.08246327828965,
        226.00100860081147,
        241.29414765330148,
        78.74880195606966,
        66.81538604163507,
        238.65363053238252,
        151.9140240829438,
        58.9425866107631,
        227.63244440796552,
        231.36674600164406,
        147.31801683551748,
        113.06586715462618,
        232.22256588147138,
        230.54896469332743,
        77.31709481019061,
        95.3335016167548,
        228.5617059727374,
        228.98190024857468,
        225.1907570149633,
        228.33817135283607,
        132.18974387529306,
        230.99353210852132,
        230.13474123366177,
        223.22742802088032,
        233.09248939376266,
        232.82818187912926,
        12.711058788641822,
        232.39237052563112,
        230.80643932282692,
        232.9707538265502,
        69.8322307189228,
        28.908473029732704,
        215.72471535942168,
        229.75542378332466,
        222.95486083667492,
        142.5057776289177,
        213.34557637159014,
        78.98173726025561,
        224.84910142763692,
        158.8968714519142,
        229.41775678881095,
        220.0257933875546,
        5.389140631596092,
        19.39994662706158,
        215.31394994977745,
        213.51578855211847,
        219.98119851696538,
        222.06212599930586,
        219.824982741462,
        130.94592960411683,
        54.11754094297066,
        218.63269435957773,
        219.2296372284909,
        167.19545869866852,
        216.33974558512273,
        217.1044926251343,
        223.53705570098828,
        220.47021356702317,
        198.65610441649915,
        231.25538984616287,
        217.89402608794626,
        167.07867838797392,
        220.07183207267371,
        227.2549591926363,
        71.72429004304286,
        226.3699187427701,
        226.92824161070166,
        223.3501299014897,
        229.68859255578718,
        163.95128875796217,
        41.95179380995978,
        161.33243892133032,
        131.5732574571157,
        32.09556810387585,
        75.8672019050864,
        152.05803442136676,
        62.20676003203698,
        66.93399459734792,
        207.7762744645588,
        215.10720195318572,
        27.333729458696325,
        228.33368964226975,
        148.8163724943879,
        8.574902567779645,
        210.82562700699782,
        225.15400931990007,
        50.17611195254722,
        223.1968292207457,
        219.11898682711762,
        219.5611144231807,
        37.12374399701366,
        224.6813319476496,
        226.33777610560355,
        220.17416284343926,
        16.740297521813773,
        228.0987784563331,
        226.88093126175227,
        182.35780496924417,
        209.02896290169156,
        221.4360969414265,
        39.26498898793943,
        210.7180541084599,
        112.25765578617575,
        163.63414001243655,
        217.91084443852742,
        219.48241245985264,
        224.18002591188997,
        227.1529906805372,
        8.54997879993607,
        220.03854960747412,
        219.52230153320124,
        217.67622611369006,
        136.03888091580302,
        214.8064584636595,
        214.71878494671546,
        216.53002398554236,
        214.37553581121028,
        216.87329506812966,
        223.4283235629846,
        218.97702577910968,
        220.9085890937422,
        232.4563719884609,
