{
    "hyperparameters": {
        "learning_rate": 0.0003,
        "discount_factor": 0.99,
        "epsilon": 0.1,
        "gae_lambda": 0.95,
        "value_function_coef": 0.5,
        "num_episodes": 300,
        "num_epochs": 10,
        "batch_size": 64,
        "horizon": 512,
        "entropy_coefficient_init": 0.1,
        "entropy_coefficient_target": 0.01,
        "entropy_coefficient_const": 0.01,
        "entropy_decay_steps": 100000
    },
    "run_configs": {
        "agent": "PPOBETA",
        "environment": "CURVES",
        "entropy_setting": "FIXED",
        "plotting_setting": "REWARDS_AND_TRACK_DISTANCE",
        "zero_brake": false,
        "automatic_restart": false,
        "use_existing_model": "20230709_223257.422_model",
        "save_as_onnx_model": false,
        "seed": 3
    },
    "episodes_reward_data": [
        -0.5055894353426993,
        8.957719051919412,
        21.036335695913294,
        9.213207002088893,
        9.359203234082088,
        8.961383104149718,
        25.770075812353753,
        28.566299964790232,
        64.32572171406355,
        17.68408577790251,
        29.218295679951552,
        10.804916065826546,
        2.523512138403021,
        10.610373838688247,
        0.19100122875533998,
        14.134822352265473,
        29.17818686447572,
        4.5304677746025845,
        33.62589613368618,
        75.26412829066976,
        36.05790145951323,
        54.39561888552271,
        28.554300291405525,
        35.112064071319764,
        25.368282887153327,
        57.12511111079948,
        26.46337968610169,
        5.2844014432048425,
        61.39168799950858,
        14.52963742177235,
        66.0238988926867,
        2.0371963884681463,
        19.029753977665678,
        60.48088101290341,
        69.72111872097594,
        62.14297732600244,
        63.668013097019866,
        60.98528610833455,
        4.246873473050073,
        8.33502303287969,
        29.781185306812404,
        18.409143294818932,
        62.722830899379915,
        30.494182862748858,
        0.3680449212552048,
        67.92826990506728,
        -1.5895503287902102,
        25.449775398010388,
        35.74735088221496,
        34.772589226748096,
        12.603120282816235,
        1.1088604651740752,
        60.46487964037806,
        63.886770965647884,
        61.65627244883217,
        3.7692441870458424,
        62.85446411304292,
        4.74380254605785,
        65.87873098021373,
        63.712676781695336,
        60.851426282315515,
        14.085650142864324,
        35.64950810087612,
        60.26872320903931,
        33.6893020903226,
        61.76429063512478,
        5.345748780295253,
        47.71860831597587,
        1.0190166994580068,
        63.803004075132776,
        47.046392697287956,
        48.789308485604124,
        13.165056691272184,
        63.00555714635993,
        -2.064321217883844,
        8.400379810598679,
        5.24849303739029,
        58.054561870056204,
        3.9951153274741955,
        7.278331603738479,
        57.66792837239336,
        3.17004549165722,
        29.636941792967264,
        56.82505353115266,
        1.576401627069572,
        38.77936602314003,
        53.31093506095931,
        15.03196378130815,
        58.988460146967554,
        57.453330930293305,
        62.78987383944332,
        60.654027812124696,
        10.46031340828631,
        22.002818709413987,
        59.45147208974231,
        68.01678675820585,
        35.739738986012526,
        27.200391684978968,
        27.107565403042827,
        16.55069727252703,
        57.91824640055711,
        5.8961541226599365,
        27.129615840342012,
        66.56927166273817,
        60.440423122869106,
        13.498011399555253,
        24.690816540678497,
        29.59870572120417,
        61.41825234517455,
        59.35963680193527,
        2.2946339962654747,
        69.04210392356617,
        32.55263473498053,
        30.617879533412633,
        35.12852276151534,
        3.1664890295360237,
        54.213756468408974,
        60.63458547563641,
        72.29625048016896,
        33.6319222766906,
        1.3217489458620548,
        61.47905419149902,
        1.071469662943855,
        67.35940560455492,
        21.02690147003159,
        5.9210102633805946,
        1.327534698881209,
        34.05684679269325,
        59.53982108156197,
        68.71503748913528,
        9.689591839851346,
        78.57127692591166,
        32.3176009185845,
        16.234456340200268,
        62.42725281958701,
        21.55930842133239,
        37.29791358241346,
        4.650116838340182,
        69.66452435561223,
        31.037306313985027,
        56.852360974357,
        64.490517649916,
        7.17841992189642,
        75.41140156873735,
        33.835035432712175,
        13.992746638541576,
        72.46465319106937,
        70.5760721511324,
        60.02891349926358,
        62.67196244886145,
        9.442109523632098,
        59.378142715082504,
        54.09915413361159,
        37.969759158586385,
        68.85040639754152,
        14.369508425006643,
        19.37221227301052,
        54.37772554536059,
        28.770048716804013,
        63.726277217268944,
        61.03366836666828,
        50.277618873515166,
        23.04022306067054,
        5.913596615835559,
        63.50805339217186,
        44.57235910499003,
        9.391841446049511,
        39.97135103074834,
        49.96255863193073,
        6.810701501148287,
        65.43798493857321,
        18.05511711863801,
        13.223019893513992,
        61.20001971221063,
        61.66779612726532,
        36.3268050996121,
        17.67754527152283,
        64.22903201082954,
        58.53947754082037,
        64.59220787812956,
        2.118281703791581,
        50.77218155475566,
        7.0440618126885965,
        60.32221494062105,
        66.57554039859679,
        62.641671174627845,
        19.55428406893043,
        63.071759302401915,
        6.076070467534009,
        62.946348718134686,
        42.09677045114222,
        30.25233548588585,
        8.911731499858433,
        56.916622158605605,
        -0.1475987861631438,
        61.13646358301048,
        55.59206834633369,
        52.59599658619845,
        50.319788726686966,
        -2.453276501968503,
        47.0244186881464,
        57.60045721946517,
        4.940653424040647,
        56.83299555059057,
        45.631949116825126,
        63.28418243967462,
        40.42948261159472,
        19.619714795378968,
        -1.0983855625381693,
        52.48458858113736,
        50.291611249907874,
        38.50991379428888,
        49.82955758187745,
        50.693673934729304,
        1.141633753431961,
        43.21055403284845,
        45.30813076370396,
        11.747720531770028,
        59.1432579686516,
        22.124164050794207,
        22.969710952369496,
        37.74432456449722,
        38.962035652133636,
        55.2280893183779,
        45.57396133232396,
        49.54402681381907,
        46.72989589351346,
        12.486211794428527,
        42.86269961256767,
        60.45315338484943,
        53.883515709778294,
        47.718895741476445,
        50.66609764442546,
        20.756701472389977,
        14.095327751128934,
        41.14397343667224,
        44.19074862371781,
        38.55758519883966,
        54.816796278901165,
        44.89022104907781,
        1.6943304194137454,
        48.71720844472293,
        26.033878364250995,
        44.07575226799236,
        42.79788977350108,
        56.9419688982598,
        42.87359739583917,
        54.03118760936195,
        49.032534681406105,
        43.87028452497907,
        47.15689694293542,
        45.792873771162704,
        13.824153751920676,
        43.99964211607585,
        50.59287391981343,
        50.5169467186206,
        43.363018600910436,
        8.90098517545266,
        32.398927122878376,
        55.57108536007581,
        57.925928893033415,
