{
    "hyperparameters": {
        "learning_rate": 0.001,
        "discount_factor": 0.99,
        "epsilon": 0.1,
        "gae_lambda": 0.95,
        "value_function_coef": 0.5,
        "num_episodes": 300,
        "num_epochs": 10,
        "batch_size": 64,
        "horizon": 512,
        "entropy_coefficient_init": 0.1,
        "entropy_coefficient_target": 0.01,
        "entropy_coefficient_const": 0.01,
        "entropy_decay_steps": 100000
    },
    "run_configs": {
        "agent": "PPOBETA",
        "environment": "ORIGINAL",
        "entropy_setting": "FIXED",
        "plotting_setting": "REWARDS_AND_TRACK_DISTANCE",
        "zero_brake": false,
        "automatic_restart": false,
        "use_existing_model": "",
        "save_as_onnx_model": false,
        "seed": 3
    },
    "episodes_reward_data": [
        -0.27188580442452803,
        -0.048245439567836,
        -1.1905339782388182,
        2.865668958198512,
        1.8012197684729472,
        -8.077843154780567,
        -0.6919175339280628,
        -1.4293087295664009,
        -1.2354787411168218,
        1.276310991088394,
        9.14878247329034,
        -0.4046467555454001,
        0.15045082729193382,
        4.114883537142305,
        1.0374737633028417,
        6.501848588115536,
        -0.24620475122355856,
        -0.9431701480207266,
        0.4393377065862296,
        -0.9443214084603824,
        1.276124685362447,
        1.7462194400141016,
        1.5345602024463005,
        0.6118126020592172,
        -1.5684347594797146,
        14.398356001147476,
        0.9780897729797289,
        -0.8133585283649154,
        -0.8198196231096517,
        -3.007566907675937,
        -1.0667836013890337,
        6.631594008475076,
        0.099119883030653,
        -0.78688100479485,
        0.4296518157789251,
        0.2013649611180881,
        0.34455945782247,
        -0.11901730494719232,
        1.6279359515174292,
        5.087483615730889,
        0.3139500356919598,
        -0.33628407871583477,
        4.40902753037517,
        1.7983676162548363,
        -0.017601633750018664,
        8.578488650578947,
        2.411626901710406,
        0.1481312672549393,
        1.8931712135963608,
        0.3093562893627677,
        1.5613225999695715,
        -0.0499108707808773,
        7.656901537062367,
        5.633836164721288,
        0.17745803290745243,
        0.9900989175657742,
        0.955833774554776,
        0.4836301422692486,
        2.4169334414764307,
        1.7908640451496467,
        42.018537643627496,
        34.54751841600955,
        2.4263198413536884,
        10.41361772804521,
        156.64314165248652,
        49.743035258085,
        39.75061616198218,
        133.37676425548852,
        -0.946271481749136,
        2.0809640832303558,
        -0.43395524453080725,
        0.8245749751658877,
        1.2290783014905173,
        29.487849291464954,
        181.14407713855326,
        47.89463343715761,
        198.88613294594688,
        194.44802059064386,
        214.74032793781953,
        113.31240247297683,
        152.00259008823923,
        202.78125176885806,
        47.72128676477587,
        212.33693956210482,
        165.8862040300737,
        221.86495150628616,
        234.99640040809754,
        239.00115723864292,
        90.7736823054147,
        30.898807674180716,
        58.371086080383975,
        42.56175436405465,
        132.10270439121814,
        6.901928324310575,
        232.4903218062973,
        229.07559852444683,
        226.38643609237624,
        48.09444944449933,
        225.36081587040098,
        232.36310339026386,
        222.53080484105158,
        211.93137858933187,
        19.740578831522726,
        78.17416504148423,
        230.26238067512168,
        224.35486315583694,
        223.95698369258753,
        228.04951459678705,
        235.25198066675512,
        224.16373171820305,
        55.50128000054974,
        71.71783276402857,
        210.3124315162131,
        234.49363493869896,
        220.6049797493033,
        231.79006738663884,
        227.35484819079284,
        225.6678188056103,
        225.2437362970668,
        235.79305271667545,
        233.14614342509594,
        222.89433033202658,
        227.4111072968226,
        222.4291938704555,
        77.33716300930246,
        94.77905748838384,
        220.1308107349323,
        232.1404715410099,
        235.60673856450012,
        176.54884889401728,
        15.783584407501621,
        224.15218608640134,
        10.37720380286919,
        84.65568449173588,
        242.82637622463517,
        232.5938612706086,
        190.95564756036038,
        113.48874993222125,
        150.78175647440366,
        145.60338587978913,
        122.71646941601648,
        245.88100848719478,
        244.27301640054793,
        244.51550470426446,
        246.67923138733022,
        245.52231044175278,
        236.6337487733981,
        204.93112705781823,
        49.3418724181829,
        237.49295630468987,
        91.91880482964916,
        145.0017514191568,
        166.97981647024426,
        61.56306719573331,
        159.80770394569845,
        234.05940235994058,
        236.70067021175055,
        236.75745606629062,
        239.88971385822515,
        238.66741338376596,
        244.7035430968972,
        230.2703571805905,
        237.64241115987534,
        239.58959654213686,
        45.058038302347995,
        132.10312442063878,
        225.68728581489995,
        231.59766157099511,
        23.8892452295986,
        242.68319149388117,
        103.97162687692617,
        237.19531612406718,
        67.12628202576889,
        18.377125416242052,
        40.91764693846926,
        123.30612339096842,
        213.47547818778548,
        226.7346938091796,
        131.90950796363177,
        230.6637042571965,
        234.00176551449113,
        59.056840103818104,
        102.32070520821435,
        130.62222257009125,
        233.2288274630555,
        237.34637671994278,
        71.76436750404537,
        39.722962158790324,
        221.9738319440512,
        68.04580700412043,
        234.82418463204522,
        151.96062069857726,
        230.06916732282843,
        232.8186929612857,
        236.03038964256848,
        226.76278147682024,
        226.5954466186231,
        243.9137430296978,
        235.70660437599872,
        55.28832437074743,
        240.34415017216816,
        224.4916744522634,
        3.1637598837405676,
        60.66548794135451,
        204.38193096543546,
        231.4890475929933,
        205.53657296008896,
        219.37797116741422,
        227.57691956823692,
        238.23689083982026,
        237.9139344286814,
        242.5378893133602,
        119.05690132765449,
        230.05380265094573,
        137.13498616876313,
        186.94919473378104,
        239.1371184862801,
        236.3966396949545,
        237.00137586408528,
        246.69817048773984,
        162.67474137214595,
        136.2159934862284,
        238.72289031895343,
        231.95205264816468,
        27.219195928017143,
        238.59284026999376,
        237.09599843004253,
        53.99298343015835,
        237.39770595278242,
        238.96632444078568,
        240.49207303480944,
        227.57498667688924,
        101.14088155722129,
        114.57950775581412,
        84.36972709948895,
        14.94102166761877,
        229.78237213328248,
        106.55511973641114,
        234.19624390819808,
        138.95074008176016,
        87.55618794227485,
        244.14420522225555,
        58.996029649468255,
        243.19309413456358,
        239.13537749611714,
        103.30440726965026,
        11.746574286546092,
        237.25487629207782,
        155.3262550434447,
        241.15333789819852,
        206.55207684927154,
        47.367476221872494,
        109.39095006316347,
        59.66609677442466,
        42.63589771864645,
        158.28077961679082,
        220.26551482937066,
        215.7218802110292,
