{
    "hyperparameters": {
        "learning_rate": 0.0003,
        "discount_factor": 0.99,
        "epsilon": 0.1,
        "gae_lambda": 0.95,
        "value_function_coef": 0.5,
        "num_episodes": 300,
        "num_epochs": 10,
        "batch_size": 64,
        "horizon": 512,
        "entropy_coefficient_init": 0.1,
        "entropy_coefficient_target": 0.01,
        "entropy_coefficient_const": 0.01,
        "entropy_decay_steps": 100000
    },
    "run_configs": {
        "agent": "PPO",
        "environment": "ADVANCED",
        "entropy_setting": "FIXED",
        "plotting_setting": "REWARDS_AND_TRACK_DISTANCE",
        "zero_brake": false,
        "automatic_restart": false,
        "use_existing_model": "20230627_075838_model"
    },
    "episodes_reward_data": [
        60.6520737996907,
        -0.2681135479360819,
        27.111190994473873,
        51.82723629355314,
        65.00231850834098,
        29.525173185378662,
        -2.002980636898428,
        40.080609222874045,
        30.475468214281136,
        8.00083989353152,
        3.6597772531968076,
        45.76790081083891,
        54.50897067230835,
        0.33948928117752075,
        14.767453885491705,
        35.17542434600182,
        9.286230173049262,
        17.21508457408345,
        64.65187505974609,
        46.76782676517905,
        3.0706242788146483,
        8.280784496106207,
        -0.05067899450659752,
        52.8691240016924,
        18.919547461147886,
        58.90535510570044,
        23.743506963917753,
        16.319622244656784,
        9.998580636573024,
        20.530111179570667,
        21.046852794010192,
        40.554583300763625,
        5.019638538942672,
        60.941633069422096,
        49.342218685676926,
        123.23687509883894,
        18.6572640617087,
        94.86945599268074,
        66.38596420671092,
        14.394672126043588,
        26.484454443561845,
        21.914613128174096,
        55.25048695980513,
        20.994184287264943,
        6.798380898311734,
        21.1000680084544,
        22.334097466431558,
        -5.206311238929629,
        35.64734656638757,
        3.224824300967157,
        81.14605465959175,
        -0.0633722364436835,
        30.914675234656897,
        73.65355122053006,
        66.49901198927546,
        27.68679186164809,
        24.4108433467336,
        67.58731041967985,
        22.647740258835256,
        58.3936158480501,
        38.548118715320015,
        59.53344841382932,
        10.885028642442194,
        19.28135063922673,
        -1.423230574466288,
        35.62802409178403,
        0.32889590971171856,
        83.24709941764013,
        28.061730317829642,
        61.17298214606126,
        62.04977173508087,
        22.102142850868404,
        26.005704583600163,
        49.51050888537429,
        18.615897902891447,
        0.42033088579773903,
        27.20359422985348,
        31.383433359544142,
        3.1957446872838773,
        75.00326489533472,
        -0.13016985729336739,
        14.335462630318943,
        35.00799323116371,
        68.42590982458205,
        4.776130702593946,
        0.4587827306240797,
        25.29640378447948,
        20.249411626020446,
        23.22542969789356,
        -5.260011154226959,
        43.65683511835232,
        69.32141281479562,
        28.49872342357412,
        25.496246555179823,
        0.2002731580287218,
        24.813023525755852,
        22.402367768721888,
        10.45106400964869,
        27.51542264717864,
        72.59322483601863,
        0.5048879170790315,
        74.40965296674403,
        0.12273364886641502,
        83.72150499833515,
        39.17449015384773,
        22.33428200466733,
        25.166217631660402,
        -0.2007289882749319,
        3.583171548481914,
        80.17901685470133,
        21.633708348686923,
        32.18212441515061,
        28.62328270979924,
        59.77098003582796,
        3.6661605153640267,
        21.084019851958146,
        36.95210026437417,
        11.810511511081131,
        58.186844548494264,
        53.521201276846114,
        67.81671205902967,
        82.81580232913257,
        75.5602555336518,
        69.95147666295816,
        6.900402109255083,
        23.93067539014737,
        0.625016413629055,
        33.01708505261922,
        69.85895692772465,
        49.4990672799031,
        17.819227005216817,
        31.855782044804073,
        34.12166078593873,
        67.79088543477701,
        59.637996603982174,
        20.804256825707853,
        21.75691192492377,
        95.49305662679399,
        15.955716022159322,
        5.766148175993294,
        26.14299530898279,
        31.735442065633833,
        34.44625746397651,
        64.75823878638039,
        38.727105167723494,
        33.04973062890349,
        22.671359660103917,
        36.73914018544019,
        3.2938572411658242,
        20.179188399139093,
        83.54329446893826,
        20.02106204496522,
        36.115670375322225,
        70.37881334291887,
        35.28314986889018,
        65.06631409723195,
        82.62515373906353,
        62.447355547134066,
        50.67692180190352,
        -6.099367609713227,
        54.79952962281823,
        19.537047294099466,
        21.213726394285914,
        19.381653203628957,
        5.314764458387799,
        53.227294568270736,
        21.090194467105903,
        33.48370946481009,
        -6.402313040569425,
        -2.9270096792606637,
        11.489220969175221,
        69.37609608936327,
        23.235809596721083,
        67.5724011365528,
        79.37944285434787,
        29.25660081228125,
        23.913817290303996,
        20.276383786826045,
        -9.932998619740829,
        29.491334164107684,
        1.3881741371005774,
        30.309592412086204,
        85.69757803661923,
        11.122949516982771,
        17.803097031181096,
        19.89202511969779,
        60.8520631648571,
        11.250654181392747,
        70.65047771003447,
        63.555265952658374,
        63.26254864145449,
        27.93044715898577,
        27.268312672007596,
        38.97871304361615,
        59.139720894861966,
        70.52603893744526,
        32.79258377494989,
        71.41798781480611,
        74.64201508111728,
        33.651189356081886,
        15.160823837271892,
        59.643209406756796,
        50.504274270890164,
        12.164724907837808,
        16.062908756546676,
        10.938851500861347,
        49.59508382664353,
        31.212580229577725,
        94.33048703611712,
        29.530418860609643,
        58.18580390747229,
        -0.07747211493551731,
        20.928245401009917,
        46.00735288670694,
        63.170488860458136,
        45.20422456150118,
        27.192487549502403,
        21.830539601156488,
        26.462664598686388,
        50.67498034593882,
        66.26387444047577,
        20.907193741761148,
        46.10761370125692,
        28.207069806871004,
        27.38516955031082,
        67.30814877462399,
        27.094458075385774,
        64.78731090622023,
        57.70276628897409,
        42.58118620933965,
        48.68781204518746,
        79.91327119777998,
        17.147279293552856,
        56.4282431959582,
        39.314815232530236,
        121.63059720024467,
        39.12649087821046,
        27.951661691608024,
        50.318388266226975,
        16.61499302437005,
        85.55113285561674,
        29.221218566934112,
        88.01575346635946,
        35.00435735657811,
        39.56050508462067,
        77.62042233159445,
        9.377653644129168,
        49.20971161566558,
        64.92861712734157,
        93.57858387917804,
        -2.8956825993955135,
        13.0582685424597,
        13.455767892191943,
        93.44606846611714,
        131.45217024348676,
        19.600853794916475,
        88.53255484197871,
        83.402947537601,
        28.05308969769976,
        0.25560756772756577,
        47.89085171389161,
        63.261265586916124,
