{
    "hyperparameters": {
        "learning_rate": 0.001,
        "discount_factor": 0.99,
        "epsilon": 0.1,
        "gae_lambda": 0.95,
        "value_function_coef": 0.5,
        "num_episodes": 300,
        "num_epochs": 10,
        "batch_size": 64,
        "horizon": 512,
        "entropy_coefficient_init": 0.1,
        "entropy_coefficient_target": 0.01,
        "entropy_coefficient_const": 0.01,
        "entropy_decay_steps": 100000
    },
    "run_configs": {
        "agent": "PPOBETA",
        "environment": "ORIGINAL",
        "entropy_setting": "SCHEDULED",
        "plotting_setting": "REWARDS_AND_TRACK_DISTANCE",
        "zero_brake": false,
        "automatic_restart": false,
        "use_existing_model": "",
        "save_as_onnx_model": false,
        "seed": 123
    },
    "episodes_reward_data": [
        1.02114803052973,
        0.3764741100894753,
        -0.36331028770655394,
        1.5636830357834697,
        -0.2697749436774757,
        6.505734147962357,
        0.9892917732940987,
        -0.4747069572622422,
        0.7794678462087177,
        7.151825766195543,
        1.114506849902682,
        -1.8263237908831798,
        7.355635121522937,
        1.2399122171918862,
        2.633992002112791,
        0.1040853327140212,
        -0.12282615416916087,
        1.9929996241407935,
        0.21315826078352984,
        1.0671226388658397,
        0.24509639575262554,
        1.210087933926843,
        8.487947221350623,
        -0.04627856741717551,
        -0.9421348202886293,
        4.31284874456469,
        0.3131683557294309,
        3.963976548257051,
        8.08487132214941,
        -0.22876566168270074,
        1.3955057503771968,
        -1.1338046769378707,
        2.2963071934937034,
        0.7335336015239591,
        -1.7486564429855207,
        2.0927257747389376,
        0.3462651325680781,
        5.739380509068724,
        0.835468295525061,
        -0.4643793023133185,
        2.8568189450597856,
        10.71105888672173,
        1.123121975804679,
        0.22941236846963875,
        2.918262464860163,
        0.7062192079174565,
        4.14299853600096,
        0.47293188534968067,
        13.941756483734935,
        -2.705174093891401,
        -0.6387629287928576,
        4.234341694042087,
        4.9712002705200575,
        1.9019761200761423,
        0.021100354118971154,
        5.736177548591513,
        8.38559206057107,
        -1.1844444629969075,
        3.4902345309965312,
        4.222146535910724,
        22.132243389074574,
        -2.168386277699028,
        47.26742010869202,
        98.867300362268,
        7.943311927549075,
        11.381747897452442,
        5.808462801738642,
        81.81665913994948,
        7.68296912551159,
        17.09244713623775,
        1.855435356585076,
        64.34048910843558,
        25.319637533044443,
        0.3417645900626667,
        0.601077652478125,
        51.87771260214504,
        199.70833659765776,
        168.69329668600403,
        193.86196258290147,
        160.9488186676317,
        126.4243075105478,
        214.0551827395975,
        224.04309388628462,
        138.82907303751563,
        196.9008785239712,
        218.91658966627438,
        217.2094631147338,
        217.45218988168926,
        217.28419757721713,
        54.5870015338005,
        36.673209908243734,
        203.5385905454459,
        82.19858575457329,
        184.0124582107528,
        210.36290720425313,
        211.6957834353234,
        206.05338393949205,
        72.58646883528854,
        216.31101242902514,
        211.07321418542415,
        208.3955834643275,
        218.24026994139422,
        208.25898988445988,
        210.4219733740465,
        212.4467097018496,
        9.127882817178033,
        185.02693902399915,
        61.496729859209154,
        191.39513459871523,
        199.57475590518152,
        198.4675865249592,
        51.20068089605775,
        194.0482746702619,
        211.35730945268006,
        37.749709076364525,
        81.68012384473695,
        63.90866272570565,
        199.13178620647523,
        194.46539241286519,
        123.17274273809744,
        193.0190241941309,
        5.500350334215909,
        181.51092163933208,
        178.66516299908108,
        176.27773886732757,
        193.29210040334146,
        182.4570672724949,
        165.98449680797057,
        178.63424451032188,
        183.34665265036165,
        186.30385412689066,
        185.88319145521382,
        191.02942215287476,
        175.8681355092267,
        168.4400991457078,
        193.9071967373602,
        202.3397350121959,
        185.94316942690057,
        177.28558754670667,
        195.4135884551215,
        199.38118899980327,
        195.27555407732143,
        202.376025344769,
        204.8776722708717,
        211.180035268364,
        195.7911367386987,
        198.76192698971136,
        197.95419862942072,
        206.44649155292427,
        31.896706736355554,
        22.71379154775059,
        210.97193675255403,
        188.91748170327628,
        197.92601154632575,
        205.58405542664696,
        198.41931671915518,
        200.67227446146717,
        216.92802847380517,
        96.85315434046788,
        174.049506634532,
        221.63616329083743,
        60.07597528788028,
        30.54542141483398,
        210.83366809858126,
        31.25340192503063,
        108.4453468627762,
        22.682868285133736,
        187.65864223990502,
        186.97432951710653,
        29.0973923021229,
        147.57672837481368,
        220.62009872024646,
        132.22216607956216,
        14.5739560109796,
        14.620535862748511,
        44.823398238571826,
        190.0755814835211,
        183.8756951327523,
        40.375048907706514,
        198.52604148084356,
        205.83579191184253,
        58.04566908304696,
        212.19277141235943,
        205.25678903915104,
        210.8170252875425,
        213.25437721674098,
        205.56283435731893,
        68.7097112929332,
        146.65604804352915,
        199.67663955425087,
        208.65413112151145,
        76.34311679986422,
        109.3128098838497,
        240.91540017421357,
        228.9210192343162,
        146.96687331367866,
        224.65374668689037,
        104.6472520052921,
        229.0754219731607,
        136.00079635958537,
        231.2135754255287,
        236.14462542062392,
        230.07552802714054,
        236.6093448594911,
        226.46953636739636,
        107.43920204724418,
        20.239267985889455,
        8.492664641002193,
        101.27699710057641,
        228.18720752146328,
        130.27150045253802,
        233.50622563168872,
        117.92240064873477,
        231.83557144609222,
        235.80456965665508,
        50.01671804621583,
        229.04497628331592,
        222.20301487362303,
        241.90649652364664,
        176.23062258018763,
        234.16669666521193,
        95.90529208927182,
        227.55240798085288,
        23.768979407526786,
        232.1458306102868,
        241.45590679175803,
        111.84298630798003,
        153.72089291960583,
        171.10076607197698,
        8.479441695468267,
        38.69405764447583,
        223.01897145138355,
        222.99498383983155,
        219.6087881292624,
        223.20491301424045,
        101.80917651308118,
        212.96881292268517,
        155.6356006283895,
        219.5100746625103,
        219.86070983941318,
        221.61045553561416,
        215.164453067875,
        32.89110636591795,
        212.23711760318838,
        219.3357695700106,
        212.4439232798759,
        220.0878071024199,
        204.24265690534958,
        222.23429372062674,
        42.06752818101086,
        223.3940902126924,
        228.96437795599923,
        121.45529302702926,
        220.19600837078178,
        222.2968921813299,
        215.88662864465732,
        223.13589853336453,
        146.5372297668073,
        227.27975894791598,
