{
    "hyperparameters": {
        "learning_rate": 0.0003,
        "discount_factor": 0.99,
        "epsilon": 0.2,
        "gae_lambda": 0.95,
        "value_function_coef": 0.5,
        "num_episodes": 300,
        "num_epochs": 10,
        "batch_size": 64,
        "horizon": 512,
        "entropy_coefficient_init": 0.1,
        "entropy_coefficient_target": 0.01,
        "entropy_coefficient_const": 0.01,
        "entropy_decay_steps": 100000
    },
    "run_configs": {
        "agent": "PPO",
        "environment": "ORIGINAL",
        "entropy_setting": "FIXED",
        "plotting_setting": "REWARDS_AND_TRACK_DISTANCE",
        "zero_brake": false,
        "automatic_restart": false,
        "use_existing_model": ""
    },
    "episodes_reward_data": [
        -2.0476153294439428,
        1.587897721430636,
        -2.1937671128544025,
        1.1309646219597198,
        1.596650943851273,
        2.3394543049507774,
        0.6185319814176182,
        0.8356055558833759,
        0.9719067337282468,
        -1.0531320988957305,
        -1.1643072878214298,
        -0.1477931151894154,
        0.6738513387681451,
        -1.4109036822410417,
        2.9236477992890286,
        1.970227085519582,
        -1.78547968287603,
        1.3622113591845846,
        0.22915435442700982,
        0.1304938328685239,
        0.7850796027341858,
        3.004788037520484,
        0.3551143762888387,
        -1.9237701450765599,
        1.7665193072461989,
        -0.6311032869271003,
        1.110211629216792,
        3.1911680176854134,
        5.0392624340893235,
        -2.065077291601483,
        1.3485505559074227,
        0.7921971268078778,
        -1.1631147104344564,
        0.1832068480507587,
        0.9734198256774107,
        0.4958987519785296,
        -1.0681482582440367,
        0.7692128535127267,
        6.8786429736355785,
        3.5392341103724902,
        -0.9226609177421778,
        0.9836593842628645,
        -1.3428379413016955,
        -1.5799620903926552,
        4.618250554631231,
        -1.4162765659202705,
        15.007308875574381,
        -1.7788873271638295,
        3.25427369074896,
        5.129981586243957,
        8.815584769385168,
        1.4454123653558781,
        13.593908815542818,
        23.783644082184765,
        -1.217231501614151,
        -1.203926423950179,
        1.4827415157924406,
        16.57652150001377,
        12.679634460248053,
        13.963945203453477,
        7.457640084059676,
        18.069300455332268,
        -1.3368501865770668,
        21.376922106690472,
        -1.1783364008442732,
        24.425065332776285,
        6.965647327971965,
        12.213437651189452,
        6.975393511587754,
        23.851617143314797,
        1.0126880793068267,
        -1.7365446942712879,
        -1.3627318369690329,
        15.98834436951438,
        29.237269486504374,
        5.248236696810636,
        23.012832903215894,
        -1.3461102768051205,
        33.512970624899026,
        -1.0114175353373867,
        26.11522138802684,
        1.5728462743281852,
        14.980089078831952,
        89.8481379369623,
        185.28995369092445,
        37.224146994703915,
        196.1045106765232,
        198.53596331190784,
        109.88680543552618,
        159.85096757361316,
        22.473615564696956,
        227.03932828095276,
        135.26048276749498,
        232.07174678851152,
        23.728953468162217,
        81.42917353179655,
        87.4735953239724,
        205.8100988058577,
        215.2371892350784,
        227.47732074995292,
        141.11252919593244,
        136.41869162341754,
        72.15234841349593,
        220.51081256357065,
        45.26106353347859,
        192.11526659560332,
        79.70626442908542,
        9.911565744070685,
        160.70885082971654,
        205.98801663678023,
        90.65997668605996,
        202.95052646112163,
        208.20710426964797,
        169.7687995164015,
        78.80688569118502,
        199.81608378964302,
        208.45976498024538,
        214.41228626060183,
        224.79668193934776,
        215.84147276653675,
        216.58965694723884,
        35.70782136725029,
        225.63002315702033,
        227.14693963094032,
        220.60780576975958,
        11.568319441663334,
        183.3421009631711,
        221.15497086959658,
        217.65434723801445,
        215.62571887180093,
        217.7864297147462,
        224.99501063971547,
        36.844506272434955,
        203.33229578871396,
        213.58432264901785,
        220.76548802334582,
        226.27863086432626,
        174.05958604782063,
        226.27564397156675,
        221.85422700463096,
        109.45958480457193,
        87.69193817667838,
        207.0802977566418,
        144.0547321188351,
        234.91568963375175,
        238.43521284026792,
        233.4061037696374,
        180.74224732808943,
        227.65118364119553,
        137.44956455359352,
        207.6027690283663,
        232.2692867187434,
        11.775018415763043,
        219.2784322109801,
        8.220508174286806,
        89.88121595479606,
        218.9523185918224,
        26.073590499843704,
        137.12209333505598,
        22.429259993165033,
        70.37694106969866,
        55.00016992317978,
        231.0166749341006,
        29.165537735774706,
        214.16761774895713,
        228.04956099347328,
        100.06812411663122,
        94.81769514322514,
        147.07418747141492,
        210.8016806107189,
        44.82077340778778,
        123.99636365156039,
        217.33357300695934,
        209.69600977826485,
        227.7027030880563,
        123.3052767754125,
        228.07166528565722,
        23.425792458292563,
        227.8323916310037,
        78.80023497107322,
        115.53876162243978,
        223.35150316380168,
        67.2845793370434,
        139.18235327316506,
        231.65830482063757,
        44.37923108198447,
        18.109864223515615,
        7.893824986182153,
        116.41336484548083,
        6.725467771408148,
        208.72911228390876,
        68.93098300712882,
        218.0372260941731,
        23.022881516139023,
        209.1340472883021,
        157.96767195514985,
        21.661343452200526,
        202.90973182884045,
        234.57478044075833,
        232.92677955605905,
        217.73900278564543,
        226.89113080032985,
        118.43315912026446,
        228.12469828410394,
        232.660951880418,
        50.7692359937937,
        143.0357357088651,
        49.056968177086674,
        16.15872895286884,
        23.23090271797264,
        11.510882243092055,
        26.26125814410625,
        219.5140028132446,
        149.7103048148856,
        88.36570608221518,
        223.52543116911693,
        218.54486511895084,
        215.65503653837368,
        222.262385426322,
        79.46256099133461,
        95.49228307403973,
        52.73765358241508,
        147.1977064297098,
        145.73381899981177,
        13.336025392549345,
        16.94531670230208,
        175.87757010505447,
        118.44232063249365,
        27.468555398168974,
        139.58482678764267,
        171.25866291020066,
        178.6366977012076,
        88.8678205111064,
        189.637603767158,
        196.30447145632934,
        201.2820947332948,
        197.9366872147948,
        189.5802477517136,
        206.2644668944704,
        68.47730601487274,
        104.76135092508048,
        189.08758082396525,
        193.30515123106306,
        191.100699800867,
        181.30206900267513,
        198.9102701289812,
        103.09200931212399,
        5.650141395220999,
        4.72880120985792,
        198.77666684254655,
        12.668254177900963,
        29.741415259639325,
        36.20652796383365,
        97.84758988046087,
        22.058361785268062,
        209.85172602479724,
        188.30278344085673,
        1.254048753355164,
        197.26353747662506,
        196.25453896995168,
        197.2685565053107,
