{
    "hyperparameters": {
        "learning_rate": 0.001,
        "discount_factor": 0.99,
        "epsilon": 0.1,
        "gae_lambda": 0.95,
        "value_function_coef": 0.5,
        "num_episodes": 300,
        "num_epochs": 10,
        "batch_size": 64,
        "horizon": 512,
        "entropy_coefficient_init": 0.1,
        "entropy_coefficient_target": 0.01,
        "entropy_coefficient_const": 0.01,
        "entropy_decay_steps": 100000
    },
    "run_configs": {
        "agent": "PPO",
        "environment": "ORIGINAL",
        "entropy_setting": "FIXED",
        "plotting_setting": "REWARDS_AND_TRACK_DISTANCE",
        "zero_brake": false,
        "automatic_restart": false,
        "use_existing_model": "",
        "save_as_onnx_model": false,
        "seed": 123
    },
    "episodes_reward_data": [
        -2.3900558433670085,
        -8.1124853825022,
        -0.023348643066128716,
        -6.339308771130163,
        0.8015794833190739,
        -3.343064946391678,
        -0.774419532288448,
        -0.2335882847837638,
        -7.895231346716173,
        0.9935090205981396,
        -0.4929054445819929,
        -2.892793749575503,
        -2.572596181940753,
        -5.414967410033569,
        -1.7573222135251854,
        -1.8870861986360978,
        -13.07214926549932,
        -0.7775420114339795,
        -0.6172246192290913,
        1.2688064168323763,
        1.9035964884678833,
        -1.1871783902315656,
        0.4581355734553654,
        -6.764189504261594,
        1.8087098805553978,
        1.0491001659538597,
        -1.539545355597511,
        -2.0609203157073352,
        1.7254006951407064,
        9.536971229303163,
        -1.2597285371739417,
        -3.15741783453268,
        4.173403764987597,
        5.838687291688984,
        2.3978179669793462,
        2.6908177829463966,
        3.7232606774487067,
        3.528469021199271,
        8.948242291109636,
        10.967381074326113,
        20.04955401009647,
        7.358940360572888,
        -0.8142646735359449,
        17.54390555759892,
        1.5938124537933618,
        3.7130048621620517,
        3.2580337387043983,
        17.36275890885736,
        -1.1740096127032302,
        12.65919117629528,
        7.0729877754929475,
        29.550611182610737,
        5.105826817336492,
        -4.127898467195337,
        -0.940109737959574,
        16.448078940971754,
        -1.8853058352760854,
        3.6372458821861073,
        -0.7599126028435421,
        24.26286973792594,
        16.952174250764074,
        5.628441349399509,
        5.631499669194454,
        4.040438738411467,
        16.29448186137597,
        22.401432367012603,
        36.331024763319874,
        12.014064326591324,
        48.79968910792377,
        30.837990454834653,
        1.6434344467124902,
        68.71021227174788,
        170.1382210846932,
        9.55611950054299,
        96.35552322470176,
        6.669998677854892,
        0.511960204486968,
        34.326515242573805,
        168.67222318146378,
        190.63357859809184,
        136.05678054853342,
        36.70883450817928,
        188.17599264296587,
        23.91690359680797,
        85.00742346339393,
        137.55459126087953,
        91.52111141465139,
        33.36241554652224,
        5.127496913148207,
        25.08972473157337,
        72.69912172540353,
        23.23641099780798,
        67.47454841986473,
        7.076972624869086,
        18.809244522009976,
        28.166275465046056,
        2.11471710310434,
        9.49648735372466,
        16.03994131926447,
        18.649217316298746,
        82.17401288158726,
        97.78257338769617,
        11.745821376913227,
        6.419861232556286,
        132.09679756397964,
        70.5807581437839,
        53.12900640128646,
        45.673159891273826,
        209.97704473920749,
        28.00852567644324,
        16.399346646270715,
        152.17208551120711,
        154.03451265365584,
        73.40370817290386,
        153.1614144470659,
        7.120104214583989,
        62.52106811851263,
        160.6268218482146,
        228.9560182684363,
        2.9670855388685595,
        73.62173797682044,
        78.87144463713048,
        111.71692401194014,
        239.98048339041998,
        200.56592048688617,
        73.08959177375073,
        148.8810435221385,
        141.8702213545621,
        7.139992066571722,
        31.850801971304463,
        235.14609457807092,
        14.92525690770708,
        231.32614231661137,
        234.9047676490154,
        236.19692045194097,
        117.65026967428275,
        242.0919854223248,
        59.60765792054008,
        23.84032596088946,
        146.57026063249214,
        165.8856367052067,
        145.81753976474283,
        9.442673261481104,
        228.19870313696447,
        102.77764703036519,
        54.39924701194104,
        19.30454603430553,
        205.55760801228462,
        53.642177281566546,
        -0.41887157296878286,
        43.64506422248087,
        56.15713969783974,
        44.373959205986466,
        210.08907487153192,
        101.82482009538217,
        23.145977325824788,
        98.16135865005344,
        15.623026254674187,
        208.68789126136107,
        115.58815904901712,
        57.29943145645666,
        202.0460810540826,
        35.1480489414389,
        61.32574383499741,
        114.6082901533373,
        10.575197428406682,
        165.39061240357114,
        133.41318665345898,
        224.89076764973288,
        86.32344034680864,
        223.93509368946252,
        122.43052210609312,
        93.3361439329019,
        221.88778260172694,
        233.35166858241428,
        171.25845518197457,
        236.57402517195442,
        161.4522967916564,
        234.94859263255785,
        90.18072180327727,
        98.42731643230945,
        30.02077555883443,
        10.985795725267963,
        231.787500339502,
        233.25276302281418,
        6.996472521510441,
        231.43999528913992,
        236.00132182292873,
        85.96210350008914,
        43.01297986374993,
        81.28546266094781,
        91.27285820804536,
        167.99194472982344,
        238.18178277337574,
        237.50758329859673,
        13.932484546443447,
        15.002157270326279,
        33.15332411247073,
        24.47239018313121,
        231.12320003219065,
        235.852328153298,
        140.15881244590855,
        197.90468904399313,
        233.13317332643783,
        193.65191471329308,
        181.1150873710285,
        238.5961260588083,
        239.3036052538664,
        91.44913361503859,
        42.79505297917058,
        227.8716845283052,
        221.5764297755668,
        227.01839688059408,
        59.19563321355963,
        174.85388178535504,
        215.88888703605335,
        188.56566087144893,
        35.2503664426622,
        80.3941408945102,
        220.18596958112903,
        219.82294809055747,
        219.2583259869425,
        220.81626152916579,
        19.33779698482249,
        224.13277889208985,
        12.197513815655839,
        213.72472142423794,
        205.8272569469118,
        35.45473006257089,
        224.62896548147546,
        217.2153168858713,
        127.78606583119836,
        114.01200442868867,
        216.71463511150796,
        200.16154786212428,
        221.87861742188397,
        223.1227563933935,
        212.43300656457723,
        220.0762376380444,
        155.74416798367747,
        168.05880949710263,
        212.5087634920783,
        202.57086045724282,
        165.19650741334772,
        204.9348305677995,
        201.33787257809308,
        35.855777312594,
        127.05360344200744,
        148.4175841846809,
        210.98642545401526,
        54.98998652538285,
        205.60156204218947,
        202.8257513177232,
        3.389154140924802,
        163.57053022601758,
        31.931811613365426,
        61.414208446396515,
        180.84423355112085,
        200.93715688440716,
        177.28816202899907,
