{
    "hyperparameters": {
        "learning_rate": 0.0003,
        "discount_factor": 0.99,
        "epsilon": 0.1,
        "gae_lambda": 0.95,
        "value_function_coef": 0.5,
        "num_episodes": 300,
        "num_epochs": 10,
        "batch_size": 64,
        "horizon": 512,
        "entropy_coefficient_init": 0.1,
        "entropy_coefficient_target": 0.01,
        "entropy_coefficient_const": 0.01,
        "entropy_decay_steps": 100000
    },
    "run_configs": {
        "agent": "PPOBETA",
        "environment": "ADVANCED",
        "entropy_setting": "FIXED",
        "plotting_setting": "REWARDS_AND_TRACK_DISTANCE",
        "zero_brake": false,
        "automatic_restart": false,
        "use_existing_model": "20230710_185155.602_model",
        "save_as_onnx_model": false,
        "seed": 4
    },
    "episodes_reward_data": [
        36.75087374649593,
        26.32044048019452,
        71.64295908348868,
        7.7332052953206585,
        2.9005982795497403,
        36.53192831706838,
        12.11488785315305,
        17.53146406050655,
        8.20762979835854,
        4.690574106381973,
        80.77118224710284,
        77.22318913956406,
        5.305543209571624,
        43.47288643065258,
        -0.11585723049938679,
        -0.018420884385704994,
        70.06644273876736,
        14.839130469044903,
        4.297347972751595,
        63.34014507572283,
        40.30650532897562,
        13.459559897892177,
        15.325928326215944,
        55.31095879522036,
        126.11950933584012,
        0.36515319906175137,
        194.11213802400744,
        192.89163730485598,
        185.54358506345307,
        38.47770980288624,
        178.9699520233262,
        160.04246265330585,
        206.87639288100763,
        211.8269240426016,
        215.34968067042064,
        206.98110154434107,
        -4.373755162581801,
        55.60096831689589,
        206.69174532481702,
        222.9682298830012,
        198.76620845863363,
        160.691231735982,
        71.15396845628857,
        35.50109607676859,
        213.05920868105022,
        33.643435657490045,
        0.011838935315608978,
        220.58304559104727,
        197.52651234931545,
        72.7230652988801,
        213.0556989269753,
        25.20040658049402,
        17.017089019253035,
        112.91437165842217,
        133.1657636113814,
        153.5133690033108,
        219.5974653934827,
        203.9527873749321,
        173.06433483606088,
        -0.1895133089274168,
        76.49558430165052,
        128.42844290100038,
        69.47266272170236,
        207.97236587735824,
        47.1942900394788,
        95.94570987249608,
        199.4574778082897,
        24.485820694098948,
        89.95436042221263,
        198.5972512224689,
        37.61950128298486,
        0.004029342904686928,
        -0.2723678834736347,
        202.90365396536072,
        197.47726047805918,
        61.79753928440914,
        210.07694871351123,
        54.43329966982128,
        181.35467744857306,
        213.0414193602046,
        14.888325584353879,
        15.886837569996715,
        192.45528714582906,
        214.13536291499622,
        178.62283072900027,
        213.29541105798853,
        202.29845174148795,
        200.71004128234927,
        38.80729670880828,
        213.41086237403215,
        95.89285702758934,
        149.66655614040792,
        189.40109943621792,
        207.4987075556419,
        123.38932944065891,
        214.9825181242486,
        206.6916247959307,
        195.89750272202946,
        203.86028750310652,
        202.48734139837325,
        62.188397473466466,
        207.56293492026452,
        220.91288992654881,
        205.15316490700934,
        71.64049875666387,
        229.91679144412046,
        69.88006727397442,
        73.94069303035212,
        31.516638848930597,
        42.15977444377495,
        203.3650746346393,
        207.70062990035512,
        6.896546972217038,
        11.126210659218486,
        108.71415265396354,
        216.6160835448536,
        28.554170324874576,
        215.88738663958793,
        222.12432096505654,
        204.87938699964434,
        72.6467252895236,
        141.55609803910193,
        201.03744049667148,
        7.146616570549668,
        203.78381328810065,
        205.74230626678036,
        205.81310137952096,
        7.641944433213212,
        -0.8382821958512068,
        220.22534480516333,
        211.29311428914662,
        217.69805044450914,
        84.7549091600813,
        207.38847178826109,
        153.06354636323522,
        212.33448338299058,
        93.89563015266322,
        220.65122945824987,
        200.18751876521856,
        76.19361715222476,
        141.13040468131658,
        206.30290324729867,
        0.1156892254948616,
        0.5386585975065827,
        27.84679062385112,
        108.37802283154451,
        207.69359820176032,
        203.93200646378682,
        90.49652929182048,
        219.7955468770524,
        29.88997963356087,
        0.11298107728362083,
        9.18641021847725,
        202.53292606165633,
        208.56856589582458,
        28.372284452139866,
        217.00132842586027,
        209.97814509483578,
        208.69065698933264,
        206.52635656841449,
        211.40813733710092,
        22.29110355488956,
        204.435697382316,
        201.4365273070871,
        203.64840428804746,
        211.82750889557065,
        201.8957703105989,
        199.74330212752102,
        205.01512229751097,
        207.32492104079574,
        114.3931022179313,
        31.749531710520387,
        206.44454666296951,
        200.73221533565084,
        32.77879479358671,
        202.5365953092114,
        194.73973616684088,
        106.4643589448824,
        124.02041506467503,
        58.18281288014259,
        217.50290069836774,
        134.60745668661548,
        202.80907407804625,
        200.29192904545926,
        199.0776567189023,
        203.92096902264166,
        179.4564920678822,
        195.2435581314785,
        206.25853862623626,
        194.041985203512,
        128.93272034591064,
        81.9292620474007,
        194.7099600499496,
        45.829807363974396,
        200.0233935897122,
        131.9690177984303,
        191.27027369011194,
        197.2151240187668,
        82.02566667579231,
        194.28974183753598,
        195.81690494265058,
        147.12036144640297,
        189.98348397007067,
        16.78472540905932,
        192.1168899610784,
        198.68224664911395,
        20.39119602041319,
        197.05858826817712,
        195.9721624952217,
        16.867632848676294,
        91.37841669289628,
        -0.07552027702331543,
        200.0516017152404,
        45.46252146799816,
        14.73492652393179,
        202.07775743410457,
        87.39707496168558,
        73.24635840850533,
        13.432500889524817,
        5.638187255710363,
        191.68954241275787,
        104.44269965821877,
        189.73609531953116,
        158.98542754224036,
        202.42669993871823,
        -0.00885767675936222,
        197.51268399573746,
        0.18077977746725082,
        196.15177602836047,
        46.62800989765674,
        161.40735880214197,
        0.06430497020483017,
        58.16728822066216,
        61.062883452206734,
        199.11844685248798,
        0.09823281038552523,
        197.06814310628397,
        195.87845409841975,
        203.3038136093237,
        63.18696403631475,
        0.11715148761868477,
        74.87336895882618,
        149.53792574552062,
        206.88175123388646,
        150.75573388359044,
        24.98760927375406,
        20.854121611453593,
        202.91973366917227,
        129.5615742095979,
        207.67002700659214,
        196.47326916005113,
        199.02576788328588,
        210.80295422652853,
        -0.2339640874415636,
        215.60450243821833,
        208.45980145511567,
        14.835206906194799,
        143.23989267947036,
