{
    "hyperparameters": {
        "learning_rate": 0.001,
        "discount_factor": 0.99,
        "epsilon": 0.1,
        "gae_lambda": 0.95,
        "value_function_coef": 0.5,
        "num_episodes": 300,
        "num_epochs": 10,
        "batch_size": 64,
        "horizon": 512,
        "entropy_coefficient_init": 0.1,
        "entropy_coefficient_target": 0.01,
        "entropy_coefficient_const": 0.01,
        "entropy_decay_steps": 100000
    },
    "run_configs": {
        "agent": "PPO",
        "environment": "ORIGINAL",
        "entropy_setting": "SCHEDULED",
        "plotting_setting": "REWARDS_AND_TRACK_DISTANCE",
        "zero_brake": false,
        "automatic_restart": false,
        "use_existing_model": "",
        "save_as_onnx_model": false,
        "seed": 1
    },
    "episodes_reward_data": [
        0.049664810416288674,
        3.339473531144904,
        2.1315119315404445,
        -4.921967033347755,
        2.737081936385948,
        1.6955338835832663,
        -2.7319903055904433,
        -0.5634034957110998,
        0.05721353425178677,
        0.5025679789250717,
        -0.9979331512586214,
        -0.21059535510721616,
        -0.7106632644427009,
        0.6568369263550267,
        0.8383503484947141,
        0.11127106286585331,
        -4.015399216164951,
        1.1949894850549754,
        3.5073651441780385,
        0.3417975770425983,
        0.5224329365591984,
        0.8879512108396739,
        -0.5334743915009312,
        -1.1953284960982273,
        2.2021681976038963,
        2.2770658253430156,
        0.7935093990236055,
        0.7962489686906338,
        0.2265479070483707,
        3.9411734823370352,
        -0.28424784407252446,
        2.4104844731773483,
        -1.7920438768633176,
        3.308742444467498,
        4.466706235791207,
        1.5235434132118826,
        2.515179432113655,
        0.9279379099752987,
        -1.5821886147314217,
        1.3030517903462169,
        10.287269697364536,
        7.143212469512946,
        4.311960421342519,
        -1.437152456244803,
        5.725882906088373,
        -1.5627374087198405,
        1.1164483623288106,
        1.936443595084711,
        1.08636565694178,
        1.0110939010046422,
        10.308591185574187,
        2.613442966103321,
        10.34101647126954,
        15.140926341031445,
        -1.1457207943603862,
        8.468864973867312,
        0.24814710987266153,
        3.084446872555418,
        10.943155326196575,
        1.8276462633511983,
        22.412529903522227,
        0.16515075319330208,
        4.592594621819444,
        5.707106278568972,
        2.7851815323811024,
        -0.555797366418119,
        1.505734913283959,
        2.0823914652282838,
        3.149026830535149,
        0.7763854131917469,
        14.915497273846995,
        -0.28864971568691544,
        11.07045223104069,
        7.52858552854741,
        7.308532234310405,
        12.385807761689648,
        0.6697965737548657,
        1.8777361324755475,
        1.1011894847615622,
        1.265536944323685,
        6.058230479546182,
        5.7277794220572105,
        21.37542444805149,
        9.044507476035506,
        2.0679380109068006,
        45.11481539863598,
        14.372809092717944,
        10.984987182280747,
        8.53593698709301,
        19.63695478694717,
        10.70544870593585,
        5.465899479502696,
        116.81852878115023,
        6.115291440510191,
        19.4816608519468,
        53.960744982236065,
        46.622551117208786,
        28.284738608635962,
        2.388063998630969,
        107.21830203245918,
        70.75842112468672,
        30.59953926486196,
        27.989952210293268,
        16.021540390735026,
        101.92711978114676,
        34.79512072951184,
        31.48814216372557,
        44.79742976962007,
        18.96831116161775,
        48.964907075991505,
        51.479893851224915,
        18.10938074963633,
        73.778015399992,
        90.06708329851972,
        22.88343974779127,
        39.36508404894266,
        94.09482155484147,
        24.485262731846888,
        143.80528718492133,
        79.796629362565,
        68.86644932138734,
        38.076609844123595,
        31.855663517548237,
        2.251482783583924,
        8.722802558506373,
        31.102715764543973,
        34.07608266922762,
        79.83956497750478,
        149.53039633434673,
        39.22108446137281,
        147.55669658462284,
        141.65044109662995,
        10.218454016634496,
        152.82771777542075,
        157.97436427292996,
        169.0365170292207,
        93.89604258356849,
        62.98004316104925,
        143.65890436209156,
        35.878922587420675,
        140.06866317248205,
        54.95899809588445,
        -0.7799074678041507,
        130.36820574573358,
        101.77078451258421,
        151.43160634140077,
        135.81540226671495,
        116.47630523389671,
        2.110018124774797,
        4.010581471200567,
        14.5522773367411,
        10.82129591354169,
        38.15557086374611,
        25.107592180138454,
        150.49890880595194,
        1.1744611713220365,
        70.7110257880122,
        16.63397349783918,
        9.047458532848395,
        143.55840483435895,
        98.01842142136593,
        156.2740539930237,
        121.02392497021356,
        57.83916175237391,
        26.98186043507303,
        28.777788948093075,
        42.54356701116194,
        132.28216910752235,
        103.1711063310504,
        22.247520821751095,
        37.98923813481815,
        14.266553299094085,
        24.508775356734986,
        47.28332530956686,
        4.710135172936134,
        142.958891460803,
        19.990595342336746,
        6.408299636212178,
        70.77219410645193,
        39.681515698553994,
        35.64073002185614,
        20.086372765770648,
        95.19362604103662,
        1.4008436820004135,
        158.32071916593122,
        13.251531265763333,
        44.82930987686268,
        150.93014902604045,
        90.18740709507256,
        66.290901360524,
        144.85606993272086,
        126.57754450877837,
        15.599605054070707,
        62.71650221795426,
        83.34314825761248,
        117.74949829229445,
        44.04535477247555,
        92.02453117107507,
        158.17364236482535,
        52.85408335275133,
        136.96908732494921,
        149.89954328886233,
        9.43410532962298,
        12.777065859379945,
        146.88024346600287,
        47.23747341625858,
        30.764087108662352,
        3.3917998153046938,
        34.986565964645706,
        134.47479196822678,
        35.29276186549396,
        0.9769660147285322,
        145.25092965306249,
        143.76090015043155,
        142.93133043698617,
        165.3357943873416,
        163.68840799844475,
        81.86783407011535,
        136.81685185729293,
        129.3523230634164,
        160.47049087868072,
        44.91175487387227,
        3.400214617344318,
        128.9113015156181,
        168.41342834732495,
        76.45837344639585,
        142.28022863852675,
        156.4260245134501,
        132.7209269568266,
        144.11687041356345,
        157.25577520555817,
        173.42968159500015,
        94.33916979812784,
        27.73746987688355,
        145.36065921818954,
        151.3137468349887,
        132.7960916501179,
        141.01124623962096,
        28.928184930598945,
        175.49035608217673,
        171.10714224074036,
        162.19347262542578,
        133.91019082561252,
        60.288594054669375,
        14.620143994456157,
        32.473115225788206,
        150.2588766401459,
        6.154420176433632,
        0.3912897728732787,
        18.283526056591654,
        119.55844010229339,
        48.136267220193986,
        0.4652245801553363,
        28.65808405695134,
        4.147672846389469,
        16.60517014056677,
        19.45872538688127,
        96.80595385875495,
        30.597352473501815,
