{
    "hyperparameters": {
        "learning_rate": 0.0003,
        "discount_factor": 0.99,
        "epsilon": 0.1,
        "gae_lambda": 0.95,
        "value_function_coef": 0.5,
        "num_episodes": 300,
        "num_epochs": 10,
        "batch_size": 64,
        "horizon": 512,
        "entropy_coefficient_init": 0.1,
        "entropy_coefficient_target": 0.01,
        "entropy_coefficient_const": 0.01,
        "entropy_decay_steps": 100000
    },
    "run_configs": {
        "agent": "PPOBETA",
        "environment": "ORIGINAL",
        "entropy_setting": "FIXED",
        "plotting_setting": "REWARDS_AND_TRACK_DISTANCE",
        "zero_brake": false,
        "automatic_restart": false,
        "use_existing_model": "",
        "save_as_onnx_model": false
    },
    "episodes_reward_data": [
        1.8167357551283203,
        1.2832898775232024,
        15.523104605235858,
        2.3649365142919123,
        2.17500165454112,
        -0.9399921461008489,
        8.702824482053984,
        -0.6885642069682945,
        2.2915299481828697,
        5.455388432834297,
        9.707011253369274,
        0.1954722857917659,
        2.2673351010889746,
        -0.5501357378961984,
        3.139824384707026,
        17.39094577994547,
        11.558999166532885,
        0.49059157476585824,
        1.4523964846302988,
        2.2616973669355502,
        1.6725729683821555,
        -0.4581718439803808,
        24.93081683543278,
        10.128501648970996,
        0.7667283163027605,
        5.958063732250594,
        4.1534266229427885,
        40.50965441815788,
        37.27644967843662,
        0.9241575143241789,
        3.063705796492286,
        23.773558531000162,
        7.60547295663855,
        8.397414926846977,
        81.96365667844657,
        23.435712555015925,
        22.229760389018338,
        29.32667143974686,
        -0.4203304041584488,
        3.164217536803335,
        5.236218432037276,
        7.962991250824416,
        139.45432776742382,
        55.34707518381765,
        27.114045871727285,
        25.68577785161324,
        70.1154344051829,
        56.36172232047102,
        169.02953429297486,
        85.37712587212445,
        14.924008438756573,
        48.97990152933926,
        215.90054565662285,
        43.96321237180382,
        114.56763914859039,
        72.91120305215009,
        66.71291196788661,
        7.6450456679740455,
        46.89453006433905,
        66.96316922653932,
        26.207242063035665,
        28.003398483764613,
        93.78528146835743,
        62.37448142544599,
        231.93929652584484,
        58.305103402235545,
        225.3991448781744,
        116.54749968164833,
        15.500064979394665,
        218.3682935233519,
        142.6476928927077,
        201.70432527150842,
        225.7430146336119,
        20.256048208102584,
        228.89211107089068,
        13.963515879469924,
        225.51241779713018,
        217.2095002036658,
        233.3281647087424,
        83.07749683980364,
        236.13998749750317,
        242.59085018071346,
        112.6719607549312,
        29.130937941081356,
        237.16760703758337,
        175.21541777887614,
        111.07686090740026,
        241.26189961336786,
        78.0803047210793,
        181.2250620952109,
        173.0391241426987,
        77.5661393681803,
        225.2363513581513,
        180.25164261393365,
        221.72272545463056,
        201.35225475174957,
        240.41852162482974,
        41.77842308807885,
        237.2657626766595,
        62.624624386342475,
        237.73972673650132,
        12.811060148495017,
        129.88337061210768,
        18.04750681016594,
        238.00634189351695,
        153.3475157389912,
        243.2169239478535,
        33.66576100132079,
        250.02364407549612,
        27.779410821502097,
        60.15201331660501,
        25.160541178454878,
        32.298152937029954,
        69.69299288961338,
        179.97666185794515,
        84.69277884767507,
        242.8556332889857,
        15.501997230108827,
        203.58686115748424,
        66.82605849290849,
        64.71075346255384,
        35.07531459775055,
        17.540884403220844,
        231.29193893328193,
        198.00046800228301,
        168.9704304785555,
        179.6249488129979,
        241.27884416534653,
        245.6726244422607,
        99.4230993444944,
        241.47822207800345,
        209.6870361269248,
        8.71729581465479,
        209.53915096403944,
        139.3769533997256,
        64.74803062147112,
        85.92385520852986,
        232.8171940256143,
        100.37784448330058,
        236.03284276742488,
        237.16267101487028,
        78.4377077074605,
        227.2280680533877,
        235.79829778990825,
        185.25983337895013,
        240.26034208229976,
        62.572177952795755,
        238.76254530550796,
        238.45200539781945,
        241.77008063532412,
        239.00073412213533,
        247.01668691862142,
        247.52053643370164,
        236.2499822099926,
        241.93589004823298,
        242.04468718529097,
        240.54585770939593,
        241.4662787464622,
        151.8213893773791,
        233.1148539329006,
        236.25753370327584,
        241.71744952486188,
        237.02142470824765,
        243.35183216466976,
        76.14614600688219,
        239.22719678108115,
        230.54584503363003,
        238.8285827692016,
        237.76366080524167,
        241.358006240931,
        246.67066600482212,
        82.10550883962424,
        130.49527272357955,
        243.64483453851426,
        38.21282064818661,
        238.28838372899918,
        245.57511474157218,
        246.8034217764507,
        236.94707087118877,
        40.88101015862776,
        55.32206625185063,
        20.684463660159963,
        232.60590931691695,
        243.20608465152327,
        242.70230261376128,
        236.7467214600474,
        246.41769967516302,
        244.49954331826302,
        149.03069174810662,
        243.5283914882093,
        244.06810409238096,
        244.9207217554067,
        246.41491096888785,
        12.421385972542339,
        238.13519300153712,
        19.631203771714354,
        235.8817381336121,
        238.25087507691933,
        246.05053871375276,
        243.1596444612951,
        124.37045839405619,
        29.48755997599801,
        136.92396956076846,
        161.11545627334272,
        190.8098722668219,
        244.192343037721,
        241.01471628755098,
        17.092302865785314,
        176.1511369749569,
        247.93765485643962,
        117.09634307617671,
        248.68776079942472,
        111.87815967147617,
        252.23222808359424,
        71.05329782038461,
        255.17180799448397,
        192.03831314432318,
        12.217598085895588,
        252.8492286924884,
        137.28485186690523,
        149.38127860728855,
        39.69682859213208,
        249.86004682083149,
        251.06364432521514,
        105.1789965070202,
        243.53715376200853,
        242.28403313440504,
        238.86759814624384,
        244.66167380366824,
        248.77687916006835,
        246.32813347014599,
        254.39070605419693,
        251.37137553704088,
        245.6911321596126,
        253.76794748497196,
        252.6318234319333,
        244.33883859129855,
        204.15634445782052,
        247.6105748921691,
        246.45552876063448,
        245.53115937163238,
        246.76825432220357,
        251.32757761943503,
        20.340829293534625,
        248.71430970864458,
        242.9800832340261,
        88.15337185419048,
        243.65322520027985,
        243.4638883812877,
        85.35737514588982,
        253.001592593675,
        250.31243510192144,
        203.84907110859058,
        252.63489883957664,
        250.63286342733772,
        254.62910768089932,
        254.72459740572958,
        93.52156749682035,
        28.937471403449308,
        73.89063012209954,
