{
    "hyperparameters": {
        "learning_rate": 0.001,
        "discount_factor": 0.99,
        "epsilon": 0.1,
        "gae_lambda": 0.95,
        "value_function_coef": 0.5,
        "num_episodes": 300,
        "num_epochs": 10,
        "batch_size": 64,
        "horizon": 512,
        "entropy_coefficient_init": 0.1,
        "entropy_coefficient_target": 0.01,
        "entropy_coefficient_const": 0.01,
        "entropy_decay_steps": 100000
    },
    "run_configs": {
        "agent": "PPOBETA",
        "environment": "ORIGINAL",
        "entropy_setting": "FIXED",
        "plotting_setting": "REWARDS_AND_TRACK_DISTANCE",
        "zero_brake": false,
        "automatic_restart": false,
        "use_existing_model": "",
        "save_as_onnx_model": false,
        "seed": 1
    },
    "episodes_reward_data": [
        0.9228037894936278,
        0.9961447685782332,
        -0.8593037194223143,
        1.7784754760796204,
        1.5106730953411898,
        3.4024287080101203,
        0.43116450859815814,
        -0.3824826429481618,
        2.1483418185671326,
        2.1735005787049886,
        2.8230452777206665,
        2.387334819242824,
        2.827206032234244,
        1.7802289055543952,
        7.941040925739799,
        1.1621676399954595,
        2.0931887752813054,
        0.42444019787944853,
        0.9664873473811895,
        0.5692723930696957,
        1.884201520239003,
        2.881790360668674,
        -1.1986984758987091,
        -0.9809567695047008,
        4.6150167266168864,
        6.4800468932662625,
        0.11576996796065941,
        2.9843112997477874,
        5.769011508353287,
        0.11351557122543454,
        5.708067884028424,
        6.279174018694903,
        3.087955824463279,
        3.878709188706125,
        0.306187399168266,
        3.155645997780084,
        16.05083919869503,
        15.670553658113931,
        1.8883344675414264,
        9.92612558969995,
        7.281086720366147,
        1.8678700131422374,
        7.106107294137473,
        -0.8451555965730222,
        10.670948840328492,
        -0.4217235074174823,
        1.464811606972944,
        8.383511459367583,
        3.065929958705965,
        -0.29969554592389613,
        2.049170911021065,
        12.179950467078015,
        7.264258521259762,
        5.728239523159573,
        0.3827935400477145,
        11.626365917458315,
        0.9803061579586938,
        3.9846950015053153,
        15.627695416405913,
        12.362855906641926,
        5.25827522619511,
        23.407513552243472,
        5.447332483716309,
        8.345641288295155,
        7.368398780898133,
        1.135235460853437,
        10.650099413527641,
        7.022807851666585,
        11.252517339977203,
        32.90876377699897,
        7.841172518063104,
        10.062682322924957,
        4.67764338896086,
        25.579537618148606,
        5.400923937966581,
        18.7739199733478,
        6.115665077202721,
        30.92008343222551,
        16.39092849631561,
        -0.3322366114225588,
        -0.8028016120078973,
        7.571783325402066,
        4.2134891889145365,
        27.831558719626628,
        69.8669416402845,
        1.6260164510968025,
        27.576456226874143,
        56.26602691732114,
        9.81693482731498,
        -2.5688035348866833,
        30.55686838895781,
        73.24426969597698,
        5.407743637450039,
        19.58069817649084,
        10.182878938649083,
        144.95316201099195,
        50.18681510241004,
        16.4912902006472,
        123.52735580713488,
        195.7088261563622,
        154.7281371341087,
        213.9904480589612,
        130.63327958644368,
        218.95251794334035,
        227.36908050763304,
        235.04307963808242,
        38.760751040361356,
        84.99721019917342,
        100.63702599304088,
        245.14363428225624,
        43.77576764271362,
        5.754858875647187,
        134.87601781499689,
        77.65722437330987,
        228.49485028130584,
        47.64088208509202,
        3.735913617478218,
        232.76677648312761,
        232.59070932888426,
        23.9618637614185,
        71.33557594634476,
        96.19795654222253,
        18.038157287344802,
        106.77718826313503,
        14.215530591580318,
        107.97373122203862,
        58.59103372346726,
        229.8832184651401,
        144.94856968657405,
        221.58694732846925,
        7.771805880882312,
        75.87992882190156,
        212.65807935413613,
        77.0929789263173,
        215.4377982224687,
        211.16118112501863,
        224.84550996145117,
        224.93162364163436,
        225.6434989283589,
        222.42959271400468,
        196.49352118815295,
        73.08111130830366,
        169.08237264319177,
        224.52616230532294,
        218.16482655363507,
        223.58120069307915,
        231.95919877037522,
        229.3668621435936,
        145.4845523485419,
        50.30741735291667,
        121.46606355342374,
        36.79669104935601,
        36.15861736028455,
        241.47512344527058,
        224.42132453295926,
        134.76257336972049,
        246.05612063981243,
        223.00317878261558,
        12.314144374075113,
        123.19500677502947,
        252.03508422063896,
        65.60151740862057,
        95.90301233275386,
        136.70991682700696,
        70.15248970846005,
        96.82629523215292,
        100.8297059397155,
        249.86833526700502,
        51.089875625722925,
        130.0091804713593,
        154.58446544778417,
        245.4014307550824,
        140.5968988148088,
        70.94107579352567,
        84.45084750559181,
        245.20737834929605,
        27.40896885150869,
        248.456076842951,
        238.6390378739161,
        237.90689117836882,
        177.19193761823408,
        241.76636768303433,
        243.286642421328,
        83.14637619731366,
        33.38259400019888,
        227.06153259397252,
        240.9513164628297,
        244.54054813776747,
        69.46038805571152,
        38.67452534579206,
        244.3209885735996,
        27.521012312645325,
        103.46231863516732,
        247.57904386326845,
        154.41734426142648,
        253.56971842516214,
        106.09057058452163,
        27.185294828610495,
        232.49603621079586,
        238.86278540179774,
        249.85269552050158,
        247.98315931265824,
        237.3744655752671,
        244.9167122458457,
        245.30759246295202,
        249.456590665126,
        252.14665080679697,
        252.2859590711305,
        244.74748238446773,
        123.84524502046406,
        137.9394919583574,
        17.88393032271415,
        105.92742614753661,
        24.61754777110764,
        239.59315907847486,
        238.8396461592638,
        243.59276431426406,
        41.460958017152734,
        246.63174988100945,
        246.5815699552768,
        206.33954939068644,
        247.44870566594182,
        251.14695364161162,
        249.29662550776266,
        250.6404110211588,
        251.30528454869636,
        252.98214729083702,
        253.96453541103983,
        251.33526383602293,
        251.8231721818156,
        252.05843177216593,
        254.98448056337656,
        110.0172637224241,
        254.13024885857885,
        215.4475561446161,
        172.42678037795122,
        85.36062079714611,
        234.01177029323298,
        167.3576574720064,
        210.91432161404373,
        252.28251520750928,
        225.28520589979598,
        38.55139226425672,
        124.55501666451164,
        50.30303355798242,
        253.069599450042,
        254.05168684839737,
        255.38811619210173,
        121.55329388013342,
        102.56818914716132,
        16.3354160739691,
        24.13558642071439,
        90.231870025018,
        105.97005458563217,
        54.129501094837906,
        44.30048877373338,
        139.7122529206681,
        251.58175025554374,
        246.80506038770545,
        247.19734350437648,
