{
    "hyperparameters": {
        "learning_rate": 0.0003,
        "discount_factor": 0.99,
        "epsilon": 0.1,
        "gae_lambda": 0.95,
        "value_function_coef": 0.5,
        "num_episodes": 300,
        "num_epochs": 10,
        "batch_size": 64,
        "horizon": 512,
        "entropy_coefficient_init": 0.1,
        "entropy_coefficient_target": 0.01,
        "entropy_coefficient_const": 0.01,
        "entropy_decay_steps": 100000
    },
    "run_configs": {
        "agent": "PPO",
        "environment": "ORIGINAL",
        "entropy_setting": "FIXED",
        "plotting_setting": "REWARDS_AND_TRACK_DISTANCE",
        "zero_brake": false,
        "automatic_restart": false
    },
    "episodes_reward_data": [
        2.0392044390027877,
        -0.6738745205802843,
        0.5762355816259515,
        0.3481503861112287,
        -0.5003980082692578,
        2.9051469357218593,
        0.8233735128887929,
        0.1269568047428038,
        -0.4561182403413113,
        0.21420866368862335,
        3.333630887034815,
        7.916397847948247,
        -5.229390373919159,
        11.594100715970853,
        11.024584461876657,
        -1.5646153132693144,
        9.899657355679665,
        4.5918045910366345,
        6.010775873684906,
        7.150228911777958,
        22.684505303535843,
        1.509745842005941,
        0.807279146683868,
        4.627747057646047,
        1.2383180931064999,
        48.12409780424059,
        50.41234679578338,
        9.230071231002512,
        9.320376926974859,
        23.965687739255372,
        6.637915115541546,
        75.63974020921887,
        151.82760669005802,
        180.71105968594202,
        22.788195802859263,
        33.73313941023662,
        177.17583042431215,
        71.52307496537105,
        172.24516799871344,
        44.956408775789896,
        29.976127625326626,
        190.52358791870938,
        33.07561622036155,
        95.70058590771805,
        193.2606793945015,
        128.00120235749637,
        58.33891860298172,
        60.94602759035479,
        61.939353492693044,
        95.11507668611739,
        63.069868768710876,
        65.5335390730761,
        89.02031089563388,
        110.39608608130948,
        55.47520780132618,
        39.85294230742147,
        44.85259282175684,
        35.02699584537186,
        182.51126798143378,
        44.649920304640546,
        46.45134539154242,
        171.63539938119357,
        218.17917033249978,
        227.58463437598402,
        102.43001811290742,
        50.950656478409655,
        199.09041747180163,
        235.3931886118953,
        4.788194246357307,
        224.6041163060654,
        2.6302515498828143,
        34.21723942543031,
        59.34179375389067,
        31.718145545077277,
        51.35342099535046,
        226.9071601711912,
        221.31732333777472,
        13.605291217711056,
        221.79082321127498,
        62.22428212367231,
        17.059746303362772,
        42.715529410030285,
        218.5075439590073,
        227.1922391538683,
        183.48895056723268,
        73.3359260027064,
        210.31202226286405,
        27.034146486214013,
        135.12383665616653,
        114.09400852269027,
        234.38643530904665,
        68.76998751184146,
        231.4280851049989,
        3.9979293817741564,
        64.9187252795382,
        23.95540800431627,
        225.8347982018313,
        65.79248990323686,
        227.53070176451,
        231.79779285745462,
        81.15003233816242,
        233.25089399309218,
        21.03671675201622,
        10.128189441973518,
        87.82503074177657,
        240.04221352410968,
        162.88965223325067,
        9.609823642400443,
        22.025696162570966,
        200.56306328477513,
        78.39884995747707,
        12.810133701685118,
        82.08012888996745,
        128.99380263246712,
        237.34365012761555,
        69.78614607802592,
        230.80750835870276,
        121.88443209833349,
        110.2123146194208,
        69.73560159286717,
        226.578407466528,
        41.230834691406926,
        136.03653575426142,
        120.8902849133301,
        230.79123706594692,
        150.79645970181446,
        44.04726799990749,
        63.99617799956468,
        147.36588344967095,
        64.83418086738675,
        109.7894862608373,
        233.8431816341763,
        226.73099768999964,
        206.60297455318505,
        112.96954488937627,
        13.114881998189958,
        145.0026296978176,
        45.24143061041832,
        161.75484671732556,
        236.27336998353712,
        61.067367293231655,
        123.02187377132941,
        188.96371666195046,
        38.21109286558931,
        26.237044434674317,
        163.3521181321048,
        215.38790039958258,
        226.4765742141899,
        132.0457928472315,
        47.05216658191057,
        49.22735886785085,
        15.117909730644897,
        80.35024750430603,
        214.5839978686272,
        163.37346565330517,
        90.37593270879006,
        230.9710108426516,
        85.52050537569448,
        69.56217950573773,
        225.2408769558242,
        227.84199834486935,
        23.83024907577783,
        233.9960197659675,
        137.4164119805937,
        243.19250216102228,
        9.523746598730213,
        143.62683392988401,
        135.96858878270723,
        178.39998901796935,
        123.67701731738634,
        225.91102271799173,
        226.65840085895616,
        228.41012354174745,
        225.12457876923145,
        211.77560634730617,
        7.643876228132285,
        225.27116540048883,
        70.15524878093856,
        2.7933035928290337,
        49.81940726637549,
        218.52039026514103,
        138.82182032958372,
        217.4765016780002,
        51.566350173117826,
        217.79372503585182,
        144.80588073492981,
        222.85969166329596,
        21.585168913879897,
        123.30997275021218,
        84.05201866863354,
        224.0196047815407,
        193.1620063551236,
        169.20230989117408,
        74.5917488457344,
        49.28356914408505,
        39.10335417429451,
        215.31584168343397,
        70.70572209308739,
        219.22848280608014,
        218.2261327250162,
        229.2538051833253,
        149.37635297591623,
        199.64818367021508,
        239.86200741019275,
        67.72365543854539,
        134.83581650667475,
        34.51356410232256,
        230.7352625047497,
        116.71737054672849,
        185.78614170041692,
        120.1240070508793,
        182.97313478961587,
        234.7292785567479,
        243.25848144301563,
        68.4167454111739,
        239.84272425432573,
        238.35086808663618,
        46.33647789158567,
        11.03766888625978,
        63.30272902233992,
        55.900817971734796,
        233.7644030795782,
        21.52366796521528,
        233.2274401030154,
        70.8087497302622,
        240.88511502716574,
        103.89403017074801,
        34.85317072259204,
        207.14648642137763,
        199.1687769619457,
        8.270288202475058,
        8.971606614810298,
        31.567692183642066,
        18.679649993922794,
        162.87292466609506,
        241.7733681112877,
        189.66614094283432,
        127.79984009978944,
        19.94571477480349,
        93.28562617981515,
        19.465658973087557,
        86.14831259484345,
        58.172472814825596,
        65.79439021072176,
        59.436207345177536,
        79.86323497047124,
        115.18387188875931,
        194.47342994919745,
        167.6691066402127,
        217.85142000837368,
        103.64400882320479,
        233.072205820994,
        51.81617236827151,
        23.826370087452233,
        231.27821379393572,
        190.12611972833838,
        112.88662940269569,
        211.78977689509338,
        34.87516707801842,
        13.661128849314991,
        29.485965890198713,
        69.85524905561033,
        149.71249450635514,
        71.15933113388019,
