{
    "hyperparameters": {
        "learning_rate": 0.0003,
        "discount_factor": 0.99,
        "epsilon": 0.1,
        "gae_lambda": 0.95,
        "value_function_coef": 0.5,
        "num_episodes": 300,
        "num_epochs": 10,
        "batch_size": 64,
        "horizon": 512,
        "entropy_coefficient_init": 0.1,
        "entropy_coefficient_target": 0.01,
        "entropy_coefficient_const": 0.01,
        "entropy_decay_steps": 100000
    },
    "run_configs": {
        "agent": "PPOBETA",
        "environment": "RIGHTTURN",
        "entropy_setting": "FIXED",
        "plotting_setting": "REWARDS_AND_TRACK_DISTANCE",
        "zero_brake": false,
        "automatic_restart": false,
        "use_existing_model": "20230709_121341.764_model",
        "save_as_onnx_model": false,
        "seed": 2
    },
    "episodes_reward_data": [
        69.51094992569415,
        61.94749799207784,
        76.52068971644621,
        34.04587903426727,
        17.056428861338645,
        63.391601885843556,
        57.165550798381446,
        70.97653127380181,
        71.11999157218088,
        66.84120232373243,
        71.80622340133414,
        17.164257659227587,
        55.69850613060407,
        54.938023930066265,
        76.5196135872975,
        19.135367886221502,
        63.757035209957394,
        72.59286923590844,
        -3.72010785411112,
        57.996791025972925,
        1.8670462764566764,
        44.72817418852355,
        77.24571768143505,
        29.705990700633265,
        41.08579337179253,
        58.56794416955381,
        19.598604286147747,
        75.69817774242256,
        52.22875885813846,
        56.98577661206946,
        65.09873135547969,
        82.64640286007489,
        61.46465216911747,
        79.39495390866068,
        58.100523723696824,
        77.89330529786821,
        80.85507967009471,
        26.557936171870097,
        69.84099795453949,
        20.49632891669171,
        61.48877685730986,
        11.63724295310385,
        64.9902805708989,
        89.64397233056661,
        58.57067118259147,
        62.03920018847566,
        70.293804880057,
        91.8532515582774,
        60.926505377312424,
        65.41298922245915,
        57.858444627257995,
        77.01400231125444,
        58.733726879174355,
        52.85009777688538,
        55.69251100279507,
        54.338005855097435,
        60.153015589225106,
        65.26962107306463,
        58.64222823045566,
        72.49688580856309,
        59.6160699861357,
        56.15445148124127,
        59.83856066185399,
        59.23431366769364,
        62.78764934570063,
        61.02227445913013,
        40.55631196315517,
        33.54565412880038,
        -0.9803187241777778,
        76.63674079091288,
        14.2202247561072,
        79.2251620807292,
        70.97660473696305,
        50.12925863965938,
        23.720182305085473,
        69.49294240149902,
        -1.664445232527214,
        82.40944036204019,
        5.252127878862666,
        55.518792184389895,
        -3.637896381202154,
        75.97827248921385,
        80.06810269047128,
        -9.649214383214712,
        83.79366538274917,
        79.44741571359918,
        0.9347581762704067,
        -3.7657228857278824,
        66.56066127942177,
        79.21365811437136,
        71.65117073222791,
        1.6746012576040812,
        -8.249502816994209,
        75.74330456175812,
        52.574387599452166,
        62.17327703931369,
        69.56029860048147,
        57.99524575268151,
        46.413969161119894,
        -6.021799166395795,
        67.59389366896357,
        66.67674686775717,
        17.54169849549362,
        1.1002773804939352,
        69.5465154392441,
        68.86630257398792,
        88.62672066122468,
        81.2100370689368,
        34.63961730951269,
        74.49273549328791,
        82.37007091951091,
        16.348100224800874,
        62.09686178382253,
        56.31814905436477,
        65.99277626670664,
        72.7740537376958,
        76.57248000550317,
        62.80864879656292,
        72.12268273689551,
        80.31640593751217,
        -6.547415747365449,
        63.04972967231879,
        81.57689422537806,
        61.64912089341669,
        84.74732867034618,
        71.56146621040534,
        85.75499294167093,
        70.6627077065059,
        82.77099753046059,
        76.36051011318341,
        81.29745880277915,
        68.03373776964145,
        73.89203031081706,
        -0.6076433892012574,
        85.16299990328844,
        73.46693482901901,
        31.4171596277738,
        -2.7718102318176534,
        -7.443316444347147,
        72.27082499552489,
        83.51516515645199,
        84.76126534842479,
        83.5133315590283,
        33.01846422752715,
        61.17633922805544,
        80.3004491331667,
        87.02791562810307,
        73.04031095042592,
        -4.457201725512277,
        85.79974443800165,
        7.907711349063902,
        51.938806483725784,
        57.896277739695506,
        90.91060612571164,
        68.61337146681035,
        47.33010458853096,
        -0.7996532385004684,
        11.256933980577742,
        0.4471146348514594,
        66.64891740889288,
        -3.7242875477240887,
        51.352234363614116,
        61.660900848859455,
        67.59095009113662,
        17.88432671339251,
        92.55832480482059,
        83.88429371855455,
        87.73023725661915,
        91.86889771887218,
        -0.9527164594182977,
        -4.667234097258188,
        -0.8468906964844791,
        -7.3884236419107765,
        -4.959308188059367,
        60.74458648455038,
        0.9767621208811761,
        85.90980864909943,
        95.92796286611701,
        65.05451665469445,
        95.00014181606821,
        -5.469721951289102,
        88.82585053544608,
        91.16237008819007,
        92.68132599815726,
        -6.343855603365228,
        22.591474773769733,
        85.97999569572858,
        67.12397979904199,
        94.27040309117729,
        81.39315020835784,
        90.95759992545936,
        -3.3073438974679448,
        83.28618148753594,
        89.67321077577071,
        74.39069118766929,
        -0.9498206434655003,
        57.88989183137892,
        63.0492984757293,
        86.32041859510355,
        78.37054332275875,
        -3.094689033110626,
        86.05874988976575,
        63.80730509667774,
        89.04752371381619,
        97.02919261498027,
        91.25392201523937,
        92.04182890609081,
        82.64333626496227,
        32.91432289488148,
        72.02007861778839,
        84.73108069435693,
        73.89487914502388,
        0.6779566311161034,
        77.08296799173695,
        88.04585510650213,
        84.1685946911748,
        73.82424263557186,
        90.00134375190828,
        70.22823739619344,
        87.86719846757478,
        53.95119038845587,
        80.75361435688683,
        86.79049371922156,
        -3.7614579577639233,
        48.67207828530809,
        0.43891975087171886,
        2.401862064987654,
        28.446965797396842,
        -2.367689936829265,
        79.77264373266371,
        3.665783739706967,
        67.90153647008992,
        31.978998946375214,
        83.80718498305941,
        -2.2707703883352224,
        -6.239575687679462,
        26.682404525752645,
        80.05517207943194,
        60.48882377881091,
        33.85455139233818,
        63.49362028512405,
        29.47611130507721,
        -2.4152950781863183,
        3.724108991387766,
        19.206618084630463,
        65.35245241929078,
        87.05714542805799,
        -2.088148744107457,
        -3.2861508264322765,
        33.94759255628742,
        18.00814822524262,
        -7.438614117796533,
        1.7318831662269076,
        -1.2969733640784398,
        -3.7145882673212327,
        89.01990153183579,
        29.983711214736104,
        27.70209206387517,
        16.047298791236244,
        37.66063257722999,
        -5.465416593418922,
