{
    "hyperparameters": {
        "learning_rate": 0.001,
        "discount_factor": 0.99,
        "epsilon": 0.1,
        "gae_lambda": 0.95,
        "value_function_coef": 0.5,
        "num_episodes": 300,
        "num_epochs": 10,
        "batch_size": 64,
        "horizon": 512,
        "entropy_coefficient_init": 0.1,
        "entropy_coefficient_target": 0.01,
        "entropy_coefficient_const": 0.01,
        "entropy_decay_steps": 100000
    },
    "run_configs": {
        "agent": "PPO",
        "environment": "ORIGINAL",
        "entropy_setting": "FIXED",
        "plotting_setting": "REWARDS_AND_TRACK_DISTANCE",
        "zero_brake": false,
        "automatic_restart": false,
        "use_existing_model": "",
        "save_as_onnx_model": false,
        "seed": 42
    },
    "episodes_reward_data": [
        -4.884923975623678,
        -3.3725456015672535,
        -1.8542563675146084,
        -7.519382032362046,
        -5.390954386504745,
        -1.4591036331548821,
        -5.3449173168919515,
        -4.0422707488178276,
        0.8231802266673185,
        -1.7203693437040783,
        -1.1139515149407089,
        -4.287926190307189,
        -4.25016633530322,
        -6.380601381097222,
        -1.5038239266868914,
        -0.8093113378854468,
        -2.968380047357641,
        -1.8830671938339947,
        -3.781065226183273,
        -3.1785528858890757,
        -0.31002057710429654,
        -4.460663260368165,
        -0.49768608532031067,
        -2.1619522921464522,
        -0.38077589095337316,
        1.6541353628708748,
        0.46878039484727196,
        0.8999311255611246,
        0.6538419188000262,
        -1.8441993648957578,
        -0.47555110370740294,
        0.37744709940670873,
        0.3454542298713932,
        -1.8077050198189681,
        0.41807034058729187,
        0.34515789643046446,
        -0.44547464681090787,
        -0.10530935443239287,
        -1.3978253935056273,
        -0.19789475639117882,
        0.210698139941087,
        0.5481523631169694,
        -0.8894902151223505,
        -1.515656717136153,
        0.43766898970352486,
        -1.3275999574107118,
        0.8754362144245533,
        -1.1271736058115494,
        -4.593317878548987,
        -7.15378951409366,
        0.09759247564943507,
        0.7090496697928756,
        0.3599961571599124,
        0.7248787685675779,
        -1.3583993604624993,
        0.6871509350603446,
        0.11363165146030951,
        0.7010161654907279,
        0.4818126482714433,
        -0.2931185267516412,
        1.0214125456404872,
        1.3321267297142185,
        -1.5166268130706158,
        3.4984403765702154,
        -2.668684383155778,
        0.5681633761923877,
        0.4709988753311336,
        0.9866657096135896,
        0.935200516396435,
        -1.150560098758433,
        -0.030496825755108148,
        0.5111883830541046,
        1.6096070572530152,
        2.0224861005845014,
        -0.6137368496129056,
        -0.36625766027282225,
        -1.7253010935310158,
        -0.2542888624011539,
        -0.5574787127261516,
        0.06128646613797173,
        0.5443704701319803,
        -0.7453904654248618,
        0.7042360154955531,
        -1.069228195818141,
        0.0014319815090857446,
        1.8775890715478454,
        0.048324788454920053,
        1.5796813408232993,
        0.5633173780079233,
        -2.424017208744772,
        -3.5461518064839765,
        0.7688257266709115,
        -0.16589487172313966,
        -1.200325322090066,
        0.3303076488773513,
        2.2365493515244452,
        0.5000344422551279,
        0.23752656692522578,
        0.6524425089301076,
        -1.3948522874416085,
        1.046458295204502,
        3.3360083885781933,
        0.4633607055438915,
        1.065340820889105,
        0.23958892619702965,
        -0.10778674337780103,
        0.7767725692683598,
        1.4451882728608325,
        1.765591700503137,
        0.016472837145556696,
        -1.7429507111301064,
        -1.1708052909671096,
        1.6699959865945857,
        -0.5925912100356072,
        1.039703207788989,
        1.122745009342907,
        0.0670586017658934,
        0.477566238201689,
        2.700200222679996,
        1.0052327788143884,
        -0.9162975424842443,
        -1.427721539628692,
        1.4085783920891117,
        2.22208788889111,
        0.7292210207669996,
        0.7241141306440113,
        0.4606211146528949,
        0.7284063605256961,
        -1.233247066156764,
        1.2312644851626828,
        2.1668874343231437,
        0.7979265823087189,
        -1.206978610585793,
        0.6521751880791271,
        2.7020907857222483,
        1.6263968500716146,
        0.5076760502415709,
        0.6603269242914394,
        -0.016920998255955055,
        1.4543815566648846,
        1.218285965223913,
        2.5165619698091177,
        1.067373358819168,
        1.3135437817400089,
        0.5785553530731704,
        -0.21057851176010445,
        -0.420595818082802,
        0.6765438948059455,
        0.17809795364155434,
        2.6204607872641645,
        0.6090776922937948,
        0.6548274701926857,
        -1.262240219846717,
        0.24023582600057125,
        0.9567609218647704,
        1.3383877056767233,
        1.0871284612585441,
        0.3208591621587402,
        1.070419049814518,
        -0.8506258037596126,
        1.0451383873587474,
        0.22604118601884693,
        0.8145110694313189,
        0.17117077426519245,
        -0.9054165746783838,
        1.4849675124423811,
        0.44913319527404383,
        1.266861567622982,
        1.6808505110966507,
        1.2856414095149375,
        2.9517169334285427,
        1.4175812688772567,
        -0.3871551386255305,
        1.106401347409701,
        -1.9259689591926872,
        1.3645766446425114,
        -0.8505112063430715,
        3.2531937538005877,
        1.484869330743095,
        0.5640363568090834,
        0.46560896340815816,
        1.1223799276922364,
        -0.8888039419034612,
        0.5549791762750829,
        -5.134401909963344,
        1.2147823242412414,
        -0.837113316207251,
        1.069890382437734,
        -1.4735701553727267,
        1.3583528290582763,
        0.8351673821453005,
        -1.3748429026745725,
        -0.03126276601688005,
        1.342587053484749,
        1.1951254737068666,
        -0.7905999825452454,
        1.0600333809561562,
        -0.13020199195307214,
        1.2609778563200962,
        1.3972339715910493,
        -2.128126660376438,
        -2.515525183538557,
        0.644168310216628,
        -0.7681379098794423,
        -1.4320119545300258,
        1.0312431442143861,
        0.5350806735514197,
        1.3349016562569886,
        -4.047454814994126,
        0.984586574631976,
        0.904940402120701,
        2.4730635341766174,
        0.9626125051581766,
        1.6401969238577294,
        -0.15350152886821888,
        2.163052373798564,
        1.5729120407777373,
        0.0474309347482631,
        2.3060483979643323,
        2.947960748220794,
        -1.2388174556108424,
        -5.321079714827647,
        0.6320569996605627,
        1.6687382807140239,
        -1.212133564724354,
        1.647261067701038,
        1.0691001168452203,
        1.2107242828351445,
        3.0580180461984128,
        -0.5018726384078036,
        -1.8887786116974894,
        -1.7910675222519785,
        1.321217430755496,
        -1.3578157072843169,
        3.520209348978824,
        1.964959014512715,
        1.1840452301257756,
        0.7101141597377136,
        0.5458124768847483,
        2.421528860795661,
        -1.2556333475367865,
        -0.973544600616151,
        0.939152314531384,
        -1.224133072544646,
        1.2779895002167905,
        1.232434169476619,
        0.3262445142609067,
        -1.1689017222888651,
        0.9612724620310473,
        1.4726683783374028,
        -0.6578260580281494,
        1.6589375787407334,
        0.44946205930318683,
