{
    "hyperparameters": {
        "learning_rate": 0.001,
        "discount_factor": 0.99,
        "epsilon": 0.1,
        "gae_lambda": 0.95,
        "value_function_coef": 0.5,
        "num_episodes": 300,
        "num_epochs": 10,
        "batch_size": 64,
        "horizon": 512,
        "entropy_coefficient_init": 0.1,
        "entropy_coefficient_target": 0.01,
        "entropy_coefficient_const": 0.01,
        "entropy_decay_steps": 100000
    },
    "run_configs": {
        "agent": "PPO",
        "environment": "ORIGINAL",
        "entropy_setting": "SCHEDULED",
        "plotting_setting": "REWARDS_AND_TRACK_DISTANCE",
        "zero_brake": false,
        "automatic_restart": false,
        "use_existing_model": "",
        "save_as_onnx_model": false,
        "seed": 1
    },
    "episodes_reward_data": [
        0.0626822953345254,
        0.5172363497840706,
        2.185477350227302,
        -4.93601935623883,
        2.7355330685677473,
        3.127927374414867,
        -3.822281263448531,
        -0.22172646039689425,
        -0.2092813165509142,
        1.0393252974026836,
        4.275009931225213,
        0.8938552559993695,
        -0.18633042369037867,
        -0.4893501076148823,
        0.42137401044601575,
        -5.240999293804634,
        10.547877192206215,
        0.5318113418179564,
        1.253367764307768,
        0.22230083565227687,
        0.5065073813748313,
        1.5027912788209505,
        0.6139208449167199,
        2.6329055124515435,
        0.21491972781950608,
        4.774532058043405,
        -0.9031579055590555,
        1.3770329360850155,
        -2.1850749762670603,
        2.3948965370218502,
        7.74825195086305,
        1.9266046844350058,
        3.874691891571274,
        1.0255948128469754,
        15.9303882039967,
        13.531025204480102,
        1.1553741571842693,
        0.7210204387229169,
        3.112141029036138,
        5.1566656711365795,
        2.718227658820979,
        -0.012728499481454492,
        3.439001719991211,
        6.05456633020367,
        20.893192437652033,
        2.0642901553801494,
        22.577343788259896,
        4.497581948700827,
        23.493045203736983,
        10.895253549242625,
        34.463557679526275,
        8.066902147431392,
        -0.4055296423175605,
        20.012313643092057,
        20.027151904432685,
        2.4765587846632116,
        5.378076139837503,
        13.765358158547315,
        16.51660770032322,
        3.8258641734719276,
        4.83613059844356,
        5.699559772503562,
        24.761032356705982,
        8.212090572167654,
        15.959599703128333,
        4.416896840775735,
        25.327374904358294,
        56.97757322472171,
        12.226964854096877,
        3.3904915783787146,
        12.525402567203855,
        19.637925661925692,
        2.0248184677329846,
        85.21410080324858,
        29.924716637760866,
        1.2910989582305774,
        0.5122921000001952,
        78.38244816544466,
        25.08866322011454,
        -1.005758783678175,
        2.153728727964335,
        10.051004844965064,
        54.74668174449471,
        1.2502081233542413,
        115.4254708054359,
        50.497214221104514,
        28.159978754643817,
        46.53382022716687,
        98.64785731738084,
        153.8280073737842,
        19.46348489576485,
        12.577612211214728,
        68.68983615106845,
        119.16859532192757,
        92.00430980078818,
        7.812170898891054,
        14.890377845906187,
        75.05565778362507,
        7.888427393278107,
        12.130280208832119,
        21.82732245058287,
        13.950985802104697,
        53.12458109839645,
        1.873363290214911,
        3.682019868574571,
        11.995351615885738,
        14.017969369597267,
        5.626686693925876,
        1.7283430418174248,
        -2.8851322312184493,
        27.159857867954997,
        23.9710662678699,
        5.9845125635911245,
        16.8194703561021,
        -0.02349672468699282,
        59.42837344255531,
        0.7299152252380736,
        27.213646159041673,
        64.89393790296162,
        10.662770595459733,
        52.72057912009768,
        25.099593827064382,
        -1.088543307094369,
        9.96947661714512,
        12.277167231426574,
        -0.5927086757437792,
        11.493543416523607,
        8.411255112761864,
        9.496609848283697,
        12.880014330061385,
        59.351982057036366,
        13.244455011736136,
        0.14144564475282095,
        55.42781674306025,
        42.857617963454686,
        1.6263622901969939,
        38.5588696496925,
        54.005809473383124,
        106.89078887566575,
        69.79108407814056,
        17.446527491381858,
        80.10863604268525,
        33.657120126415975,
        6.634929149469826,
        62.190476996067446,
        3.4526926967228064,
        26.264041542832274,
        41.58085366488376,
        150.6028895291165,
        71.57490700783092,
        135.80198699768516,
        35.4192187358567,
        34.9708784527611,
        151.00462227749813,
        67.92646735807648,
        12.53622122813249,
        19.97800723830005,
        2.2107390935416333,
        71.46089579933323,
        120.97559661083505,
        -0.49393551208777353,
        114.45981978550844,
        6.263179935674998,
        25.604774064573576,
        32.99924743208976,
        8.975862937892089,
        38.50148341325985,
        20.205628697687644,
        33.02446325897472,
        154.95070120878518,
        14.19769609576906,
        127.32777066250856,
        88.92240927761304,
        151.68735534868028,
        74.5294911704259,
        152.50072425504914,
        147.55636426989804,
        152.7415516692854,
        149.15926737335394,
        79.53764231927926,
        60.62878022622317,
        15.504374060430564,
        15.363518539743382,
        3.42548210604582,
        142.32387532512075,
        56.537120493507246,
        5.0157985931437,
        21.794426436317735,
        5.984822302183602,
        3.6689337927964516,
        16.348803043838416,
        8.437353183340747,
        11.94147585243627,
        6.17707566532772,
        55.21749319060473,
        -0.7071975369472057,
        2.464710236337851,
        149.97413431410678,
        -1.9697230674210005,
        136.93145868822467,
        141.36318491485144,
        151.78054024810262,
        156.4412706021394,
        143.45888569740055,
        28.390878324222285,
        53.132883890357334,
        25.06476278915943,
        9.53735203697579,
        37.715490057336865,
        140.89571277608047,
        12.099699570797384,
        12.281137472265982,
        64.21722880769084,
        41.62036183755845,
        83.82120803018915,
        16.82977689971449,
        117.24223228913615,
        45.95230387346237,
        92.55973489856115,
        157.3789462576533,
        42.22977993823588,
        5.826113783201436,
        -0.9495345873874612,
        38.96323012391804,
        17.121113689951017,
        137.34586413000943,
        7.165969553752802,
        29.912856401802856,
        23.174629879766144,
        11.461580980132567,
        11.80367514595855,
        6.212474530912004,
        43.8335705158388,
        147.86968040585634,
        146.5963150016396,
        142.68692783178994,
        137.85941314400407,
        27.927876636385918,
        149.39861355908215,
        120.37475823404384,
        46.552920207497664,
        158.60759877756936,
        43.36756256670924,
        74.62305292655947,
        9.73288491301355,
        154.99847291092738,
        150.0099404581706,
        146.12828406336484,
        141.05955700547202,
        15.211639931047102,
        157.16769032008597,
        142.6943521805224,
        55.20864498085575,
        31.032844979912625,
        54.098722515947884,
        0.7500664036997478,
        26.704257861769293,
        2.126640898619371,
        41.307001041423064,
