{
    "hyperparameters": {
        "learning_rate": 0.0003,
        "discount_factor": 0.99,
        "epsilon": 0.1,
        "gae_lambda": 0.95,
        "value_function_coef": 0.5,
        "num_episodes": 300,
        "num_epochs": 10,
        "batch_size": 64,
        "horizon": 512,
        "entropy_coefficient_init": 0.1,
        "entropy_coefficient_target": 0.01,
        "entropy_coefficient_const": 0.01,
        "entropy_decay_steps": 100000
    },
    "run_configs": {
        "agent": "PPO",
        "environment": "ORIGINAL",
        "entropy_setting": "FIXED",
        "plotting_setting": "REWARDS_AND_TRACK_DISTANCE",
        "zero_brake": false,
        "automatic_restart": false,
        "use_existing_model": "",
        "save_as_onnx_model": false
    },
    "episodes_reward_data": [
        -0.3757462344947271,
        0.18768908642232418,
        0.5698463424341753,
        3.114592908445047,
        0.6590212021110347,
        4.399084242308163,
        0.05412445170804858,
        2.7430686060979497,
        -1.6015951173612848,
        1.3583651560766157,
        5.108958336873911,
        1.0125564623158425,
        1.0597781488322653,
        0.7420524186745752,
        0.4054539276403375,
        -1.8589575417572632,
        4.797812003700528,
        5.595340923013282,
        4.018878860690165,
        1.1433580746524967,
        -0.040500192502804566,
        9.215206697452231,
        0.9699907278991304,
        2.2388432777661365,
        0.25251916932029417,
        -0.7499191678944044,
        6.139291265775682,
        16.656155784789007,
        5.734939621645026,
        8.682804067473626,
        2.430407222127542,
        1.9856565141526517,
        3.493321865273174,
        -0.20274605430313386,
        2.004780446368386,
        3.232398326130351,
        12.113633621425834,
        6.592742506938521,
        8.213933657578309,
        4.983417603914859,
        0.7873985276091844,
        5.7267480990849435,
        19.42916364816483,
        3.985840281980927,
        6.3926766497970675,
        17.377101846417645,
        2.5836652645957656,
        7.909713034387096,
        28.87745382769208,
        1.6080262948962627,
        3.5088918063993333,
        7.402245954872342,
        2.7495706903282553,
        -0.4092729253170546,
        14.123784483846975,
        13.66938071779441,
        5.252898339706007,
        25.851652541954536,
        50.10189241840271,
        37.12080652000441,
        3.505441053042887,
        14.134792798351555,
        8.134248821879737,
        37.41778854635777,
        12.648664167965762,
        8.59327236203535,
        77.27613065671176,
        8.306299662959646,
        52.15523936680984,
        10.191527602299175,
        143.46357531813555,
        7.1691755940555595,
        174.98943652906746,
        20.128101323607552,
        49.23730272173998,
        30.29857163739507,
        189.0191030970891,
        45.96185589992092,
        194.53550934497616,
        212.53580287194927,
        84.83048423711443,
        149.14166905281309,
        118.60260536796704,
        204.58418178232387,
        22.771324680710677,
        212.69388734875974,
        42.27884516894119,
        223.5747996379214,
        49.65999505785294,
        18.913185813406017,
        44.77222020611225,
        54.58317854278721,
        216.39514686900657,
        168.86630855889234,
        222.97650781364064,
        227.17661662766477,
        225.10186283726944,
        64.66995138526545,
        43.318971556058386,
        25.76111378351925,
        42.22228996793274,
        19.2749619303504,
        65.82130732826772,
        226.5641814855917,
        146.9148432140355,
        68.4632110549137,
        20.975020542100538,
        43.575322932651034,
        214.84164537064498,
        225.87722016108455,
        40.22569884578843,
        228.1095735183044,
        92.04365791060263,
        223.41631858824985,
        221.04345443708007,
        230.5141727074515,
        85.51002155931201,
        106.91602154301654,
        15.017936722782906,
        11.197437230177457,
        171.72546060592867,
        223.45824199047638,
        225.24098959613184,
        100.49396011336648,
        87.29223163623828,
        127.32527929107891,
        11.507160511915572,
        230.47759124427103,
        64.94698729913216,
        228.8221329728549,
        226.80830275130575,
        224.37939658679534,
        222.47264179465128,
        54.227510457712924,
        192.62491896390566,
        222.57773735630326,
        225.3097529609222,
        98.18657202624308,
        221.44604743717355,
        216.03589990208275,
        110.42876720725326,
        210.31739150249632,
        99.05311749059183,
        211.5073343141121,
        214.54229471099097,
        228.0224165654363,
        225.63427773246076,
        221.86534164310433,
        222.8293836144294,
        228.27208729778067,
        171.47460271435557,
        45.60196666326374,
        138.87538284243783,
        12.53124422498513,
        25.21496963626123,
        229.3518790359376,
        117.69443902163766,
        229.0935942955257,
        221.41071940738766,
        212.13954008280416,
        149.90019486683013,
        212.96331889997236,
        218.5348985628807,
        102.34559612479643,
        230.4230042293202,
        209.39261885231826,
        226.90953627272393,
        224.73289790158742,
        223.18543936876813,
        230.42643263039645,
        20.756381486688042,
        223.02817130170297,
        166.81291324386257,
        99.50164384540403,
        229.59556853788672,
        10.92074722997495,
        225.87453984250897,
        229.685970170176,
        104.69206015270902,
        79.00553874965408,
        227.79537478921702,
        64.26791909165331,
        229.3382025146566,
        227.56533419378684,
        221.2935254930053,
        67.16734328656457,
        66.49137977446662,
        150.7028325397696,
        224.13459801737918,
        75.76747010520194,
        124.35567475266726,
        232.78647424347582,
        221.46707900501497,
        212.4905531742843,
        223.80410313332686,
        228.4348624660779,
        231.43220348125033,
        231.24910833788454,
        229.72928100479476,
        236.66124500716978,
        76.93254562272341,
        167.94258792512846,
        221.02044079673942,
        228.74743304413278,
        168.32087043867796,
        136.95393961359514,
        221.51693124795565,
        22.4120929336641,
        78.85389607088291,
        215.993356094521,
        226.36899549595546,
        235.22844769028598,
        218.1314880769496,
        220.99658993742196,
        44.32394939853111,
        229.85459394421196,
        228.23168910603272,
        137.43742346728686,
        227.53782005485846,
        232.3437705731485,
        239.599993810436,
        231.15684825844073,
        236.0127858830092,
        232.55969939770875,
        164.64319583131874,
        233.93485775450245,
        115.27535057099885,
        231.3785714194819,
        24.121165797463618,
        36.6662559673714,
        22.521067172230687,
        81.30064191535348,
        226.19748422323028,
        180.172241568318,
        223.6396153731912,
        217.79528139697504,
        220.40989559939771,
        208.402039063978,
        175.32293255560216,
        216.37033400034124,
        199.69164950982668,
        3.001344092655927,
        211.19518920689006,
        212.93217461329186,
        204.28151328203967,
        167.23310972977197,
        212.78713552313275,
        84.07736918167211,
        214.91341517865658,
        215.02604640313075,
        93.10029618898989,
        217.75196042831521,
        218.72814365144586,
        91.26329836720834,
        21.903706471523037,
        219.08045368242892,
        223.15139086125419,
        216.94262395997066,
        222.62463944999035,
        219.8283693025296,
