{
    "hyperparameters": {
        "learning_rate": 0.0003,
        "discount_factor": 0.99,
        "epsilon": 0.1,
        "gae_lambda": 0.95,
        "value_function_coef": 0.5,
        "num_episodes": 300,
        "num_epochs": 10,
        "batch_size": 64,
        "horizon": 512,
        "entropy_coefficient_init": 0.1,
        "entropy_coefficient_target": 0.01,
        "entropy_coefficient_const": 0.01,
        "entropy_decay_steps": 100000
    },
    "run_configs": {
        "agent": "PPOBETA",
        "environment": "CURVES",
        "entropy_setting": "FIXED",
        "plotting_setting": "REWARDS_AND_TRACK_DISTANCE",
        "zero_brake": false,
        "automatic_restart": false,
        "use_existing_model": "20230709_223257.422_model",
        "save_as_onnx_model": false,
        "seed": 4
    },
    "episodes_reward_data": [
        27.711658273939975,
        56.53228181286249,
        70.25046912382822,
        -0.39746627549175173,
        0.30185280402656645,
        0.6306946323020384,
        46.287022365257144,
        3.6834938323590904,
        46.141486620967044,
        73.27569693879923,
        74.61777490150416,
        25.74838349269703,
        3.482474776916206,
        6.65588728437433,
        18.794378000020515,
        31.187578726152424,
        -0.6759805791079998,
        51.18802716131904,
        64.83057658845792,
        -0.49556571047287434,
        4.204848507302813,
        34.00388538092375,
        7.84740371486987,
        11.80087973314221,
        3.182971233589342,
        15.868814705230761,
        12.124201244150754,
        22.0041005135281,
        70.11151832231553,
        10.802004526834935,
        0.7194570707797538,
        0.4756580592074897,
        0.5847407460678369,
        4.733277057472151,
        32.694673738616984,
        10.561157022952102,
        5.280021703161765,
        8.081384491029894,
        32.17115467070835,
        46.93001867967541,
        38.165837427426595,
        61.20636635564733,
        50.64964935701573,
        63.297746700263815,
        6.221559718367644,
        24.258031092991587,
        64.13306334801018,
        73.21598154946696,
        15.601086910348386,
        59.56390566175105,
        6.640116700902581,
        33.19083432899788,
        32.76630988440593,
        30.151434430852532,
        1.7520184102468193,
        55.33289860538207,
        66.14405288925627,
        1.0118827657424845,
        32.91572945198277,
        34.41826727849548,
        48.96414119596011,
        73.90209742472507,
        60.36351563729113,
        -0.3660015785135329,
        79.80187874357216,
        59.225288862828165,
        64.28253296582261,
        9.849516857299022,
        74.01738417276647,
        -1.199743722914718,
        75.3119931523106,
        59.15631256229244,
        70.26208258763654,
        72.86155992955901,
        69.39677472616313,
        72.77331994578708,
        73.65862232650397,
        3.9910132359946147,
        73.28395934117725,
        18.887826726131607,
        74.86208265513415,
        55.42751584330108,
        73.41452114359709,
        67.78504003444687,
        56.88925852588727,
        65.94344031636138,
        34.6310506859445,
        73.81280920893187,
        79.39271213149186,
        77.27034213113075,
        -2.439287738467101,
        81.14981324679684,
        1.5631362730637193,
        32.37897271980182,
        67.39099626883399,
        67.06203210738022,
        51.54783440043684,
        1.7195427272235975,
        19.744177766202483,
        55.373601562401745,
        -0.9660772354691289,
        65.61825160557055,
        71.12646511144703,
        25.735340035753325,
        8.798941834131256,
        36.13124011995387,
        67.82860955563956,
        74.68131819061819,
        68.79206322191749,
        49.30699639947852,
        23.332338898675516,
        69.50360147684114,
        2.8536034327407833,
        46.99618054472376,
        1.38413849088829,
        24.9661077541532,
        10.356136365589919,
        70.31753722764552,
        62.68487382988678,
        72.693911227223,
        24.76910176553065,
        22.255190748517634,
        70.49364858539775,
        25.93900001430302,
        63.20738567362423,
        66.97810414293781,
        61.94401779246982,
        30.793194436409976,
        46.418468723713886,
        -1.4007795919605996,
        61.34396299190121,
        66.64101038410445,
        4.928933610848617,
        70.23032074799994,
        4.333568803558592,
        3.531612543622032,
        63.66708677820861,
        48.11995770019712,
        60.34558350927546,
        66.54054583475227,
        28.831806190370116,
        69.9386194908584,
        57.06872594796005,
        1.4819472666131333,
        0.6899962353345472,
        4.3452924737357534,
        22.675894962492748,
        67.41725852125091,
        64.20062358200084,
        61.82084120105719,
        52.329339736606926,
        65.86248283280293,
        69.97638350113994,
        0.3285364787443541,
        5.274268241395475,
        2.2611691035563126,
        -0.8343456646543927,
        29.13961255934555,
        -0.023745205660816282,
        66.68084527153405,
        -1.5899543600389734,
        30.025413868075702,
        1.919775536574889,
        83.137002552161,
        28.677279871946666,
        28.470915770623833,
        4.357504998566583,
        -0.368271774641471,
        75.64157308498397,
        5.108356573793571,
        0.9264056991087273,
        74.53388939145952,
        9.816591312701348,
        53.16704697784735,
        69.34722417063313,
        61.91433771199081,
        61.97473290155176,
        2.039156467479188,
        0.48063604306662455,
        55.36574766575359,
        69.77790738496697,
        -0.15909613901749253,
        61.50875290611293,
        65.53983742228593,
        71.89886755961925,
        56.58767747296952,
        67.630789578252,
        35.268126227441826,
        4.526015040639322,
        48.392956893512746,
        3.724166806670837,
        67.30811960756546,
        58.05274751695106,
        66.40328535006847,
        70.05950435518753,
        71.67629216902424,
        72.1335952646914,
        69.65249380364548,
        74.10619839921128,
        28.656718803744297,
        64.3473572190851,
        70.60743702901527,
        68.27675086390809,
        4.147106921067461,
        44.75963860604679,
        82.99300469463924,
        72.8323759251507,
        65.29024694033433,
        59.41860680078389,
        41.841847749718,
        32.0413079552236,
        67.97833902863204,
        69.19116883241804,
        72.17600637499709,
        2.1779966025496833,
        -2.7303538093110546,
        3.8677466301014647,
        70.62937016424257,
        8.342579602220212,
        66.05073090619408,
        33.56112307525473,
        70.61809503525728,
        67.19580960989697,
        70.87098483252339,
        2.4670130917220376,
        54.399215877987444,
        2.0810861584031954,
        66.3851258046052,
        65.85756701091304,
        65.5884320063924,
        58.241499474970624,
        26.58004395381431,
        3.857083253999008,
        60.60159410335473,
        62.329670590901515,
        30.12824800121598,
        19.673095181118697,
        -2.5745846389909275,
        74.72263713995926,
        67.1092861579964,
        6.070962315105135,
        63.244480511231814,
        13.854705790639855,
        69.72033073671628,
        59.53471304682898,
        63.85745050803234,
        63.45106489607133,
        65.75078888173448,
        35.48732556204777,
        28.692061116104014,
        67.34317287040176,
        65.43634894880233,
        68.3770838737255,
        63.09435519424733,
        29.706359568459447,
        59.150074690929614,
        70.55858395987889,
        66.78373164427467,
        71.31839892690186,
        36.4803714514419,
        33.444093344180146,
