{
    "hyperparameters": {
        "learning_rate": 0.0003,
        "discount_factor": 0.99,
        "epsilon": 0.1,
        "gae_lambda": 0.95,
        "value_function_coef": 0.5,
        "num_episodes": 300,
        "num_epochs": 10,
        "batch_size": 64,
        "horizon": 512,
        "entropy_coefficient_init": 0.1,
        "entropy_coefficient_target": 0.01,
        "entropy_coefficient_const": 0.01,
        "entropy_decay_steps": 100000
    },
    "run_configs": {
        "agent": "PPOBETA",
        "environment": "ORIGINAL",
        "entropy_setting": "FIXED",
        "plotting_setting": "REWARDS_AND_TRACK_DISTANCE",
        "zero_brake": false,
        "automatic_restart": false,
        "use_existing_model": "",
        "save_as_onnx_model": false,
        "seed": 123
    },
    "episodes_reward_data": [
        0.9871040151047055,
        1.032266932685161,
        6.175207038613735,
        3.194860053481534,
        -0.33724032537429594,
        0.6132787798997015,
        -0.9139024671676452,
        0.21560363989556208,
        3.059121308440808,
        -0.658266014943365,
        3.2599792065739166,
        0.4164135543978773,
        -0.6903602081729332,
        -2.023354720993666,
        3.125927767570829,
        5.489454878261313,
        1.921796136739431,
        0.5629109013243578,
        1.0201162239827681,
        2.031494900700636,
        4.271545461931964,
        0.48893045634031296,
        15.599049918848323,
        7.43179437078652,
        -0.3097874838640564,
        0.398196391412057,
        2.016254431044217,
        -1.1043843591178302,
        2.671210730622988,
        1.2908323972369544,
        4.343767553844373,
        2.5770953884348273,
        -0.6376359756395686,
        0.6764566447818652,
        2.18394978735887,
        4.3768753877375275,
        -0.7315763781662099,
        0.5817345844116062,
        5.357101670932025,
        7.62448338555987,
        6.6676368219195865,
        2.4539137098181527,
        5.439632205932867,
        1.972965937369736,
        11.355189321766375,
        -2.0552385641494766,
        4.852166359662078,
        31.43161955839605,
        6.041938979295082,
        1.2733653934992617,
        -1.0305705238424707,
        17.984348379148287,
        12.69789568259148,
        5.564185190087301,
        41.523294293670915,
        1.188138344179606,
        18.68974548035476,
        15.825832173242816,
        1.731095470560831,
        58.55451400607126,
        155.92101264279336,
        0.9939781159628183,
        77.745256172886,
        22.340114145888947,
        145.90617216395913,
        103.0398673249656,
        101.33821536897449,
        92.70698607408849,
        119.71534819848603,
        199.98164888047904,
        130.99815918541572,
        17.45903434374486,
        228.6412198888429,
        227.20809077084414,
        188.2122464668937,
        233.21940753422678,
        45.70144393200462,
        126.52684266702272,
        202.2796812956949,
        222.52225207285665,
        118.98689243610715,
        227.7314855022123,
        235.29085838590981,
        66.34341621468775,
        237.88164986201446,
        60.14967244208674,
        182.13279762437742,
        179.6200240525941,
        87.08592623175355,
        16.41355000299518,
        135.5216426924162,
        232.77676539587264,
        37.798554784661974,
        33.03231926623266,
        235.11090677545872,
        237.40557980514131,
        175.2114763208665,
        148.56045115520828,
        78.4790479009971,
        237.1181083843694,
        228.53789191972464,
        73.35328247101279,
        235.98822307943192,
        100.48362306100898,
        115.2285349946178,
        226.47379088762682,
        128.80041605827864,
        226.37407439669187,
        172.2347934001009,
        236.46037490709568,
        197.46290154359303,
        238.7265627090237,
        28.158130609052023,
        110.7523838802008,
        47.354616240103496,
        241.07600582504529,
        233.0906172049872,
        240.27318375407776,
        212.7499649237725,
        244.89128465170506,
        154.81176041223807,
        240.75675148607115,
        119.24060917651514,
        221.5665549307596,
        232.57790965748427,
        233.88700416331994,
        240.5515728850587,
        127.56590785153094,
        180.67141197778983,
        239.0042917849205,
        51.30397120071575,
        24.89476325675787,
        48.421115719887894,
        239.27389001927804,
        93.782251831959,
        184.85205532747204,
        238.18670000611746,
        97.86989135155454,
        240.53077166338335,
        241.6362853290193,
        186.59269324783236,
        238.46058624843135,
        251.7017682272708,
        247.96792349481257,
        250.09173367140465,
        91.9591024381516,
        38.08582831698004,
        19.16866429959191,
        41.563675096142106,
        246.50994283656473,
        192.2136811624514,
        191.35111655078072,
        230.24531531054527,
        232.9867561959545,
        238.54229506236152,
        237.06310043338453,
        241.87523124166182,
        245.22383997971338,
        240.2785325528821,
        249.24577980479808,
        45.59398548986064,
        246.19051634066273,
        246.11107527744025,
        247.26669530343497,
        29.831620081327856,
        36.07293657626724,
        243.25342313729925,
        247.70203611832403,
        109.59397499528131,
        243.970910915712,
        250.1936602583737,
        246.98386742740695,
        245.69404394112644,
        135.3065358127351,
        43.549381553035346,
        29.049428176389483,
        249.99919882207178,
        53.07963447684597,
        231.01046432374278,
        29.151053409615997,
        245.62943329964764,
        245.6279799445183,
        164.79490221304877,
        117.57158721936867,
        247.38207192483242,
        196.8867663462297,
        122.40177416006918,
        86.63799038299476,
        248.2066699944844,
        51.185049803723814,
        250.2643586931008,
        248.34898036537925,
        255.7300450662151,
        95.63301599671831,
        254.5286345325876,
        110.96659430593718,
        82.97512188108522,
        54.278927668361575,
        251.23256312208832,
        233.29709659115179,
        147.19811983517138,
        242.51759951677377,
        245.08035622326133,
        240.23150454674033,
        252.4579756616149,
        11.754348506539827,
        246.2303806882701,
        245.47805297226296,
        248.54001740156673,
        171.16171861783369,
        170.97388599025726,
        15.327799252147088,
        243.1253621505748,
        239.54984310171858,
        242.72185379988514,
        150.48021983305807,
        244.10666256133118,
        248.24932206136873,
        245.66278585880355,
        244.38483150105458,
        241.6380200361018,
        250.63147214672063,
        247.99899086984806,
        251.8763695282105,
        250.41565282459487,
        97.19874844382866,
        125.29790802745265,
        248.24469503836008,
        250.82994124290417,
        251.96012611640617,
        256.15611739316955,
        90.2791627853876,
        73.09493305487558,
        252.97766824183054,
        251.2025321981564,
        248.0814372638706,
        147.95995521184523,
        244.02898698474746,
        244.5501717319421,
        191.33335001475643,
        243.12356351906783,
        233.03648171805253,
        244.32779841398587,
        127.21763077232754,
        215.70325893817062,
        241.68419315634674,
        244.68738276668591,
        239.19198680965928,
        240.0826637676946,
        245.5956690924213,
        238.4767808112374,
        240.78411591169424,
        246.23461803694954,
        246.97833776578773,
        247.46716274425853,
        243.49330219786498,
        242.55199039909348,
        240.25693943511578,
        238.07181697520718,
