{
    "hyperparameters": {
        "learning_rate": 0.0003,
        "discount_factor": 0.99,
        "epsilon": 0.1,
        "gae_lambda": 0.95,
        "value_function_coef": 0.5,
        "num_episodes": 300,
        "num_epochs": 10,
        "batch_size": 64,
        "horizon": 512,
        "entropy_coefficient_init": 0.1,
        "entropy_coefficient_target": 0.01,
        "entropy_coefficient_const": 0.01,
        "entropy_decay_steps": 100000
    },
    "run_configs": {
        "agent": "PPOBETA",
        "environment": "MIDDLE",
        "entropy_setting": "FIXED",
        "plotting_setting": "REWARDS_AND_TRACK_DISTANCE",
        "zero_brake": false,
        "automatic_restart": false,
        "use_existing_model": "20230711_005151.004_model",
        "save_as_onnx_model": false,
        "seed": 4
    },
    "episodes_reward_data": [
        34.13532374825445,
        27.122934692830313,
        -2.500738545320928,
        5.356737538779271,
        7.833465700503439,
        11.542372977302875,
        3.6172959440445993,
        -0.26879887841641903,
        -0.39346593723166734,
        3.373197461653035,
        16.736657057714183,
        0.041273593553341925,
        0.695095669303555,
        5.440457643009722,
        -0.36642469943035394,
        2.0223702378571033,
        4.980535184236942,
        -0.2844245337473694,
        13.136627472704276,
        -0.3052510339766741,
        22.98583923187107,
        -0.16631450154818594,
        0.3610736562986858,
        9.722231148334686,
        1.8420325355255045,
        6.792177006893326,
        -1.396697393793147,
        4.807607807975728,
        5.953252647537738,
        1.7958574327931274,
        8.045049319975078,
        -0.49191982485353947,
        19.888712514046347,
        -0.708848290174501,
        1.5146665081265382,
        -0.39535172836622223,
        12.354115627647843,
        3.377938039629953,
        1.5819432213902473,
        1.1765032946132123,
        4.6997454753145576,
        1.7440020143985748,
        -0.014073316007852554,
        5.78032239805907,
        3.8055785687611206,
        -3.324532238766551,
        3.3331514276214875,
        1.1919648780603893,
        -0.09043976943939924,
        0.235097338212654,
        -0.1670352480141446,
        0.37711341091198847,
        2.518021739961114,
        4.41696993925143,
        -1.0576583587389905,
        0.3071391452103853,
        2.9648102344362997,
        4.128671190759633,
        15.034834966179915,
        2.8061786074831616,
        6.253744152345462,
        6.37620250711916,
        -0.4542414143215865,
        2.6550129160750657,
        -1.0464490093290806,
        3.3754969482542947,
        1.8428464335738681,
        1.0214296194026247,
        3.265415902424138,
        1.9487128145992756,
        -1.2876818369259126,
        -0.04548066237475723,
        3.8314382645185106,
        -0.07380246743559837,
        7.497842422919348,
        0.018158962950110435,
        -1.3252388453111053,
        4.913847772171721,
        -0.01743447402259335,
        1.8961619910842273,
        3.314724766940344,
        1.6125356182456017,
        -1.7371887611225247,
        1.1044194605201483,
        5.257328861800488,
        1.598180022352608,
        -2.8943103486672044,
        3.0225631531211548,
        -0.5129206015262753,
        -0.8784344121522736,
        0.47641015268163756,
        12.262217045703437,
        2.81432567036245,
        -0.42146047204732895,
        6.13617687812075,
        7.052068217890337,
        12.004625413566828,
        4.262561319221277,
        21.721640381147154,
        4.102158414229052,
        -0.6566374376416206,
        0.7859671553596854,
        27.63099394721212,
        5.598613903741352,
        0.8727166268508881,
        -1.0898805456236005,
        6.649776267586276,
        1.5564561136998236,
        7.168671899533365,
        6.911012566808495,
        -3.4639555981266312,
        23.318923075159546,
        3.2782195262843743,
        1.7980833007022738,
        1.917267763230484,
        0.46501957066357136,
        0.016757257282733917,
        2.6800805006641895,
        7.751316517649684,
        3.449778225913178,
        9.10911491511797,
        2.0335598262026906,
        5.600843511288986,
        0.5570453815162182,
        6.104656529685599,
        2.479515628539957,
        -0.24491056520491838,
        5.156779939599801,
        8.204016780480742,
        5.92037177272141,
        -0.8141517562326044,
        4.409310751449084,
        -2.6160161732695997,
        4.426311299961526,
        7.571521449339343,
        0.5919469008222222,
        -1.350142334587872,
        1.5078119654208422,
        5.023476291913539,
        6.420702694740612,
        6.343128910812084,
        4.597177602001466,
        1.1802178099751472,
        -4.40203124564141,
        0.8391995731508359,
        6.040328185452381,
        1.5041488480637781,
        1.399823346058838,
        -0.5641365945339203,
        8.495343444403261,
        7.084764615283348,
        3.9710103180259466,
        -0.9944837795337662,
        0.9863703064620495,
        8.537299508665456,
        7.1870734449476,
        2.5546859793248586,
        3.9417523407028057,
        3.529469472297933,
        -0.235981160774827,
        3.0510281479510013,
        0.030103832250460982,
        10.209690438583493,
        -0.12681663426337764,
        5.6746559919265565,
        -0.3458287725225091,
        2.694851399282925,
        0.16777334944345057,
        9.781073436839506,
        2.4410290000378154,
        3.0313546976540238,
        -1.6557244009745773,
        -0.4645067762467079,
        -4.420711518265307,
        2.3268535608658567,
        4.262402968481183,
        5.212097058072686,
        2.7317389179952443,
        -2.5374677116051316,
        0.24168409872800112,
        9.966366058215499,
        1.8579187202849425,
        7.300848850922193,
        3.170250109862536,
        6.00594740609813,
        15.501884049852379,
        23.548702074127505,
        3.3980789952911437,
        -5.047871710499749,
        0.9473623726516962,
        13.786009933784953,
        9.830654340563342,
        8.895798507728614,
        -5.164287259802222,
        -1.013991130515933,
        5.819169792812318,
        2.5180172348336782,
        -2.461260082956869,
        6.580731987429317,
        4.2250501941889524,
        7.487093434203416,
        1.1694520493037999,
        5.186600645742146,
        2.4833328035019804,
        5.977179587818682,
        4.810549455927685,
        8.365027739666402,
        15.98335074656643,
        1.6819546818442177,
        6.834952310367953,
        6.461276434973115,
        -1.3472864405775908,
        1.587134161614813,
        -1.1215909575112164,
        -3.3738886292558163,
        -0.17262550443410873,
        4.7199105196632445,
        0.3386696034576744,
        1.182343611959368,
        10.627576104248874,
        5.132729800767265,
        10.781548520550132,
        16.436410547612468,
        4.974177133772173,
        7.927862696640659,
        -0.0856936996569857,
        -0.11240243772044778,
        -2.2065883288742043,
        0.7081522587686777,
        6.718875338789076,
        22.258026998781133,
        6.604440058930777,
        4.254827393946471,
        41.27188429047237,
        -2.680628507398069,
        -0.2817872154992074,
        2.9364942603278905,
        7.668670159764588,
        1.8272588239633478,
        -0.1788357231998816,
        41.37505027046427,
        8.08208744006697,
        3.715058581903577,
        0.5382874814386014,
        46.81236698271823,
        -0.8968629054143094,
        -1.9906571921892464,
        7.452540323138237,
        5.55441247735871,
        3.5118827456608415,
        -1.9292397744138725,
        3.44213740125997,
        25.01732959691435,
        -1.1033413643017411,
        0.3044438478536904,
        -3.933223746600561,
