{
    "hyperparameters": {
        "learning_rate": 0.001,
        "discount_factor": 0.99,
        "epsilon": 0.1,
        "gae_lambda": 0.95,
        "value_function_coef": 0.5,
        "num_episodes": 300,
        "num_epochs": 10,
        "batch_size": 64,
        "horizon": 512,
        "entropy_coefficient_init": 0.1,
        "entropy_coefficient_target": 0.01,
        "entropy_coefficient_const": 0.01,
        "entropy_decay_steps": 100000
    },
    "run_configs": {
        "agent": "PPO",
        "environment": "ORIGINAL",
        "entropy_setting": "FIXED",
        "plotting_setting": "REWARDS_AND_TRACK_DISTANCE",
        "zero_brake": false,
        "automatic_restart": false,
        "use_existing_model": "",
        "save_as_onnx_model": false
    },
    "episodes_reward_data": [
        1.2078280026325956,
        0.08326169804786332,
        0.3702142887341324,
        2.065917026193347,
        -0.13811295563937165,
        5.502662827879249,
        -0.2541560041718185,
        1.7055679595505353,
        0.6649288167827763,
        1.611399654939305,
        0.506495894267573,
        0.7317056363390293,
        9.878569252876332,
        -0.49055631953524426,
        -2.9777736874239054,
        0.021275705861626193,
        1.7300647271622438,
        1.1417346543603344,
        -0.37350972165586427,
        -0.3195117982686497,
        0.9299669323154376,
        0.1603318602356012,
        -0.014513207657728344,
        15.16313169089699,
        -0.35588877156260423,
        0.9507205290428828,
        0.5592327714548446,
        0.29297072885674424,
        -0.3766740164719522,
        -0.7924550861644093,
        0.2887077110935934,
        2.5998553627287038,
        -1.904890031204559,
        0.4067591053317301,
        -0.8091836454404984,
        2.694145796034718,
        -0.5207984688750003,
        0.4348651627660729,
        -0.1030844241468003,
        -0.9762511876033386,
        1.868012383711175,
        2.386384202807676,
        2.4363955158623867,
        6.267525235758512,
        0.5350728774719755,
        11.756484091834864,
        1.8270028266124427,
        0.8931584083184134,
        1.1620077902480261,
        15.750828219490359,
        -1.1276048306608573,
        10.608754926826805,
        0.8702743674512021,
        0.37267550954129547,
        10.091853706398979,
        1.9497024454176426,
        3.068948498927057,
        22.060886890656548,
        2.171561431576265,
        10.52275640341395,
        3.5072669962246437,
        -0.6524889548527426,
        -1.179228536610026,
        5.665592916600872,
        1.6598373526940122,
        9.363029992586235,
        -1.2175543787889183,
        8.21303865169466,
        2.302278123504948,
        4.46670828841161,
        12.884693347208668,
        10.598290457157418,
        -2.2603249105159193,
        -0.4176646315609105,
        29.917082347732503,
        37.90635832195403,
        9.728310308477376,
        3.9082266880141106,
        36.56427945993346,
        -0.11132287123473361,
        82.8850547283364,
        22.044436449039495,
        27.248598526552087,
        0.0019130856089759618,
        54.62075439142063,
        25.4214511437458,
        49.801789431679936,
        39.75286240535206,
        62.24159689148655,
        -2.2054101507528685,
        28.94137933832826,
        -0.8365242534782737,
        4.354583587613888,
        59.70113588409731,
        142.3330557749432,
        30.555802765971748,
        72.73889675183455,
        26.09543000595295,
        -0.6667863104667049,
        113.12480159348343,
        19.35446734665311,
        21.23853290949046,
        36.8764823130914,
        46.69500329345465,
        126.86396256690205,
        119.59174345182691,
        19.52598619175842,
        80.49873818818014,
        91.02564694342436,
        180.7653518038278,
        13.525583444192307,
        31.82040074415272,
        205.15914306498598,
        112.88896273024147,
        73.16148386118584,
        220.6872865659243,
        234.1415742110985,
        7.19221114719403,
        171.23199498730537,
        131.30858853454993,
        10.031953246536432,
        233.7619209906843,
        38.71996986924205,
        168.4763246817456,
        234.24323766148882,
        85.71705598937115,
        160.64284101453086,
        105.54460238289903,
        216.01058771385578,
        225.5358409230248,
        19.014875003078487,
        211.68096732062986,
        226.42166378833645,
        127.32210598565871,
        229.55538079116377,
        14.713295882116654,
        93.85681135902996,
        17.24197569588432,
        119.87794906983618,
        228.4241063639056,
        76.4953349228017,
        4.209027160337428,
        69.70791351413936,
        220.23510489454202,
        224.33997245211503,
        127.03472017974127,
        228.37195610348135,
        223.95374043798074,
        192.82928859695676,
        1.8933048197504831,
        45.103947636147495,
        206.78452162728354,
        9.667936093610479,
        54.25402027735254,
        168.33187208755407,
        41.29008754022652,
        100.76080659771105,
        57.95100724702934,
        38.91460312186973,
        208.7098272908188,
        220.31781628497265,
        219.82053773402004,
        229.41790138120996,
        201.89244677804527,
        81.18023209745297,
        235.50184206687845,
        34.860123851685785,
        174.0485499829374,
        78.18589168350445,
        100.04999850474996,
        222.92862548469566,
        226.34524175000843,
        229.5077855251875,
        196.3994556396501,
        222.80793491793156,
        219.77875646582106,
        221.42691831701086,
        30.3766959898785,
        87.15025970367424,
        21.736672901693964,
        16.601123078093224,
        45.432277300336864,
        130.9933596906485,
        63.818217704378185,
        216.0571052773157,
        22.389416566002183,
        215.4266623894655,
        41.4846937446855,
        214.52416889724554,
        222.85429135218146,
        124.86630401969887,
        1.8367997693494544,
        203.61291813262505,
        217.06191485765157,
        80.82612312550191,
        209.7199073322845,
        231.72924619092373,
        218.50588564349164,
        113.88998786639422,
        221.59093674411997,
        47.77236401196569,
        222.17434514861088,
        224.78852708809427,
        221.1071211098897,
        14.703842189075658,
        223.04431132314494,
        227.50847676496778,
        220.90092005948827,
        228.97108349431073,
        228.84891803821665,
        224.10521520194015,
        226.80739563461975,
        234.54066617862554,
        224.50127547845477,
        232.37744195837877,
        109.2579012553906,
        232.34510533889988,
        51.62362481546006,
        231.62397837299795,
        225.56574106027256,
        228.71641468588496,
        220.70260416029487,
        73.44748958037235,
        9.032981723343255,
        64.18401416175766,
        27.007261953956913,
        215.77780579667888,
        221.10665379128477,
        214.51554195338394,
        209.49898523231968,
        138.86546824281686,
        228.61251919553615,
        220.10481588263065,
        227.03086238983087,
        95.57662190041447,
        209.162861250079,
        209.61522430093464,
        215.09733825156582,
        140.472824768367,
        131.73809350526426,
        225.03832656674786,
        219.24370000696217,
        227.4691432135587,
        26.36588774251868,
        109.57271915441379,
        51.061394958756864,
        222.47053487093945,
        86.31000849728298,
        80.2225702033029,
        193.81901032614405,
        85.50791073241271,
        177.1259111854306,
        223.18588876351714,
        220.47271352272946,
        116.24674576497637,
        175.50248151617416,
        205.9982161121734,
        64.9836146706366,
        204.80575072517968,
