{
    "hyperparameters": {
        "learning_rate": 0.0003,
        "discount_factor": 0.99,
        "epsilon": 0.1,
        "gae_lambda": 0.95,
        "value_function_coef": 0.5,
        "num_episodes": 300,
        "num_epochs": 10,
        "batch_size": 64,
        "horizon": 512,
        "entropy_coefficient_init": 0.1,
        "entropy_coefficient_target": 0.01,
        "entropy_coefficient_const": 0.01,
        "entropy_decay_steps": 100000
    },
    "run_configs": {
        "agent": "PPOBETA",
        "environment": "ADVANCED",
        "entropy_setting": "FIXED",
        "plotting_setting": "REWARDS_AND_TRACK_DISTANCE",
        "zero_brake": false,
        "automatic_restart": false,
        "use_existing_model": "20230703_160037_model",
        "save_as_onnx_model": false
    },
    "episodes_reward_data": [
        27.866922396584414,
        0.0786829311400652,
        15.462132285698317,
        15.611451310047414,
        17.561021606903523,
        23.37545836130448,
        13.86952515199664,
        29.323426057060715,
        21.028848106507212,
        12.627964150946354,
        2.6283255718299188,
        17.733218298104475,
        38.3454182970454,
        0.21263379976153374,
        54.615916473354446,
        60.97364166331681,
        145.45670601732854,
        34.42753924280987,
        109.88388008293987,
        149.36886906370637,
        14.694642971589928,
        29.802028360776603,
        0.10997430514544249,
        64.20280531962635,
        23.16599908041826,
        56.214279210413224,
        29.479162570787594,
        6.078352541400818,
        28.792965396336513,
        28.43379232872394,
        41.88731938833371,
        57.11161761029507,
        56.19395946426084,
        74.81381573696854,
        58.06969461675908,
        22.844708961318247,
        5.888268570881337,
        104.69758074323181,
        81.50350072630681,
        114.46130532911047,
        44.03275497240247,
        14.562212849967182,
        13.088711897435132,
        43.55357905942947,
        33.54188581556082,
        6.710626496555051,
        22.15681095328182,
        -0.18115317821502686,
        57.29032595962053,
        35.91210142057389,
        180.83534248758224,
        0.16720634140074253,
        32.274771622382104,
        198.35665836339467,
        24.014798183503444,
        33.1486899452284,
        49.71132099739043,
        36.81866636837367,
        86.47675462765619,
        -0.049794990569353104,
        57.48879650991148,
        6.5931224492087495,
        196.25180917140096,
        94.53216702760255,
        14.583675954374485,
        16.492024791426957,
        -0.04744711332023144,
        42.89753182028653,
        115.24746664904524,
        6.6463387976327795,
        43.72901870899659,
        30.62361888635496,
        51.36715638177702,
        18.313127105589956,
        4.6425742350984365,
        67.20697762184136,
        75.22979883605149,
        48.915155545932066,
        27.63563697382051,
        60.596951113053365,
        0.530977277085185,
        42.93978577310918,
        33.83450487835216,
        45.57301410008222,
        28.348515755147673,
        23.061982764920685,
        48.32146495929919,
        67.46794513211353,
        24.291151967758196,
        66.31931592308683,
        51.00051744072698,
        41.77380199579056,
        79.60048287594691,
        7.023668789901421,
        26.967141524830367,
        -0.5202235383912921,
        34.017615925055,
        83.5967281498597,
        12.611368056677748,
        7.128445417634794,
        66.08743398239312,
        22.378594265319407,
        -0.246274184435606,
        29.257783569861203,
        52.30111669417238,
        48.99539425451076,
        75.41946940032358,
        30.803699364420027,
        23.158211681904504,
        18.41993283352349,
        60.786763464973774,
        18.207942572189495,
        96.40704033480142,
        37.04413835925516,
        88.0253110267513,
        35.81482844737184,
        22.852473270439077,
        17.340090333484113,
        52.0505453220685,
        195.15318431847118,
        0.254781998693943,
        56.05892699584365,
        0.21675022318959236,
        42.22766330893501,
        31.45137590263039,
        80.78591341193533,
        0.031658172607421875,
        76.09920570903341,
        16.287871200271184,
        7.128887857543305,
        155.5977438093978,
        68.71400520521274,
        118.9992759898887,
        12.22070028015878,
        4.576668159119436,
        24.164189533010358,
        39.32323056348832,
        64.5229724557139,
        59.6574118110002,
        48.48148522153497,
        44.40483454731293,
        184.00825647008605,
        47.99704814601864,
        46.96773881622357,
        6.912760859588161,
        7.096352359803859,
        0.22826479375362396,
        93.36755318648648,
        26.413636320270598,
        71.87363780234591,
        8.292352609714726,
        7.855992792494362,
        75.96700515717384,
        59.370481188365375,
        37.960491275414824,
        58.21952253070776,
        62.93604335960117,
        145.09027562936535,
        15.038104650127934,
        172.2082119146362,
        34.3974331736099,
        92.86328963460983,
        57.90281101572327,
        8.988732098470791,
        99.68833558294864,
        77.9231709530286,
        5.107876622088952,
        29.050267825834453,
        37.78479040408274,
        9.019382707236218,
        80.11578042368637,
        108.88598918642674,
        87.84707590664038,
        66.67680039739935,
        9.897756194739486,
        11.202639976108912,
        62.578504439632525,
        172.0918174527469,
        172.7225845058856,
        25.88090926402947,
        6.783637893691775,
        55.391774169169366,
        7.396546083735302,
        62.0319218421937,
        14.989508853293955,
        24.50327788971481,
        84.7549688979343,
        65.10769232143502,
        7.6959084157133475,
        130.12865196472558,
        43.284765880016494,
        11.254793749118107,
        90.28354055753152,
        96.95824075333076,
        6.348757390129322,
        152.2372736922116,
        46.2335919070174,
        61.07423981287866,
        32.88416057656286,
        98.35416474504746,
        56.04646315035643,
        70.72835888984264,
        81.83770083507989,
        189.9108690173016,
        14.867740811227122,
        19.35873732426262,
        73.91183819004073,
        17.052466083317995,
        153.94904531957582,
        28.29604226932861,
        77.83430566682364,
        35.13024305202998,
        77.0025853686966,
        193.58468952814292,
        14.027239940143772,
        40.393758677120786,
        16.358158198010642,
        57.329458536056336,
        39.83342958590947,
        64.93674050086702,
        54.3464842531248,
        177.89062047749758,
        29.333412768668495,
        45.63666956033558,
        26.529706965666264,
        148.70874993817415,
        0.111533859744668,
        20.784927465196233,
        33.73563806689344,
        49.136227167153265,
        85.07249320036499,
        40.453336318954825,
        89.20667359183426,
        29.25947520218324,
        67.01569926406955,
        33.38077923236415,
        59.71404193760827,
        64.80811057929532,
        20.04908420909487,
        7.851585835189326,
        46.90791164629627,
        -3.075587771832943,
        17.63451281603193,
        83.8207872993662,
        172.29961872607237,
        59.4468054723111,
        -1.5392459318973124,
        158.02973173634382,
        0.22227409482002258,
        0.2911299206316471,
        74.51287406693154,
        14.493728702043882,
        42.154035752784694,
        29.512382649932988,
        186.5640096378338,
        -0.09532726369798183,
        54.077778658713214,
        192.93496849690564,
        54.90397180977743,
        65.37138590808172,
        42.81811025139177,
