{
    "hyperparameters": {
        "learning_rate": 0.0003,
        "discount_factor": 0.99,
        "epsilon": 0.1,
        "gae_lambda": 0.95,
        "value_function_coef": 0.5,
        "num_episodes": 300,
        "num_epochs": 10,
        "batch_size": 64,
        "horizon": 512,
        "entropy_coefficient_init": 0.1,
        "entropy_coefficient_target": 0.01,
        "entropy_coefficient_const": 0.01,
        "entropy_decay_steps": 100000
    },
    "run_configs": {
        "agent": "PPOBETA",
        "environment": "ADVANCED",
        "entropy_setting": "FIXED",
        "plotting_setting": "REWARDS_AND_TRACK_DISTANCE",
        "zero_brake": false,
        "automatic_restart": false,
        "use_existing_model": "20230710_130904.644_model",
        "save_as_onnx_model": false,
        "seed": 4
    },
    "episodes_reward_data": [
        59.81622169696493,
        21.772728775948053,
        26.382829187088646,
        8.487836511034402,
        5.777753623769968,
        67.2020701697329,
        53.17709747553454,
        63.399007692642044,
        8.994443699135445,
        6.120574542350369,
        20.19393439484702,
        3.756280076035182,
        -5.152898873318918,
        8.079732024096302,
        42.25193632679293,
        -2.5167611786164343,
        16.92193827414303,
        -5.051757851615548,
        0.6541659348877147,
        24.393505027663196,
        59.80114867351949,
        -7.555232714512385,
        3.949832506972598,
        8.568989045394119,
        37.457718123157974,
        26.52921557018999,
        25.757900017488282,
        50.399855906609446,
        22.005309921776643,
        56.14505450858269,
        57.03162091935519,
        7.972198928677244,
        24.30597060965374,
        4.744488322525285,
        78.40690575557528,
        10.129208798942273,
        46.18117816071026,
        27.179965299816104,
        30.251609968632692,
        78.3571800980717,
        22.198314457084052,
        28.053939550125506,
        34.21154421218671,
        43.68118272628635,
        64.142567578936,
        16.543508181181096,
        43.64104102586862,
        47.115255064330995,
        7.929929212637944,
        80.73577637856943,
        69.51269699080149,
        82.71490648991312,
        55.16353798189084,
        4.265481408787309,
        4.438538467293256,
        56.18229590728879,
        75.87868624879047,
        81.27813680598047,
        47.663739941548556,
        37.47921958664665,
        78.66435746912612,
        116.09951536387962,
        104.3780639488541,
        89.87464050733979,
        89.46931412120466,
        75.71976271859603,
        63.09497854911024,
        23.456909409564105,
        19.355013159074588,
        63.02682065841509,
        125.53457874455489,
        52.82281660963781,
        24.78301593940705,
        34.79009714908898,
        80.59425410319818,
        19.068303876090795,
        22.62698040297255,
        7.66126426300616,
        9.54462321739993,
        113.34156047590659,
        23.8040667969035,
        76.12618551902415,
        95.43430773061118,
        64.59244750288781,
        6.219762650551274,
        109.59786142338999,
        59.0250122731959,
        61.22903164336458,
        14.759268984940718,
        115.67401146679185,
        5.465052243453101,
        72.27504634106299,
        65.55278609169181,
        80.78138695273083,
        113.98389746478642,
        98.25383493001573,
        51.82659415071248,
        55.288123156904476,
        96.59215377541841,
        29.721311962828622,
        82.94788945734035,
        4.0186484883888625,
        6.84850194840692,
        79.63798531789507,
        53.34120608394733,
        55.12617926002713,
        29.96061317436397,
        56.76645937957801,
        143.37675168691203,
        80.09609758824809,
        6.861105260453769,
        -0.07512734457850456,
        7.855054319836199,
        112.93452003240236,
        63.084244475729065,
        34.67504105903208,
        114.13062747725053,
        5.205333009274909,
        84.51840120067936,
        112.32645297964336,
        64.43455131686642,
        95.70725938200485,
        69.18140437653346,
        51.19104285063804,
        99.93421815353213,
        66.09150720440084,
        4.186628336115973,
        55.45833344903076,
        47.027298577013426,
        81.34719072115695,
        138.3772442304471,
        95.16754220712755,
        49.121439242881024,
        86.5662369535712,
        55.44550761365099,
        66.52718626528804,
        28.105635723855812,
        56.71520758513361,
        30.702200231142342,
        20.351482811180176,
        38.59885706164641,
        -0.04070671647787094,
        51.28387796971947,
        89.66985347187438,
        34.05495912951301,
        49.65699154275353,
        19.777529136976227,
        158.90312255220488,
        101.50235967176559,
        139.02548914778163,
        18.544218504539458,
        18.876116263330914,
        51.637333151185885,
        143.1715506752953,
        -5.884407179895788,
        27.352813543577213,
        165.98933360661613,
        121.9826196479844,
        -2.1325519748497754,
        74.51913196669193,
        56.67826695740223,
        169.34601808534353,
        163.56789936861605,
        167.15725885977736,
        73.7052689078264,
        65.73992341401754,
        154.80717494012788,
        18.73391665877716,
        58.70316473606363,
        106.29818652108952,
        174.3196391464444,
        17.772245125845075,
        -6.4232341744937,
        49.49292041856097,
        15.038470543731819,
        97.97968903766014,
        165.98873568201088,
        173.24727971479297,
        -0.04016266204416752,
        59.26688930422097,
        51.59019854131475,
        32.333275801705895,
        6.574086964479648,
        82.6630258053192,
        188.05865505419206,
        26.96896507591009,
        86.9832522268116,
        17.746589777059853,
        47.554342880437616,
        118.55173191023641,
        33.724422472849255,
        12.735542008653283,
        50.968356728204526,
        95.55341684995801,
        119.43879083606589,
        70.65277450453141,
        53.431518212892115,
        45.44492800999433,
        64.91097827299382,
        182.62475646086386,
        69.63985662937921,
        22.707875489024445,
        30.797465201147133,
        74.35681168288284,
        7.61180282625719,
        86.28339783159026,
        123.6363693983294,
        60.767721454496495,
        86.76012391666882,
        172.3611535421951,
        4.92095177739975,
        87.17149199423147,
        7.0322811222577,
        181.56492852355586,
        192.38038414355833,
        192.89419329870725,
        63.57842755340971,
        -5.56699995289091,
        95.51640326375491,
        105.37329443613999,
        -5.538351539056748,
        157.90617131482577,
        199.6307745285012,
        18.74661093670875,
        200.10142594011268,
        41.75677037797868,
        191.16464070690563,
        171.96752597451268,
        43.82041836436838,
        16.33845232623571,
        54.63743318791967,
        55.426347436441574,
        131.55589961117948,
        81.46072516813001,
        175.44985756238748,
        49.40503600399825,
        211.30063210224034,
        18.036289870738983,
        64.21808342654549,
        111.62868416594574,
        17.412948175304336,
        136.45960509419092,
        52.921945699315984,
        151.5693444479839,
        16.357106768351514,
        56.61142435471993,
        27.08610762616445,
        -0.18129068240523338,
        88.11451456020586,
        55.22930866351817,
        42.47870958274143,
        64.15966495557223,
        89.61821884775418,
        -0.07438885420560837,
        199.87745828789775,
        44.04046041399124,
        9.385458813827427,
        202.73241796248476,
        -4.733251275960356,
        53.99798350795754,
        109.28102678939467,
