{
    "hyperparameters": {
        "learning_rate": 0.0003,
        "discount_factor": 0.99,
        "epsilon": 0.1,
        "gae_lambda": 0.95,
        "value_function_coef": 0.5,
        "num_episodes": 300,
        "num_epochs": 10,
        "batch_size": 64,
        "horizon": 512,
        "entropy_coefficient_init": 0.1,
        "entropy_coefficient_target": 0.01,
        "entropy_coefficient_const": 0.01,
        "entropy_decay_steps": 100000
    },
    "run_configs": {
        "agent": "PPOBETA",
        "environment": "ORIGINAL",
        "entropy_setting": "FIXED",
        "plotting_setting": "REWARDS_AND_TRACK_DISTANCE",
        "zero_brake": false,
        "automatic_restart": false,
        "use_existing_model": "",
        "save_as_onnx_model": false,
        "seed": 42
    },
    "episodes_reward_data": [
        8.905004212792846,
        1.2815396790974773,
        1.7620047387026716,
        2.6302469431684585,
        -2.6060467493662145,
        -1.7873510184290353,
        21.103363807560527,
        0.7663395018025767,
        1.3681346891389694,
        1.2588992339151446,
        9.525277631066274,
        3.2474479447701015,
        6.849593826336786,
        1.5768491316703148,
        1.404138833459001,
        -1.3032803729147417,
        -1.0999889904342126,
        6.01002785214223,
        -1.2783106106871855,
        -0.1837726492085494,
        6.6141674784594215,
        9.693733167485334,
        7.598787106166128,
        1.39880164139322,
        -0.1057378237019293,
        1.4877359329548199,
        1.791299186370452,
        13.444478481542319,
        10.237604495705455,
        15.81625641247956,
        4.187239356469945,
        29.51755332760513,
        41.379711494606454,
        8.8175805376668,
        4.390526589122601,
        19.06820746260928,
        26.861824706487823,
        1.4875331594666932,
        -1.643788038083585,
        31.452489112241892,
        20.107457355610677,
        12.824705313221784,
        2.254338197555626,
        30.064995435241144,
        52.39007470270735,
        37.646976524963975,
        133.30543813461554,
        0.3832118602513219,
        144.83732584012614,
        190.99018551467452,
        33.754371154354885,
        26.856605961686,
        27.300276310656045,
        24.622942792833783,
        125.06125023443019,
        34.527040105109336,
        94.21537082706345,
        28.22151585346728,
        81.10900799308729,
        204.09197435935494,
        36.62274037802126,
        223.6064972731765,
        219.53863528024522,
        74.82148915209109,
        48.3528487283038,
        235.6596356020891,
        11.293945367913693,
        65.0875395736366,
        56.049615799915045,
        227.47849837239482,
        237.343337201979,
        238.20974446140463,
        117.16527371515986,
        7.22297710654675,
        86.0377217863279,
        52.032002358246245,
        5.549593995703617,
        12.568752417049836,
        214.18098927347455,
        112.01959221443394,
        225.30354310024995,
        103.70606291526929,
        24.18271146574989,
        149.53884531816584,
        129.65479800646426,
        140.5461576108355,
        237.5527024376206,
        130.31203168816864,
        239.422888596775,
        10.403327906649793,
        238.33497522445396,
        93.35223555908306,
        156.52189786662348,
        46.550913458748255,
        64.45241308155528,
        228.07747337254114,
        217.12239222542848,
        215.18976296701294,
        12.275384719046997,
        224.8668257133686,
        69.01347059908585,
        54.32272658398142,
        114.09947622893378,
        230.5412313734414,
        22.816918015800184,
        218.11557058311882,
        223.46492777345702,
        108.00370541085431,
        185.66647654073313,
        224.92963851697277,
        229.543790938842,
        163.62077705352567,
        93.1568706924736,
        232.16853505183826,
        99.24225045158528,
        202.4066655205097,
        121.95811844820855,
        51.22764529127744,
        34.41153111308813,
        15.273794503009412,
        32.61607636084955,
        24.246730268961983,
        65.02978857705602,
        230.13598902861122,
        224.58397095967666,
        126.28369738611218,
        100.88864026448573,
        232.7170680725103,
        39.425486682201154,
        139.7190751977614,
        226.3992463657196,
        114.9381946928479,
        228.11317229369888,
        238.13379028232885,
        102.9175949375931,
        235.78037480823696,
        130.26967444704496,
        198.61540909681935,
        190.72387780909776,
        45.532748689103755,
        224.71116094769968,
        113.91890208146651,
        18.507365036421106,
        33.3106359828962,
        218.73293400305556,
        216.0734375815664,
        181.82880529179238,
        233.5776835916913,
        238.747736122692,
        152.56762505730148,
        180.55548903450835,
        64.22839378757635,
        28.46453203265264,
        166.33628087083343,
        215.72548052261118,
        175.81350652046967,
        206.60425535351533,
        223.38534249417717,
        224.10792885770206,
        196.7861088976788,
        222.1468847534561,
        225.7926130873384,
        230.3163909042196,
        162.47925189655507,
        235.18664278197684,
        232.21159689595515,
        107.2551472335108,
        225.37634126727062,
        219.52573744446272,
        11.269828332471661,
        218.24854354505078,
        222.82708430549246,
        213.5362224120763,
        206.3598618520773,
        222.22609753804863,
        217.18283844160032,
        69.61783960124012,
        231.37201842921786,
        227.5068469493417,
        142.63661752815824,
        173.40566588699585,
        226.7846879788267,
        24.04319815839699,
        106.73996605951106,
        97.91944271579268,
        232.73971034130955,
        207.73467112102662,
        228.1157628619403,
        122.38916284414881,
        165.56555287636002,
        212.4580464452083,
        219.98808922577882,
        41.04746759484988,
        218.08716509518854,
        226.97457979124738,
        213.77950638549373,
        210.99706192538724,
        231.08192651307036,
        222.96496567998838,
        225.02601081735338,
        226.1268736969505,
        77.14514789439272,
        221.22174504277064,
        68.75743630476063,
        107.00217651081039,
        225.57846743510163,
        10.166312980174553,
        112.94191904726904,
        167.60255264193984,
        216.9531311582541,
        221.80778010102222,
        232.12870789798035,
        10.578729011525866,
        153.8088201440114,
        239.03484746124013,
        55.05116310802987,
        234.59065938499407,
        235.6088686271687,
        211.4473436488479,
        187.146533928797,
        14.993490537221078,
        197.91317324974807,
        58.855828550236765,
        50.470054514706135,
        242.3122359183908,
        244.96376725070877,
        242.96727090745117,
        94.29258879157715,
        54.859224790969165,
        238.41192720801337,
        129.2315726042434,
        236.94948644960095,
        165.6263096415496,
        239.1091463170378,
        168.25295652147906,
        44.9716330908559,
        238.49272828153335,
        249.01907145798032,
        236.5240923750971,
        145.48412907563034,
        125.6303181793046,
        74.30903019709513,
        248.95914145675488,
        207.0680085036438,
        62.2762733893469,
        174.85368909970566,
        238.72916187826195,
        234.75820157356793,
        163.9877116457792,
        80.85129684777348,
        245.07538059198123,
        138.98468248167774,
        27.137630461715162,
        38.86915423278697,
        162.16129293045378,
        125.55787601339398,
        172.45799509561039,
        244.07817528411397,
        245.61733711036504,
        170.3335126646998,
