{
    "hyperparameters": {
        "learning_rate": 0.0001,
        "discount_factor": 0.99,
        "epsilon": 0.1,
        "gae_lambda": 0.95,
        "value_function_coef": 0.5,
        "num_episodes": 300,
        "num_epochs": 10,
        "batch_size": 64,
        "horizon": 512,
        "entropy_coefficient_init": 0.1,
        "entropy_coefficient_target": 0.01,
        "entropy_coefficient_const": 0.01,
        "entropy_decay_steps": 100000
    },
    "run_configs": {
        "agent": "PPOBETA",
        "environment": "ORIGINAL",
        "entropy_setting": "FIXED",
        "plotting_setting": "REWARDS_AND_TRACK_DISTANCE",
        "zero_brake": false,
        "automatic_restart": false,
        "use_existing_model": "",
        "save_as_onnx_model": false,
        "seed": 42
    },
    "episodes_reward_data": [
        3.6178560193802696,
        -1.7521346315916162,
        2.4291573151713237,
        3.7613785345456563,
        -1.1047097639529966,
        -2.4855723136133747,
        -2.843717143929098,
        2.2020123760739807,
        2.1591818413871806,
        3.979984922159929,
        0.2917139611527091,
        5.687363818869926,
        -0.2291707093536388,
        0.21078061623848043,
        1.7278323984355666,
        -0.5128386114083696,
        11.581371563661378,
        -1.6031584577431204,
        6.836749121634057,
        -1.4318163748976076,
        -2.037517696444411,
        0.8336883931115153,
        6.337186293239938,
        5.961746735803899,
        -0.16131839346780907,
        2.048151662427699,
        2.999318576505175,
        5.002594319026684,
        5.530038626573514,
        4.36173188117391,
        3.0869781742803752,
        0.4754425607970916,
        1.3613615420181304,
        10.418326636230631,
        1.9368826233840082,
        3.4893509188841563,
        2.71421856697998,
        0.5608586862945231,
        -1.1558766238740645,
        1.6393871044419939,
        8.577242470288184,
        2.905774273429415,
        2.391491371556185,
        4.928046848639497,
        -2.471184427718981,
        -0.1725080672185868,
        4.104969758511288,
        1.8271503754658625,
        -0.9541179207444657,
        0.6836370858072769,
        9.7050719630206,
        8.359702147135977,
        13.080277182336431,
        5.922282274463214,
        11.893797758035362,
        5.512704266147921,
        4.028582580838702,
        7.053398289528559,
        13.688299455854576,
        -1.0728149011993082,
        1.0524342179705855,
        15.848141437221784,
        -1.0082044236478396,
        25.089760667498922,
        1.8678417853370775,
        26.810841877711937,
        0.166006279818248,
        32.045080580573995,
        18.375086023443146,
        35.37637375283521,
        4.042295574268792,
        38.41284197950881,
        1.7304894909611903,
        -0.7995705478097079,
        2.255396301181463,
        37.417212652741,
        14.420286732070963,
        42.00776315672556,
        30.192622365779243,
        17.85037421141169,
        2.9383941792766564,
        0.9483291513752192,
        -0.9294012284080964,
        29.014223436504835,
        -2.5037899608141743,
        59.11699273978593,
        17.429244340659352,
        -0.9941188521115691,
        8.648589984280989,
        69.22138743120013,
        95.06714553109487,
        205.0464847997937,
        116.02771608228795,
        11.978304422169458,
        32.68038717331365,
        202.75286687335756,
        72.20720562321367,
        -0.27941557520534843,
        57.183434537786525,
        76.99567961861612,
        48.01050725940149,
        24.357630845770473,
        212.87213739247818,
        27.744777864398202,
        103.34405657861498,
        211.36578563874355,
        95.79295850252674,
        226.9454101266747,
        107.1674988779996,
        158.02937701300834,
        47.73447455550195,
        40.988445686380146,
        57.347786783910124,
        50.5871463053918,
        38.14233713212889,
        220.11881303187693,
        23.63088711403543,
        213.99939854309196,
        70.94272635161178,
        11.430997926625423,
        207.61512237979332,
        207.04706487228395,
        11.433621460280847,
        45.927083683534875,
        183.8453270723694,
        107.35591884018504,
        34.655148029414704,
        209.67154014878906,
        224.88986676116474,
        202.74492372838722,
        91.00281967234332,
        181.7414699224173,
        174.6902817623486,
        38.959973062126664,
        44.80178664776031,
        67.65696585114347,
        93.70700268991641,
        213.80778923252365,
        214.35876413143706,
        207.85045726012322,
        124.117130540777,
        110.59049133214285,
        78.34719192626653,
        223.87136983903474,
        82.10322965291562,
        47.129783281649,
        221.0413766092679,
        182.31113982517854,
        228.2053537179745,
        96.39260167267639,
        219.19598541596497,
        97.24358418575139,
        225.64032071095426,
        165.81275163704413,
        79.66759920917684,
        6.69757836862118,
        231.94948325768928,
        113.34390039098798,
        228.64358789348626,
        220.9916136598913,
        226.68628470954718,
        140.14802350306127,
        30.443170438229572,
        230.57065619161585,
        233.88019692644593,
        33.86968146447907,
        232.63557794995722,
        39.90711373569502,
        238.1263937128242,
        215.63045448658522,
        47.73923468506837,
        201.13668534939643,
        231.73460943991086,
        222.6023593104328,
        169.06632023185375,
        234.6081888228655,
        49.97520869661821,
        234.94363547068497,
        54.356627980130725,
        50.78542437189026,
        60.927608048921684,
        235.01223500545893,
        32.215941495320294,
        231.93953628692543,
        35.24521855835337,
        148.6193265766342,
        125.46874545078026,
        223.33758126961766,
        13.513924531347584,
        205.95487367734313,
        228.80141743735294,
        221.85697410959983,
        236.43643954061554,
        237.29099918591965,
        239.3220110241964,
        244.7342079634327,
        125.4516121308261,
        234.16938269886305,
        244.59419022298243,
        114.64819099038141,
        226.01013058942044,
        221.46913888608105,
        216.5393380735768,
        178.28747749385366,
        46.504686886037234,
        227.06582131580217,
        231.70950693581835,
        185.7730739554827,
        228.80649299708602,
        235.23798827972496,
        43.68001467175782,
        227.524684685166,
        208.3915895052487,
        179.33411372237606,
        229.7259958946961,
        199.1298147033085,
        215.77553659849218,
        235.60413662609062,
        223.18213658125023,
        148.68633692595176,
        239.56758385845023,
        145.073651955463,
        227.14848347138468,
        137.12057923222892,
        195.04372784918814,
        126.32103350182297,
        51.96848216356011,
        241.19041302116239,
        68.94669969055394,
        235.91780528306845,
        243.1881281719543,
        51.593901902175276,
        232.01676129918633,
        152.64074876881205,
        227.0460023842752,
        34.04744108679006,
        240.19860960973892,
        231.79345938930055,
        220.26405975941452,
        62.72113368246937,
        234.49807427154155,
        62.73980654403567,
        236.33626231653034,
        228.39045812669792,
        165.43014627616503,
        185.97120541702316,
        225.76531871377665,
        102.29162800440099,
        223.36730113829253,
        226.2317709393974,
        87.70012729562586,
        230.16497946996242,
        220.93549247604096,
        222.55045419873204,
        229.3326886910363,
        231.98875448980834,
        216.91177388670621,
        47.37860966191511,
        232.61568373502814,
