{
    "hyperparameters": {
        "learning_rate": 0.0003,
        "discount_factor": 0.99,
        "epsilon": 0.1,
        "gae_lambda": 0.95,
        "value_function_coef": 0.5,
        "num_episodes": 300,
        "num_epochs": 10,
        "batch_size": 64,
        "horizon": 512,
        "entropy_coefficient_init": 0.1,
        "entropy_coefficient_target": 0.01,
        "entropy_coefficient_const": 0.01,
        "entropy_decay_steps": 100000
    },
    "run_configs": {
        "agent": "PPOBETA",
        "environment": "CURVES",
        "entropy_setting": "FIXED",
        "plotting_setting": "REWARDS_AND_TRACK_DISTANCE",
        "zero_brake": false,
        "automatic_restart": false,
        "use_existing_model": "20230709_223257.422_model",
        "save_as_onnx_model": false,
        "seed": 4
    },
    "episodes_reward_data": [
        58.96592773741577,
        58.68206685211044,
        26.664509071299108,
        80.81350096163806,
        0.3333995532011613,
        26.951606987975538,
        58.778243595108506,
        5.775378271529917,
        37.17047302736319,
        75.83239616872743,
        25.772347515216097,
        11.770827671105508,
        24.559445172955748,
        26.193763084243983,
        4.804237421136349,
        1.2298719536629505,
        33.09309561745613,
        5.220694573741639,
        0.037230051413644105,
        68.48900033597602,
        36.300139925442636,
        0.2415551128797233,
        8.938684536784422,
        54.57275312038837,
        18.429192149313167,
        26.955689281749073,
        2.1946769954520278,
        33.39040826592827,
        -0.5432378187542781,
        0.11488831310998648,
        67.11058598058298,
        13.1361985989206,
        -0.5094594700494781,
        32.252218644542154,
        36.81966482748976,
        7.145540689816698,
        33.137101841391996,
        34.058612206281396,
        8.863790387375047,
        38.68538483140583,
        28.736422927468084,
        -2.3095264529110864,
        -1.7649301327764988,
        6.960485116185737,
        13.628781133535085,
        58.871202789916424,
        1.5132150693098083,
        68.66799843881745,
        75.30696193641052,
        2.594550261506811,
        20.852345317893196,
        56.733084936160594,
        30.58263937488664,
        25.034510489931563,
        27.01013782870723,
        73.73046312126098,
        -0.8649058411829174,
        -0.7138965294579975,
        1.478317957604304,
        31.77047103687073,
        63.15335220875568,
        32.192803247773554,
        32.51961760560516,
        27.115772859426215,
        67.98204711487051,
        1.1685109626268968,
        14.946361140580848,
        25.102857817546465,
        69.44675144238863,
        10.7510085113463,
        4.2735366795095615,
        70.24244496558094,
        70.11396569153294,
        14.448945786221884,
        76.27798991661984,
        65.86606332048541,
        64.9124558455078,
        13.008450019988231,
        65.6795789685857,
        33.18246298126178,
        52.02377942670137,
        34.776407986704726,
        5.614106333057862,
        76.00689562089974,
        38.105079693486914,
        53.99148481525481,
        71.71565759473015,
        33.34966756211361,
        71.88826791080646,
        2.5487922793254256,
        78.27518533670809,
        29.62601935811108,
        4.929974760627374,
        62.89162727375515,
        75.41630610229913,
        71.24083405407146,
        79.12445800565183,
        17.28856758424081,
        74.5440511535271,
        31.911563877365552,
        38.46082639746601,
        66.17269859049702,
        0.9146041355561465,
        63.587868726666784,
        -1.2926146435784176,
        68.32117614569142,
        67.50168619782198,
        74.42133261385607,
        66.11918966495432,
        64.40160690181074,
        49.542557038133964,
        2.0175583889940754,
        44.929855910886545,
        2.911044248889084,
        66.78049330657814,
        69.34703074011486,
        35.2036056475481,
        64.98733727406943,
        61.27562837844016,
        3.949672411195934,
        31.290075524768326,
        4.841016860154923,
        62.336294139851816,
        71.05148480058415,
        65.6640482666553,
        69.49563138309168,
        63.13576943328371,
        68.15961740753846,
        73.18084899004316,
        3.497825536032906,
        40.07008488703286,
        71.32140474987682,
        10.011215561709832,
        71.78289129474433,
        31.468384577077813,
        66.17773151610163,
        63.80442386613868,
        77.8986287114094,
        75.02989175193943,
        76.49898492894135,
        54.094973646104336,
        73.77330295654247,
        7.926158862974262,
        12.372106495662592,
        25.53783651275444,
        58.766169255715795,
        1.983064246509457,
        72.89659532392398,
        80.6916664915625,
        13.729311400325969,
        1.1373088890686631,
        0.37572699756128713,
        29.036562458932167,
        70.53589957946679,
        -0.7512930344091728,
        -0.7142531202407554,
        0.13306921964976937,
        8.052361664944328,
        77.74269186705351,
        57.442320529255085,
        38.44583602057537,
        31.75727976617054,
        28.59688073999132,
        35.23544795846101,
        5.1280416517402045,
        0.05076029046904296,
        49.38394964142935,
        53.995769971748814,
        31.44126377880457,
        31.915312435419764,
        30.54990428034216,
        74.7319615400047,
        61.87575258023571,
        1.0907786083116662,
        81.12950183794601,
        74.94557158072712,
        79.25739535992034,
        31.173757456766907,
        0.9083650117390789,
        5.102463407209143,
        4.184815057757078,
        0.9663862409070134,
        36.660930566024035,
        3.272587715939153,
        4.541043020493817,
        5.695718087838031,
        82.16076738465927,
        3.5235001462860964,
        76.1444915679167,
        17.06128263589926,
        14.648689958965406,
        49.93378066868172,
        -0.8105608195764944,
        23.780440661648754,
        5.851812054665061,
        79.87092757585924,
        0.32501054246677086,
        26.263145223114407,
        -2.2149678436107934,
        36.01142659403558,
        31.845342444314156,
        8.501538694414194,
        0.18087586760520935,
        81.08032820036169,
        7.160598824848421,
        64.6457770607085,
        72.89760898557142,
        75.02071724814596,
        1.317651461053174,
        24.535643143113703,
        0.0025845294585451484,
        24.17466222733492,
        4.328129113593604,
        79.80383593647275,
        13.530056331830565,
        61.27764019620372,
        49.33360144458129,
        61.20497259424883,
        27.80182998449891,
        46.656824107223656,
        2.9744141353294253,
        78.23271767591359,
        7.955476103234105,
        29.82268272107467,
        73.67694272653898,
        70.68514356925152,
        66.685161251924,
        30.677580231247703,
        25.293281607911922,
        47.26882768404903,
        1.4294129289046396,
        8.282985277997795,
        1.7925614500418305,
        34.21918909298256,
        35.95752140734112,
        60.05089931131806,
        78.04314133233856,
        10.422997548943385,
        31.179875841538887,
        39.72308694009553,
        4.932251946156612,
        73.75857485906454,
        2.530354863149114,
        1.1941327978274785,
        7.122103243484162,
        4.460401946125785,
        18.01540827716235,
        76.02652895351639,
        -2.048837593756616,
        5.754212861007545,
        69.46062095364323,
        7.627487182500772,
        62.31781023458461,
        61.72287902771495,
        3.757242282386869,
        47.83621615258744,
        77.00273413065588,
        5.812518258346245,
        2.0302795313473325,
        10.312839010643074,
