{
    "hyperparameters": {
        "learning_rate": 0.0003,
        "discount_factor": 0.99,
        "epsilon": 0.1,
        "gae_lambda": 0.95,
        "value_function_coef": 0.5,
        "num_episodes": 300,
        "num_epochs": 10,
        "batch_size": 64,
        "horizon": 512,
        "entropy_coefficient_init": 0.1,
        "entropy_coefficient_target": 0.01,
        "entropy_coefficient_const": 0.01,
        "entropy_decay_steps": 100000
    },
    "run_configs": {
        "agent": "PPOBETA",
        "environment": "ADVANCED",
        "entropy_setting": "FIXED",
        "plotting_setting": "REWARDS_AND_TRACK_DISTANCE",
        "zero_brake": false,
        "automatic_restart": false,
        "use_existing_model": "20230710_130904.644_model",
        "save_as_onnx_model": false,
        "seed": 7
    },
    "episodes_reward_data": [
        -0.007854950381442904,
        3.6105621628521476,
        13.61577769278665,
        52.401583866681904,
        39.157088727282826,
        30.052176677709213,
        60.369193077873206,
        4.175640800574911,
        3.6329531482770108,
        68.10660179983824,
        52.25391519675031,
        57.816322089754976,
        53.59772677253932,
        37.6241048068332,
        6.0383604545204435,
        59.34617828432238,
        23.242660635514767,
        5.68686937057646,
        35.517366003390634,
        16.847213080589427,
        4.379834609862883,
        31.951279911285383,
        35.043979090376524,
        54.80178963433718,
        5.753922183386749,
        23.910741381463595,
        35.65142003734945,
        -1.9918121760711074,
        46.38527658942621,
        101.39748143669567,
        42.132633804751094,
        5.128211740520783,
        3.7645254344679415,
        70.29974841000512,
        47.11161926182103,
        56.51219628343824,
        43.556259307661094,
        -0.07647184282541275,
        113.86723685261677,
        42.12384773558006,
        41.67811806034297,
        23.04683671798557,
        65.42301238764776,
        45.42103072642931,
        32.745887292257976,
        49.6164970532991,
        67.03633551686653,
        47.75028175767511,
        24.726836208312307,
        37.128779258579016,
        99.54256336837716,
        115.09177254408132,
        63.57509466158808,
        115.19195107097039,
        78.12287080212263,
        64.03115650219843,
        126.64589554769918,
        4.734686868570861,
        49.74606336437864,
        42.35021519832662,
        45.32632367068436,
        46.24163304560352,
        77.22486789079267,
        14.130312051158398,
        84.92701077630045,
        11.581823055268615,
        63.05863684625365,
        46.50169635110069,
        45.36896068044007,
        73.81634322181344,
        10.372831885673804,
        73.9777256140369,
        21.64127035997808,
        70.63582355217659,
        80.03643178950006,
        119.94733916007681,
        129.28544947173214,
        46.922141987248324,
        143.25553689477965,
        69.23965024849167,
        94.93278113567794,
        71.49628024321282,
        59.54091130103916,
        13.138655133836437,
        34.791512381867506,
        119.2664893992478,
        54.431138791900594,
        52.637952515739016,
        52.04028655336879,
        64.64646043034736,
        2.7535372329875827,
        13.009305755418609,
        115.1477356092073,
        24.582444874482462,
        9.79926246929972,
        44.625446520978585,
        63.02490957122063,
        67.42926165182143,
        66.82066510268487,
        48.87925170222297,
        51.39719206257723,
        14.311984572792426,
        18.875843731773784,
        114.62119842326501,
        34.85655027226312,
        70.93968501011841,
        -5.392681527882814,
        151.6511064999504,
        80.93416034612164,
        53.31227460264927,
        21.903871533082565,
        22.176997160480823,
        104.62267955410061,
        147.31692723886226,
        42.42646175227128,
        89.58082596730674,
        91.48928874285048,
        37.656030394136906,
        52.93721250677481,
        8.095753291388974,
        76.53115969209466,
        49.93232971400721,
        62.318612357776146,
        35.213697359198704,
        108.10176600897103,
        93.4837033173535,
        62.75950886629289,
        18.751619894523174,
        34.04055669042282,
        7.890912768460112,
        0.4205106385052204,
        21.942186525600846,
        44.986212666961364,
        37.3807546668686,
        96.81856092441012,
        50.41714174346998,
        119.57315103540896,
        42.36656929302262,
        20.296378828119487,
        35.973793937359005,
        158.68875966395717,
        77.15533408976626,
        44.385447376116645,
        101.8263732935884,
        35.27476043533534,
        0.14538315311074257,
        59.241219248156995,
        51.19563037136686,
        0.9073635768145323,
        102.14850683166878,
        7.286040940540261,
        78.67058081240975,
        18.29688764101593,
        44.880323534540366,
        108.4770395324449,
        96.78782259282889,
        76.36533791426336,
        16.120974889956415,
        18.765607773792,
        39.71530153765343,
        61.00163703056751,
        20.309604351525195,
        118.07260296618915,
        106.04224770212022,
        22.181976339314133,
        45.97882252978161,
        97.17412957636407,
        74.1065927518066,
        150.1067625061478,
        120.99278886298998,
        148.87743940387736,
        0.20814839750528336,
        101.4301570453681,
        178.24539029451262,
        143.87368235480972,
        48.87295607989654,
        94.37008393855649,
        101.35707927157637,
        8.282546107220696,
        17.822953077033162,
        19.351353191770613,
        105.58293440952548,
        57.985836605745135,
        43.95871623256244,
        128.50710092511144,
        40.18258935213089,
        148.0681985441188,
        62.61860981050995,
        20.291828134970274,
        17.329292396942037,
        88.7829024400562,
        50.47440095208003,
        167.61993603761948,
        59.06671328574885,
        19.987461619544774,
        -7.648113747593015,
        18.417912437114865,
        110.05932674254291,
        60.58902249112725,
        47.52126024593599,
        111.82707383244997,
        99.06799868575763,
        116.62104052811628,
        106.84603067836724,
        16.1327438428998,
        56.96430236240849,
        50.81541429666686,
        126.87158474719035,
        7.259097709757043,
        105.56288880429929,
        55.7857746850932,
        58.87688072316814,
        107.57872482994571,
        46.00593017041683,
        72.98528469496523,
        83.44649166433373,
        99.76432222851145,
        85.66971734326216,
        17.49222385356552,
        76.87609208817594,
        84.24680890299351,
        54.91559514403343,
        93.33468144654762,
        61.14651356040849,
        165.23775873644627,
        170.75291682343232,
        99.50726463779574,
        18.317465271335095,
        42.528716200147755,
        183.60731552111974,
        13.468365646025632,
        189.3752113482915,
        107.0515865108755,
        5.015277723083273,
        190.46686205858714,
        72.44702348121791,
        98.51263230781478,
        179.11170454369858,
        16.995213604997844,
        99.246762897179,
        5.8820610266702715,
        166.22776573695592,
        84.91540606628405,
        42.35476851090789,
        198.8257084707002,
        55.16729115808266,
        40.943225101567805,
        150.92155565115536,
        171.02215434331447,
        94.59400689401082,
        90.95817880885443,
        55.69846991027589,
        4.70350732357474,
        18.366479826159775,
        59.35211316077039,
        79.15201883713598,
        18.645892096450552,
        44.55595994833857,
        157.88632451929152,
        144.93672598875128,
