{
    "hyperparameters": {
        "learning_rate": 0.0003,
        "discount_factor": 0.99,
        "epsilon": 0.1,
        "gae_lambda": 0.95,
        "value_function_coef": 0.5,
        "num_episodes": 300,
        "num_epochs": 10,
        "batch_size": 64,
        "horizon": 512,
        "entropy_coefficient_init": 0.1,
        "entropy_coefficient_target": 0.01,
        "entropy_coefficient_const": 0.01,
        "entropy_decay_steps": 100000
    },
    "run_configs": {
        "agent": "PPOBETA",
        "environment": "RIGHTTURN",
        "entropy_setting": "SCHEDULED",
        "plotting_setting": "REWARDS_AND_TRACK_DISTANCE",
        "zero_brake": false,
        "automatic_restart": false,
        "use_existing_model": "20230709_121341.764_model",
        "save_as_onnx_model": false,
        "seed": 111
    },
    "episodes_reward_data": [
        72.98534397227922,
        59.907061715901364,
        84.52511105565645,
        58.77080150472466,
        73.32368219544878,
        78.33055165989208,
        61.50576927390648,
        76.94388671831985,
        55.40621450485196,
        57.57983418973163,
        49.34857466048561,
        57.858939951926004,
        76.04191176677705,
        54.302347567267134,
        54.86203997672419,
        35.217800557787996,
        57.60044806438964,
        54.25531938447966,
        57.97564053861424,
        24.27979295590194,
        44.669251482526306,
        57.99409459796152,
        49.19873617310077,
        58.00731286834343,
        57.67840213343152,
        42.38454119930975,
        55.96955123459338,
        19.94978592035477,
        50.089161757117836,
        55.94107236061245,
        32.98283760860795,
        -9.683942036877852,
        29.099284775089473,
        43.48954270622926,
        21.33412082734867,
        21.443124233570416,
        55.01696859468939,
        14.323927062010625,
        44.116338780928345,
        29.671820423282043,
        43.89871496242995,
        53.168458592292154,
        38.01564438350033,
        53.33945672409027,
        8.13723226240836,
        36.22102560719941,
        12.98433558868419,
        57.054903129916056,
        23.722338261723053,
        7.563439888646826,
        51.857545989179926,
        22.620480921650596,
        -13.350098338938551,
        56.41749788605375,
        -8.008377323654713,
        18.187692411302123,
        9.014816307229921,
        -18.34369510121178,
        54.077661527677265,
        29.42946655821288,
        43.90985041139356,
        -3.8942946839670185,
        6.461216248048004,
        -13.82440192845388,
        13.134863879298791,
        28.536075033713132,
        12.535594442626461,
        20.147812081617303,
        12.650649995623098,
        23.833459234650945,
        -15.681430793512845,
        20.682118294178508,
        6.64343130638008,
        -2.973633795103524,
        44.4234434577229,
        25.882869763561757,
        -2.8468020895379595,
        -10.434981957434502,
        14.225124496828357,
        -3.1580121337319724,
        -21.351724254578585,
        -6.48902626655763,
        -16.910104035574477,
        -11.678280077758245,
        -5.243372384742543,
        -5.7340717839833815,
        -31.27565969416173,
        -3.3925033695122693,
        -18.916845020430628,
        -14.445809891622048,
        -21.008167130232323,
        -1.2776763688889332,
        -9.663456088368548,
        -22.29054597040522,
        -21.352664132602513,
        -2.4881333268858725,
        -26.126760876504704,
        -3.024695379375771,
        -3.601358343177708,
        -1.2098833916679723,
        -4.088984784051718,
        -17.509294037357904,
        -2.590291928820079,
        -2.7958719713496976,
        -16.88886391374399,
        -1.8587435767403804,
        -3.1328310735552805,
        -4.856212013866752,
        -16.81538492895197,
        -12.257768379029585,
        -8.69740102349897,
        -4.1986067862890195,
        -8.123833492660196,
        -9.901428600132931,
        3.20140845264541,
        -23.573967429925688,
        23.12197644074331,
        -3.7887976533384062,
        -13.206433172977995,
        -3.2224370295589324,
        -4.632093486434314,
        13.600756140585872,
        -4.441045757819666,
        -3.116430250229314,
        -2.4529451640846673,
        -3.615871457470348,
        -25.51748160115676,
        -6.254010848584585,
        -23.429292794666253,
        -4.8213169879309135,
        -2.6188578146975487,
        -11.88384293654235,
        -4.62215465362533,
        -8.488421476227813,
        1.1052568633967894,
        -8.665634406133904,
        -25.038139367621625,
        -35.40927476697834,
        -2.912486760134925,
        -20.638124357559718,
        -25.594468634109944,
        -3.3844891111948527,
        -3.0325415971165057,
        -4.313746144238394,
        -12.211468477384187,
        -7.952981586684473,
        -14.9513130998821,
        -34.26504519942682,
        -18.51289034273941,
        -3.919239782888326,
        -3.119173665487324,
        -3.3041740095359273,
        -1.8993751221423736,
        -2.3309403483144706,
        -3.385938709747279,
        -10.345338799532328,
        -2.9961365609779023,
        -1.871341177742579,
        -7.175526655977592,
        -3.4938145551423077,
        -29.86951009510085,
        -3.512533763423562,
        -2.0620171863993164,
        -3.0648551481135655,
        -4.973269483351032,
        -3.7322424259473337,
        -2.225676182511961,
        -22.021407995955087,
        -28.41163587445044,
        -3.8429054593725596,
        4.069564400968375,
        -6.33800197794335,
        -17.40957025886746,
        -2.684059858787805,
        -3.6206704813230317,
        -10.936153340619057,
        -3.2296137858065777,
        -1.6914748327544658,
        -3.466540153429378,
        -4.956504650603165,
        -3.6499472466966836,
        -10.456085776735563,
        -3.5326609429030214,
        5.777382054016925,
        -3.8055538996995892,
        -1.3716265153634595,
        -11.575977453496307,
        -19.147042760887416,
        -3.327431481477106,
        -4.374751774557808,
        -10.090328677222715,
        -2.1726064616668737,
        -4.781272970751161,
        -11.17143145087175,
        -16.031735781063617,
        -3.889476054464467,
        -4.316229766816832,
        -6.058255165771698,
        -8.928610668997862,
        -2.06378831564507,
        -6.267406548737199,
        -16.382124594878405,
        -5.367915733848349,
        -8.17064024087449,
        -2.5335648035397753,
        -3.096399740432389,
        -4.188493197900243,
        -11.89414028036117,
        -4.324439674295718,
        -2.2515956286806613,
        -6.128165266367432,
        -3.8158744529646356,
        -20.902617148531135,
        -3.5983442801079946,
        -3.63784797405242,
        -2.9619667700026184,
        -24.299488318618387,
        -2.957380188861862,
        -18.208776190847857,
        -12.841489220387302,
        -3.2890536094273557,
        -3.862301532062702,
        -1.908427449525334,
        -2.814340433687903,
        -3.2359940645110328,
        -3.8226845254248474,
        -2.955128915113164,
        -2.902170798435691,
        -4.200394682527985,
        -2.2840123398345895,
        -5.443462743271084,
        -10.289188185837702,
        -7.4491872530416,
        -2.2237748949992238,
        -1.9443725815217476,
        -3.025098385012825,
        -3.1813432111230213,
        -28.037487484019948,
        -10.060031333588995,
        -0.15094193658296717,
        -3.511694609944243,
        -10.94098529292387,
        -4.374352183745941,
        -6.80991300943424,
        -11.71175675932318,
        -9.8878116947526,
        -16.558905714715365,
        -8.38248649664456,
        -5.052142312051728,
        -4.8935361669864506,
        -11.246628181601409,
        -11.154841593001038,
        -11.493926045804983,
        -31.70840482384665,
