{
    "hyperparameters": {
        "learning_rate": 0.0003,
        "discount_factor": 0.99,
        "epsilon": 0.1,
        "gae_lambda": 0.95,
        "value_function_coef": 0.5,
        "num_episodes": 300,
        "num_epochs": 10,
        "batch_size": 64,
        "horizon": 512,
        "entropy_coefficient_init": 0.1,
        "entropy_coefficient_target": 0.01,
        "entropy_coefficient_const": 0.01,
        "entropy_decay_steps": 100000
    },
    "run_configs": {
        "agent": "PPOBETA",
        "environment": "ORIGINAL",
        "entropy_setting": "SCHEDULED",
        "plotting_setting": "REWARDS_AND_TRACK_DISTANCE",
        "zero_brake": false,
        "automatic_restart": false,
        "use_existing_model": "",
        "save_as_onnx_model": false,
        "seed": 42
    },
    "episodes_reward_data": [
        9.401819748265552,
        0.3161088190972805,
        1.8296286616969155,
        2.571591928077396,
        -2.6074975929877837,
        -1.746421225485392,
        7.0299898896118975,
        0.12799870845628902,
        0.09379584534326568,
        6.486309352767421,
        2.988366584526375,
        0.5114786166232079,
        -0.39745537569979206,
        3.7122889236197807,
        0.8246165665623266,
        -0.020580096941557713,
        2.4243604653747752,
        16.603984681220027,
        0.6367239021346904,
        -0.34616266126249684,
        5.637228968320414,
        0.7848978310648818,
        0.5852958760806359,
        8.022570920846192,
        13.194784580875421,
        0.08688671118579805,
        25.087928436376387,
        4.203808916441631,
        4.023506716679549,
        0.9719112743623555,
        11.03710984151985,
        6.484807220316725,
        10.830571143393172,
        -0.8285522408841643,
        3.5603748942376114,
        3.7309057303646114,
        9.507424980693031,
        5.47496867767768,
        10.136718504683813,
        27.045590024470584,
        2.660863786644768,
        5.567084697133396,
        39.3486367566511,
        3.581713052233681,
        51.92796497422387,
        92.72289068822283,
        19.846047282306245,
        30.188495906913886,
        1.097447637032019,
        29.5083214485785,
        23.22965320321964,
        68.27214252174599,
        19.138237982755527,
        172.62001093663275,
        92.82409897469915,
        204.45383052494435,
        23.74465130576573,
        113.82411551117548,
        201.23341868113494,
        122.09070811739366,
        208.54415921230247,
        204.6921760430996,
        217.64967508707196,
        231.02753044085694,
        34.136683703582094,
        54.817427022295306,
        231.59071376739303,
        212.4034370231093,
        217.45876733527984,
        214.53023798312643,
        52.44267496466637,
        211.87583443208132,
        137.51862676726887,
        213.59466136299307,
        76.51458465241012,
        18.750295834615827,
        215.89475683739875,
        197.93065940205997,
        207.47575909280567,
        203.0263504209288,
        213.38311384170083,
        191.60419214772992,
        212.1280645414954,
        193.27558994780702,
        203.04250342218438,
        180.93656532223395,
        203.52249701868277,
        194.2523293348786,
        189.79533309000544,
        99.87184710538713,
        216.30717242107494,
        58.95435851061484,
        71.67325171700213,
        206.1677773039264,
        182.18686354823876,
        201.95672443282092,
        184.95591224491363,
        176.96952833568503,
        23.564959063805873,
        59.63686394225806,
        191.46459449504619,
        190.3483932640811,
        188.86008954572026,
        190.45389516165596,
        179.82730453286786,
        130.0159199180198,
        175.0640466578625,
        175.7261399193667,
        179.0217888338957,
        182.0366264093318,
        177.64932468591724,
        177.0745963032532,
        184.57023609514,
        158.3789327283157,
        104.45818705795682,
        165.9743741977727,
        192.45626728003845,
        181.61612155787589,
        183.45718298009888,
        182.28645136303385,
        172.1239601339912,
        203.0753907695762,
        24.585684502031654,
        194.22039359086193,
        181.30644556938205,
        171.67154214545735,
        195.80540691548958,
        200.88181378523586,
        202.0043151526479,
        121.7451951479743,
        197.35136196308304,
        144.19138305584784,
        180.3478623470437,
        201.98382759062224,
        204.73789730475983,
        166.67244037776254,
        209.10357069101883,
        141.20609234826406,
        206.68716192845022,
        198.77227325135027,
        207.61805650396855,
        200.97323513415176,
        204.96358000054897,
        202.44213484498323,
        219.9161751888314,
        219.51979497127468,
        220.54180039092898,
        215.69152821271564,
        140.0897422877024,
        205.9549079642311,
        213.422756851156,
        207.3068102983234,
        209.46551268946496,
        79.1002774941735,
        216.7948442500783,
        195.02378466899972,
        216.9948540591431,
        215.05915494685178,
        214.22301689063897,
        220.0597433769144,
        227.2034987025545,
        224.70085960462893,
        230.75938741552818,
        231.1781976595521,
        163.56410539291392,
        230.85780311870622,
        226.66878217079648,
        227.51467658045294,
        229.89894549868768,
        149.30127707659267,
        166.72159421816468,
        226.99108029608033,
        109.58498783493997,
        229.0174208853132,
        216.7189705848141,
        235.66431079963513,
        228.16244773633662,
        141.6038052783406,
        226.17475884106534,
        143.88000468460086,
        39.307258703505795,
        229.46288616053062,
        47.89963895281835,
        223.69390721514355,
        230.67659022740554,
        195.8668368704457,
        228.20966483314987,
        27.676310102746356,
        230.35469522951462,
        61.210101927805226,
        228.33731134361005,
        234.8726647097501,
        109.02060725635965,
        86.28887903719442,
        229.04140171369363,
        228.3291354200046,
        227.06656852251035,
        99.05952028122556,
        9.158542200777447,
        10.167035378079163,
        235.40776544366963,
        14.328872585465433,
        232.46800116746454,
        232.38242627328145,
        234.52565328827768,
        234.99675141449552,
        239.08006445941282,
        173.7702486908238,
        171.1046193493239,
        233.5725728758116,
        234.19122395839076,
        225.90957236866234,
        17.745559654955287,
        54.51010285629309,
        217.67576441843994,
        222.44936641366803,
        230.7566686909122,
        226.28450907894876,
        228.90131993270188,
        220.22358559825807,
        24.05028291157214,
        230.65971385128796,
        230.27006825259014,
        21.6359797862533,
        237.8582097630424,
        232.56761182582704,
        168.01809988242167,
        238.89803228860546,
        87.69688628904987,
        243.43606626518886,
        244.06482449008035,
        238.28565802195226,
        243.43814561556792,
        123.04784622148145,
        219.27274082470103,
        16.639401489286683,
        241.78205895694555,
        176.71573516374337,
        245.62358476611553,
        246.0918671519612,
        63.69323972641723,
        185.31843417836353,
        194.13009315129602,
        76.45740976085654,
        81.63597797181137,
        245.50334375925013,
        204.12535499269143,
        240.22214283709764,
        236.12500916307908,
        239.04556433213293,
        236.61235945826047,
        240.52494351085625,
        141.56348274568154,
        246.11021117253404,
        243.89227237389423,
        161.80325554433512,
        250.09088502117083,
        185.96289096056717,
