{
    "hyperparameters": {
        "learning_rate": 0.0003,
        "discount_factor": 0.99,
        "epsilon": 0.1,
        "gae_lambda": 0.95,
        "value_function_coef": 0.5,
        "num_episodes": 300,
        "num_epochs": 10,
        "batch_size": 64,
        "horizon": 512,
        "entropy_coefficient_init": 0.1,
        "entropy_coefficient_target": 0.01,
        "entropy_coefficient_const": 0.01,
        "entropy_decay_steps": 100000
    },
    "run_configs": {
        "agent": "PPOBETA",
        "environment": "CURVES",
        "entropy_setting": "FIXED",
        "plotting_setting": "REWARDS_AND_TRACK_DISTANCE",
        "zero_brake": false,
        "automatic_restart": false,
        "use_existing_model": "20230709_121341.764_model",
        "save_as_onnx_model": false,
        "seed": 3
    },
    "episodes_reward_data": [
        -2.868140352133196,
        16.401945291727316,
        3.4533567895559827,
        4.939903361402685,
        -0.08141182316467166,
        1.8696209274639841,
        0.4740447615040466,
        4.1442107570183,
        2.0683349198661745,
        7.600291476104758,
        25.484208611480426,
        2.2247909361030906,
        4.714732599968556,
        2.0822561450186186,
        5.212828866002383,
        2.7452850633999333,
        4.484941893111682,
        -1.7477499378146604,
        7.04678572085686,
        10.3546969507006,
        2.8730739909078693,
        9.026442118629348,
        19.65803270257311,
        8.365749955322826,
        -3.1015215152292512,
        15.146323859167751,
        21.489852745551616,
        1.4498356839176267,
        8.282906811946305,
        8.703155890922062,
        0.3035701688640984,
        6.741153155453503,
        24.507832827221137,
        -2.289369475620333,
        4.739919900661334,
        3.7518294935580343,
        -1.2982598951202817,
        3.3219316174509004,
        4.181264030135935,
        12.773398688412271,
        8.128533040959155,
        25.727186787349638,
        4.8051863317377865,
        -1.0961776673793793,
        1.4047548399539664,
        -0.4767757816007361,
        1.073524594597984,
        4.231879487924743,
        -1.1827941730734892,
        0.13619156880304217,
        10.989316381019307,
        17.746809659874998,
        -2.430195451946929,
        5.239791473330115,
        21.917063552129548,
        -1.9355026447447017,
        2.101618353626691,
        5.851964198605856,
        27.167897010047454,
        -2.0792386318789795,
        4.469978219392942,
        9.196150277392007,
        1.3554304493009113,
        0.3194542200653814,
        20.486912709660828,
        0.5245785737060942,
        3.0706511048483662,
        17.288251035439316,
        19.976415543584153,
        21.0909127125924,
        35.014337332278956,
        0.62578353472054,
        2.029721916944254,
        3.9592789573944174,
        14.044880767673021,
        5.065370282827644,
        18.95337958977325,
        -0.5060163809685037,
        7.10915839576046,
        49.01719208568102,
        6.612731147441082,
        20.90448435387225,
        17.11860994657036,
        2.5517849536263384,
        10.944935875944793,
        4.238097660010681,
        4.085177934728563,
        28.118212804198265,
        3.0974927261122502,
        32.369410811777925,
        13.709700766165042,
        8.522480288607767,
        0.35824902611784637,
        6.00283026562829,
        -6.9220868643024005,
        2.062276648270199,
        23.100377252616454,
        29.176961979363114,
        7.533664437709376,
        6.13277390904841,
        -2.477827147813514,
        2.503249373403378,
        -1.619390327949077,
        31.713555848808028,
        30.89837599801831,
        49.87150939996354,
        44.48981150065083,
        7.503606179612689,
        7.124985108093824,
        6.427554178459104,
        3.0529421870596707,
        37.877150114276446,
        38.59145515819546,
        4.2785858029383235,
        39.268615154287545,
        3.742743400594918,
        52.923719016020186,
        8.980949869262986,
        17.499079404689837,
        14.962869211682118,
        22.2589145291131,
        9.191054482624168,
        -1.714702470577322,
        14.048813283239724,
        40.8801313850272,
        46.488647599180695,
        57.83873456926085,
        43.88122986932285,
        39.100523634813726,
        41.76570271461969,
        52.59525853462401,
        56.19810707870056,
        20.08318150357809,
        49.07483692554524,
        57.000872606935445,
        34.23606930131791,
        50.12301064981148,
        48.80661326722475,
        2.259681198222097,
        58.31573579169344,
        48.44553334370721,
        8.556751866650302,
        10.793028099345975,
        55.244269675400574,
        58.23963619337883,
        58.741712334158365,
        28.8905061656842,
        49.91696918429807,
        70.99153889453737,
        62.48749575583497,
        19.989264620293397,
        55.96475148858735,
        56.79440552077722,
        59.88719451287761,
        55.67432530422229,
        46.0415903092362,
        5.838291582767852,
        48.60744345316198,
        63.812218859326094,
        1.3863323344558012,
        59.4088257761905,
        48.82850991451414,
        -0.19570930465124547,
        52.0713931338978,
        20.677063998242375,
        -0.5964822318637744,
        30.688610398734454,
        25.45529254496796,
        70.90952335609472,
        6.416061388386879,
        53.91797408944694,
        29.669938737744815,
        66.47970390311093,
        48.141877568355994,
        29.16696001094533,
        63.09596206014976,
        13.352942591765895,
        56.551973814552184,
        62.21801151824184,
        47.99413178884424,
        3.752374189265538,
        -0.8767492660554126,
        58.81205553325708,
        17.78593015577644,
        1.5902865446114447,
        59.785444013541564,
        7.077955819782801,
        56.67693303184933,
        56.397026709571946,
        52.39409953763243,
        61.279537167574745,
        6.1436706059321295,
        74.5102127554128,
        56.12334058553097,
        53.5530062323669,
        66.1376993576996,
        47.999908106343355,
        67.64333264005836,
        24.65063090622425,
        56.11286028876202,
        33.07929229532601,
        62.08160830073757,
        8.771055597171653,
        3.3994006116554374,
        59.56788651854731,
        42.82740303786704,
        51.745319908019155,
        55.32955449772999,
        57.56997826724546,
        51.08146839379333,
        66.80706629776978,
        44.77494675479829,
        59.53759321424877,
        53.0216541843256,
        54.23871109695756,
        55.50154555035988,
        34.16158266432467,
        0.5598737411201,
        45.824381017067935,
        16.56938646733761,
        54.08455460422556,
        52.804277459334116,
        54.314504409907386,
        48.3256003218703,
        4.035848223109497,
        62.26491589099169,
        56.369024348969106,
        51.744018140627304,
        5.90266348386649,
        57.21421007422032,
        37.42671358783264,
        7.916724866518052,
        21.74062325921841,
        22.71947592071956,
        6.901658672082704,
        8.051834700076142,
        30.173785470920848,
        45.50519254815299,
        21.583733977226075,
        5.348679322065436,
        34.066324468905805,
        43.508946722897235,
        44.555948671884835,
        39.3148449488217,
        47.733132948575076,
        0.2704864005499985,
        54.96269491032581,
        0.8612798189278692,
        36.82259015116142,
        12.675966644863365,
        36.341542685055174,
        48.14740235824138,
        22.453525288263336,
        49.823195189703256,
        51.45154743641615,
        41.96739668157534,
        54.270012297609355,
        61.98890871263575,
        22.85049592802534,
        51.13346904562786,
