{
    "hyperparameters": {
        "learning_rate": 0.0003,
        "discount_factor": 0.99,
        "epsilon": 0.1,
        "gae_lambda": 0.95,
        "value_function_coef": 0.5,
        "num_episodes": 300,
        "num_epochs": 10,
        "batch_size": 64,
        "horizon": 512,
        "entropy_coefficient_init": 0.1,
        "entropy_coefficient_target": 0.01,
        "entropy_coefficient_const": 0.01,
        "entropy_decay_steps": 100000
    },
    "run_configs": {
        "agent": "PPOBETA",
        "environment": "CURVES",
        "entropy_setting": "FIXED",
        "plotting_setting": "REWARDS_AND_TRACK_DISTANCE",
        "zero_brake": false,
        "automatic_restart": false,
        "use_existing_model": "20230709_121341.764_model",
        "save_as_onnx_model": false,
        "seed": 4
    },
    "episodes_reward_data": [
        0.9454318559728563,
        0.9213469222886488,
        8.671982995583676,
        0.7617132728919387,
        7.046509210253134,
        -3.295607423526235,
        0.4186746816849336,
        0.889657853753306,
        2.505840075260494,
        4.130779711995274,
        3.9719813381088898,
        6.616894404578488,
        5.086004832468461,
        5.066173593746498,
        1.1041988758079242,
        2.565377473307308,
        4.622201607358875,
        -2.8682957338751294,
        5.012423838576069,
        -0.5514036477543414,
        -0.6509692695690319,
        1.4026934739085846,
        4.019416379596805,
        19.955896925064735,
        26.160159394610673,
        2.330426858388819,
        7.007609062711708,
        0.36356318974867463,
        0.872732908494072,
        -0.11998558446066454,
        1.4765234861697536,
        0.6960705862147734,
        7.449474910914432,
        2.7706331210501958,
        8.425756335665938,
        -0.1530540903331712,
        8.647088291618275,
        5.9406810262589715,
        -0.4278977225185372,
        -1.1227131179184653,
        5.198607084661489,
        1.5211387067101896,
        2.5193000313011,
        6.516601819865173,
        2.0362616782076657,
        -3.5864017215790227,
        10.373142658252618,
        3.88117473674356,
        12.752118983597029,
        26.88143786182627,
        -3.747450599737931,
        -0.29743157495977357,
        4.48667499361909,
        24.130660088034347,
        0.08522834233008325,
        6.126930848316988,
        1.0603468236513436,
        1.6945742659445386,
        -1.522708012489602,
        -0.10469393141102046,
        0.5778759986278601,
        0.11389283981407061,
        7.8492192362609785,
        25.55086409521755,
        8.102924165868899,
        5.858968026353978,
        -0.8976418502861634,
        8.10862611597986,
        19.15907976089511,
        4.397809679736383,
        12.142532974336063,
        5.052149134746287,
        2.759539980906993,
        25.022174187819473,
        3.9529005526710534,
        9.732804224069696,
        3.5591710373410024,
        14.742454644292593,
        3.7990147434175014,
        0.015663979022065178,
        4.261357320094248,
        52.571060928399675,
        0.5318162098992616,
        25.220873730781022,
        3.688928794959793,
        -1.3798093671211973,
        11.026799280371051,
        5.125444268254796,
        28.209839184302837,
        4.253596898342948,
        6.6304763314838056,
        -1.0078313429257832,
        8.312499011517502,
        2.900862593553029,
        51.050280548632145,
        25.02761068759719,
        25.84027728450019,
        2.1037993239588104,
        1.7526596132083796,
        5.6963425925932825,
        7.01778951351298,
        26.030597196659073,
        32.48852423945209,
        32.96357237192569,
        11.331180360284634,
        54.244844821310835,
        10.128361001843587,
        24.884814668563195,
        2.6194954953389242,
        4.436525431228802,
        2.407575896359049,
        8.92459452454932,
        33.174612020433415,
        18.476559911097866,
        36.752363608407904,
        7.401536126199062,
        26.44075807207264,
        23.11395518737845,
        30.49740699119866,
        22.258972991403425,
        25.1721359154908,
        51.567417955899145,
        36.25251267457497,
        9.777593366743531,
        33.98802778322715,
        5.219617224123795,
        53.63794032952865,
        -0.011364880425389856,
        0.8668232922209427,
        25.16036120278295,
        11.771806137403473,
        50.03224843973294,
        51.37526554297074,
        53.84739764954429,
        28.834245054749772,
        62.40794959710911,
        28.86435204790905,
        49.44597851508297,
        0.45365466841030866,
        1.1264159468119033,
        64.70068593043834,
        44.46711467433488,
        2.875276390463114,
        -0.41494935072842054,
        57.53103833307978,
        53.60415429301793,
        18.782419624039903,
        -3.383768015773967,
        2.495247888553422,
        20.18263887206558,
        41.136549397575436,
        11.63038636179408,
        18.71996865537949,
        62.147305273945676,
        52.06510979839368,
        56.85902501735836,
        -0.678024142049253,
        62.21293943581986,
        11.571033820160665,
        3.6159365813073236,
        54.28001983341528,
        1.0019605619600043,
        54.4535411480465,
        54.37614575494081,
        0.4593949834816158,
        15.38600520446198,
        52.59393970987003,
        52.39907783473609,
        47.21626238850877,
        5.2570891919313,
        59.74410787675879,
        2.917899767518975,
        67.90930178522831,
        62.64929422875866,
        30.729188057186548,
        57.98443895287346,
        18.187452864833176,
        56.26338180851599,
        68.27407075674273,
        2.3658145357621834,
        78.3104278302635,
        66.8371077014599,
        19.284039714955725,
        12.18198379164096,
        42.6685766717128,
        58.48289978795219,
        70.0148906367831,
        71.07530934116221,
        63.64675451209769,
        67.52966231049504,
        56.180799002497224,
        61.397584475111216,
        26.658151286072098,
        66.74290127883432,
        60.95013809320517,
        2.9764489576919004,
        2.761851680872496,
        66.54709948186064,
        20.933973249746487,
        59.67223913935595,
        70.4479579886538,
        59.59239380946383,
        24.657599005964585,
        34.57406567852013,
        68.08769456500886,
        8.004557179665426,
        52.98225718192407,
        70.17875591659686,
        67.85921279521426,
        71.67354897400946,
        62.101264430675656,
        22.817438729805872,
        65.71642494649859,
        70.23302410589531,
        2.877417135925498,
        -2.9057151489541866,
        51.65531897498295,
        66.20650570638827,
        62.78480663849041,
        72.7607831263449,
        69.36651094997069,
        78.61002301075496,
        81.98929170594783,
        76.23203887254931,
        73.20561269659083,
        70.4741721553728,
        69.42052511416841,
        63.61704804474721,
        68.6082507816609,
        71.44546288705897,
        26.860056639648974,
        71.72764953994192,
        53.782987230224535,
        70.20947774639353,
        72.91540961427381,
        78.07920668937732,
        69.50951181491837,
        28.769202615949325,
        1.377153225359507,
        65.92756041199027,
        5.815795763308415,
        72.57512141863117,
        69.15798321651528,
        80.01584254292538,
        79.462101942976,
        73.31707960058702,
        -1.911617289064452,
        77.58544777380303,
        81.41527918842621,
        4.238117851462448,
        78.00467839086195,
        78.49182103417115,
        35.21931941877119,
        12.520663906470872,
        83.8332505148137,
        1.3035880053648725,
        71.33434792701155,
        26.311062066350132,
        56.62121866771486,
        3.383705668587936,
