{
    "hyperparameters": {
        "learning_rate": 0.001,
        "discount_factor": 0.99,
        "epsilon": 0.1,
        "gae_lambda": 0.95,
        "value_function_coef": 0.5,
        "num_episodes": 300,
        "num_epochs": 10,
        "batch_size": 64,
        "horizon": 512,
        "entropy_coefficient_init": 0.1,
        "entropy_coefficient_target": 0.01,
        "entropy_coefficient_const": 0.01,
        "entropy_decay_steps": 100000
    },
    "run_configs": {
        "agent": "PPOBETA",
        "environment": "ORIGINAL",
        "entropy_setting": "FIXED",
        "plotting_setting": "REWARDS_AND_TRACK_DISTANCE",
        "zero_brake": false,
        "automatic_restart": false,
        "use_existing_model": "",
        "save_as_onnx_model": false,
        "seed": 123
    },
    "episodes_reward_data": [
        2.0137261495692655,
        0.3743454558425583,
        -0.3674988815037068,
        1.5855798830161802,
        -0.2739760623953771,
        7.510992585317581,
        0.780376581067685,
        2.459860159404343,
        2.03560464119073,
        1.456175212166272,
        1.5379300164058805,
        2.166768089897232,
        -1.849093074502889,
        3.606052701972658,
        7.0685103967553005,
        1.926312149502337,
        -0.15284250158583745,
        -1.2349886207957752,
        0.2448499113379512,
        2.813613882433856,
        0.3315880911395652,
        -2.7157383257726906,
        0.628489536466077,
        9.324703986123495,
        -1.5482103993563214,
        5.888081894256175,
        0.40074604336405173,
        0.968918705417309,
        7.735039559891447,
        -3.640024220410851,
        3.3180693355971016,
        -0.7810630913299974,
        -2.317453559822752,
        -0.5121121774063795,
        1.1270625043543987,
        -0.6448427504510619,
        -1.3198348647274543,
        -2.8005686533870175,
        0.1978467762382934,
        -0.2359060825256165,
        0.5031057971937116,
        -0.48502505928627215,
        6.513213915925007,
        0.7246449029480573,
        18.059477138071088,
        -1.983274076716043,
        1.5489370604627766,
        1.0768761733052088,
        0.09931391199643258,
        -0.2157759464753326,
        2.117233877594117,
        1.0544294364517555,
        10.520030263782246,
        1.988955588924,
        0.41582561809627805,
        3.082296845910605,
        3.4727238200430293,
        2.3014658254687674,
        2.4631429516593926,
        6.6924718302470865,
        1.769537319050869,
        8.737423939419386,
        1.1428849384537898,
        0.5811016331426799,
        2.9317353894293774,
        0.2930522945243865,
        5.021271914767567,
        30.948429040479823,
        7.4415775748493616,
        9.605143147149647,
        17.05966790925595,
        5.836552791384747,
        2.1565555292763747,
        -1.9561643590568565,
        31.46790446070372,
        46.898056520323735,
        76.30590923814452,
        59.39979320956627,
        1.9180952066963073,
        12.344654039887246,
        1.280688979444676,
        24.55230863741599,
        9.425412708864314,
        4.354258235776797,
        17.98886366917577,
        11.793409522942966,
        21.483030596078606,
        20.22940743561776,
        65.35894479294075,
        183.05123019765597,
        176.3912523020408,
        134.5731083744322,
        86.72979359587771,
        202.62873756937915,
        169.47152362717316,
        33.179379979439545,
        219.43357973566162,
        212.3684089309536,
        -0.18666331828717375,
        220.5304674221261,
        220.16851516836323,
        33.15159299952211,
        224.8765897223493,
        10.651980707596522,
        224.57745923052425,
        45.096790900453925,
        23.021150040760403,
        224.9258487616753,
        17.87371356796939,
        102.81780235734186,
        219.97386257827748,
        224.88452186775976,
        217.30007768902578,
        197.50655197247397,
        229.17608213878702,
        21.06084993391414,
        92.04869309620699,
        228.09991471747344,
        84.65578148164786,
        47.508069081857684,
        21.125867998809554,
        227.04182923547341,
        233.52854825055692,
        12.759898653719574,
        239.995949342323,
        170.42214994708775,
        68.71431976858003,
        80.64782416362141,
        220.55872328035184,
        11.975395835564996,
        222.47931227796653,
        228.3809787544742,
        229.9603980432439,
        74.762512124551,
        232.2047875187127,
        105.9947257568856,
        41.739193484245334,
        9.09225678689836,
        232.80229635711294,
        62.81484819178877,
        192.96469231361698,
        45.44895444816211,
        231.92067684646463,
        179.24266707453353,
        14.161840874243353,
        221.30795865760592,
        220.0377720037941,
        217.9079290527152,
        5.405079492484219,
        207.6770449928299,
        156.47406338417204,
        220.1136085583712,
        210.18900521591422,
        210.42342313332483,
        5.624715319398092,
        212.35125286589755,
        137.89931029092986,
        205.35406591216451,
        221.65392673363385,
        126.77903012189199,
        212.933932238142,
        212.0344640166004,
        204.02195154927904,
        216.64999027064187,
        151.88151495695638,
        222.99763395410264,
        44.49965078639798,
        217.3887704936351,
        220.49472844562843,
        212.9833159011905,
        204.57322365307482,
        233.15333154343534,
        169.4157311328745,
        41.81947443942772,
        226.56960493778752,
        228.90911989827873,
        230.44151089365187,
        201.7042555386215,
        229.45787132059922,
        52.333838746737456,
        231.9051130357111,
        220.51111226313515,
        233.95942838076735,
        235.525470750581,
        61.68337845773203,
        231.17414881681907,
        235.79484326549573,
        150.3141642123519,
        231.63226797617972,
        230.1172395576432,
        222.68710703742545,
        229.08547130748047,
        69.549060138801,
        136.0139604363867,
        153.02042440223158,
        177.70901684902492,
        225.2990738767985,
        122.0781206098618,
        228.25977648620028,
        228.5891106276831,
        226.7239460523997,
        105.39834238132607,
        79.48635992055642,
        154.0305911054893,
        39.338024121767376,
        75.75432606687536,
        212.4244329633948,
        210.29284171614563,
        67.58841351041337,
        184.7210876973695,
        225.32943365100073,
        230.03873221753747,
        175.3959807324427,
        234.91840677900473,
        154.234532006667,
        52.25645433913451,
        237.84449732623762,
        56.26892756286543,
        99.38635856962355,
        84.23445325008652,
        36.51718797645299,
        70.70406308215752,
        44.631907813367434,
        147.39776846853783,
        224.93717428480159,
        57.35367019836849,
        8.507602767233038,
        223.58313745872874,
        221.56394944398198,
        175.51843177183764,
        228.9810770201875,
        117.55100358574418,
        219.84787705341296,
        208.96356551040662,
        232.7351985429559,
        12.796717043791432,
        235.94321013818262,
        241.87753357097972,
        65.44465993062477,
        64.5762317853223,
        232.1620673083744,
        84.1639256272465,
        66.42866707064968,
        235.04839791252743,
        237.3289242007886,
        232.33569059468573,
        231.28476398112252,
        236.60940504592145,
        237.0959132008138,
        238.42603163671447,
        235.22726697544567,
        46.967054861364886,
        243.35421069088625,
        126.6870206239837,
        240.62969535478624,
        236.41133920429274,
        236.91822344233515,
        238.0247135856771,
        242.00999991662684,
