{
    "hyperparameters": {
        "learning_rate": 0.0003,
        "discount_factor": 0.99,
        "epsilon": 0.1,
        "gae_lambda": 0.95,
        "value_function_coef": 0.5,
        "num_episodes": 300,
        "num_epochs": 10,
        "batch_size": 64,
        "horizon": 512,
        "entropy_coefficient_init": 0.1,
        "entropy_coefficient_target": 0.01,
        "entropy_coefficient_const": 0.01,
        "entropy_decay_steps": 100000
    },
    "run_configs": {
        "agent": "PPOBETA",
        "environment": "CURVES",
        "entropy_setting": "FIXED",
        "plotting_setting": "REWARDS_AND_TRACK_DISTANCE",
        "zero_brake": false,
        "automatic_restart": false,
        "use_existing_model": "20230709_121341.764_model",
        "save_as_onnx_model": false,
        "seed": 2
    },
    "episodes_reward_data": [
        13.155421876581386,
        0.019391551351873204,
        0.26696782413637266,
        0.3302645423391368,
        5.397886298305821,
        0.28147901786724105,
        0.7649596039555036,
        0.4547583834209945,
        0.7861757323844358,
        -1.7746138160582632,
        -0.16845455835573375,
        7.028386244623107,
        2.6352136665955186,
        0.029703627718845382,
        7.277889030840015,
        2.4596205465495586,
        2.8957932078046724,
        8.434011425357312,
        1.5227925759973004,
        5.3737432184570935,
        -0.42148573172744364,
        1.583028917259071,
        1.8345516923000105,
        1.9135949853807688,
        -0.0935966542456299,
        -1.9341815950465389,
        4.191946826700587,
        -1.9103335735853761,
        -1.9836439189966768,
        0.04715617705369368,
        2.565943831432378,
        -1.8547651182161644,
        -0.35572119924472645,
        1.1967482071486302,
        5.965300925890915,
        0.3205323987349402,
        1.2346241236664355,
        -1.9851085665286519,
        -1.1228787648142315,
        -2.7400071747833863,
        17.406427859183168,
        6.237228164507542,
        3.5889319705893286,
        -1.1310278752353042,
        -1.5213193263916764,
        2.96927583910292,
        5.700577486597467,
        2.892039392492734,
        2.681193551979959,
        0.9285221649333835,
        3.078631437092554,
        5.393063814379275,
        -3.0472046036156826,
        0.5373584949411452,
        -1.9160881593998056,
        -1.8791301328747068,
        5.210255430196412,
        2.971716762520373,
        -0.008157586446031928,
        6.981195578002371,
        0.2904392267228104,
        1.8310090387240052,
        -0.15189852192997932,
        2.514514492941089,
        3.82912776368903,
        0.04280275336350314,
        0.45634843071457,
        0.08090443469700404,
        3.118927603820339,
        6.586526439816225,
        -0.45684398387675174,
        1.8969595535309054,
        1.0444870525971055,
        5.858099006640259,
        2.2393573289737105,
        6.60496483668976,
        2.6609016926959157,
        -0.7243447482469492,
        -2.2808366076787934,
        -2.2588006142759696,
        2.322920695616631,
        5.782495961058885,
        1.2220168493222445,
        2.985892647120636,
        6.794499323819764,
        0.5495499147800729,
        0.12958980561234057,
        5.916794573771767,
        1.325141490495298,
        0.9530381828080863,
        1.1725821402505971,
        3.979750934668118,
        -0.37131953274365515,
        2.4634064186247997,
        -0.12116042815614492,
        4.152844938536873,
        0.2750282083579805,
        0.33767763094510883,
        2.850245916109998,
        1.614249161852058,
        2.429897053167224,
        -3.6458111155079678,
        -1.0157114182366058,
        -0.6474518394097686,
        1.6134640479285736,
        6.702067192643881,
        1.3485169742489234,
        11.14796342610498,
        -1.3776032224704977,
        2.4656595895648934,
        25.43453673244221,
        18.23782787611708,
        0.7998953632777557,
        0.8536305122543126,
        2.2418274438823573,
        0.15836616879096255,
        8.964455348730553,
        -2.5854055553209037,
        7.589521074987715,
        7.229911822330905,
        -1.6136866997694597,
        5.303941793245031,
        -3.0874093513702974,
        1.1110945722903125,
        -1.2620762391597964,
        1.5151613764464855,
        3.729239430918824,
        7.178765850956552,
        -2.571379082859494,
        -2.4491264200478327,
        2.4258001109410543,
        -5.4829711058409885,
        7.208232408534968,
        0.12096412511891685,
        3.0755486633861437,
        -0.4744865428074263,
        0.6239161002449691,
        4.287871451524552,
        -1.7041024913196452,
        8.713201241014758,
        0.5725032180780545,
        -1.356397033581743,
        7.647167746239575,
        0.16883485345169902,
        2.1063487530627754,
        2.851905781571986,
        2.097084353736136,
        5.457365013309754,
        5.376572483219206,
        1.2736108335084282,
        -2.428318257792853,
        0.052136561076622456,
        2.893178898084443,
        1.6498788836179301,
        19.789778877049685,
        -3.8157010327558964,
        11.136168054770678,
        -1.2321983954170719,
        -1.4921881915070117,
        1.1098931625310797,
        1.2751412619254552,
        -0.7799204252078198,
        2.657256818783935,
        10.8917420017533,
        -0.3874434630270116,
        0.736963454837678,
        3.7426618335593957,
        -0.6955731930211186,
        -1.1815961676766165,
        7.649476579128532,
        22.34796884522075,
        2.701381282793591,
        5.066255003519473,
        3.595144346181769,
        5.70385093180812,
        -1.8916908802930266,
        3.3779317828884814,
        -0.8751517329947092,
        -0.8743423857958987,
        10.860079739941284,
        4.217499819234945,
        11.234920102229808,
        -2.0326730627566576,
        1.4383511812484358,
        42.71134954848094,
        8.13192845750018,
        -2.450083484611241,
        4.683470359130297,
        9.045977965433849,
        0.1640247669420205,
        2.5079561395104975,
        2.222646547248587,
        4.901749929122161,
        -0.3030654198373668,
        6.109572020941414,
        2.9229832957789768,
        3.068665826751385,
        6.884725470663398,
        4.672464946110267,
        7.454867942840792,
        -1.2245318880304694,
        5.289126599469455,
        19.577528400404844,
        18.20321019346011,
        3.1189980523486156,
        10.324959453602787,
        -7.068833291530609,
        4.680722540884744,
        17.132315380556975,
        18.11310901583056,
        3.9663344118744135,
        7.987890314994729,
        5.229987431666814,
        4.3370144961518236,
        8.062826815235894,
        0.6176279020728543,
        8.644407016981859,
        17.0007547850837,
        3.10365548345726,
        0.6507059027499054,
        1.6017930177622475,
        2.157289650058374,
        3.7430529840639792,
        23.581663083750755,
        0.04256497835740447,
        0.164054153021425,
        5.727304049039958,
        31.719064028497087,
        22.064445785799762,
        2.634708535828395,
        2.026745763258077,
        -1.5032189194462262,
        6.074591299286112,
        -3.7301135806483217,
        0.7827699956833385,
        56.58096571289934,
        20.910496283264365,
        2.7103474650066346,
        1.1710333557566628,
        3.686355446698144,
        2.749301413685316,
        47.546055597485974,
        11.377017702368903,
        1.7350017081480473,
        3.12707467720611,
        4.123049984627869,
        5.8307750594831305,
        18.338738437509164,
        42.415298503939994,
        3.051700820098631,
        46.296417155186646,
        10.465923886396922,
        20.513734864711296,
        43.4713650024496,
        41.13726770860376,
        6.784952856163727,
