{
    "hyperparameters": {
        "learning_rate": 0.0003,
        "discount_factor": 0.99,
        "epsilon": 0.1,
        "gae_lambda": 0.95,
        "value_function_coef": 0.5,
        "num_episodes": 300,
        "num_epochs": 10,
        "batch_size": 64,
        "horizon": 512,
        "entropy_coefficient_init": 0.1,
        "entropy_coefficient_target": 0.01,
        "entropy_coefficient_const": 0.01,
        "entropy_decay_steps": 100000
    },
    "run_configs": {
        "agent": "PPO",
        "environment": "ADVANCED",
        "entropy_setting": "FIXED",
        "plotting_setting": "REWARDS_AND_TRACK_DISTANCE",
        "zero_brake": false,
        "automatic_restart": false
    },
    "episodes_reward_data": [
        -12.1352506109979,
        -3.6788358110934496,
        -0.4973584290710278,
        -3.8102882140374277,
        -1.2357391737168655,
        0.018764018182992004,
        -2.962348665460013,
        0.5894771460443735,
        -4.172362157434691,
        0.643184092710726,
        -1.2972308742100722,
        -0.5527434376999736,
        2.013339381548576,
        -1.453373848402407,
        -8.685800408304203,
        0.08835752337472513,
        2.4729648030770477,
        -0.48220132099231705,
        -0.7828167375409976,
        -0.4662992640660377,
        -1.4049075091388659,
        2.0908417441823985,
        7.254211516279611,
        -0.04594066645950079,
        4.109918328787899,
        -1.5425372147001326,
        0.3619347529747756,
        2.53463327861391,
        0.7103910232835915,
        8.613931800995488,
        11.932662776118377,
        2.2232145493035205,
        2.2039031616877764,
        2.687142447568476,
        1.409327257599216,
        0.7425161004066467,
        3.939021798214526,
        1.2465787337569054,
        1.409514805782237,
        2.453199784649769,
        -0.41925665036251303,
        -0.4892711508582579,
        -6.40962887799833,
        1.570643768645823,
        2.449685078114271,
        -0.7828440133744152,
        4.397875950642629,
        18.23609023957397,
        0.34502721145690884,
        1.962146644029417,
        -0.8562598502030596,
        -2.5686781040858477,
        2.0437027528241742,
        0.9573101675196085,
        1.6124275693437085,
        -1.6582595581712667,
        3.2346976211410947,
        10.927130667216261,
        -0.6667346321046352,
        2.2175899783615023,
        1.0093423697035178,
        -0.07483172416687012,
        3.6457602365117054,
        -0.49017943287617527,
        1.8098762233857997,
        27.327679042573436,
        13.717592172732111,
        10.834848481230438,
        1.1483435556147015,
        2.154009199432039,
        7.94550861283642,
        14.641967445219052,
        15.720021523127798,
        12.866639911691891,
        7.941077454946935,
        5.008173929178156,
        9.890819774096599,
        13.545205795075162,
        13.224076045342372,
        13.954908023923053,
        -0.22528907856030855,
        2.157487763732206,
        22.100816495949402,
        2.635534822489717,
        19.396588933697785,
        15.113572699192446,
        1.6392233623191714,
        27.564372190274298,
        25.64395545575826,
        39.01578991068527,
        11.627042702632025,
        19.63056082178082,
        23.613010248809587,
        0.016108820214867592,
        30.561338113737293,
        9.383840485694236,
        13.759050584500073,
        6.053332442483224,
        20.556199938218924,
        20.389543143333867,
        -3.9549706345424056,
        17.034669676795602,
        62.695734909561,
        9.959403501910856,
        20.87808116717497,
        3.8241867956967326,
        13.577105964533985,
        0.7400197321549058,
        2.3948625956545584,
        48.15418492315803,
        4.540854723469238,
        4.040760001167655,
        43.77732610350358,
        17.040378720703302,
        0.23889716900885105,
        0.9365008920431137,
        8.10593828666606,
        5.471097025932977,
        8.497733717318624,
        41.403802532935515,
        35.222430618450744,
        7.70929833259288,
        29.056121952744434,
        25.770492182986345,
        0.44411468505859375,
        7.874485226304387,
        45.96495921909809,
        -0.7125737480819225,
        11.306638389811269,
        37.356319331680425,
        9.80032897280762,
        24.194051400219905,
        23.890132414584514,
        19.933673802617704,
        21.632786064379616,
        30.281327618751675,
        17.377122066449374,
        24.31325351804844,
        27.216037867459818,
        19.375238025691942,
        18.831619877993944,
        6.56553617065947,
        6.372315790489665,
        -1.9934552896302193,
        44.77642365734209,
        38.17318339343183,
        22.923784922233608,
        5.576948981615715,
        4.92198505954002,
        29.5982407894262,
        16.457837010690127,
        5.332054461352527,
        8.11808497988386,
        39.13150856574066,
        41.27867385675199,
        20.08799300994724,
        87.05502348547452,
        8.236736299295444,
        39.069663742149714,
        -8.525814935564995,
        36.509399921109434,
        9.61790404193016,
        32.29772459639935,
        25.44153902377002,
        9.179906910168938,
        10.334877208173566,
        2.2113807239220478,
        37.58502444517217,
        0.09499161224812269,
        -14.163838239619508,
        2.0204647832579212,
        4.9838664347844315,
        0.0365879200398922,
        25.036664538369223,
        29.650132998125628,
        86.28301590314368,
        16.340593366505345,
        27.82173316978151,
        0.17954054102301598,
        33.67547101629316,
        -6.6411982430145144,
        24.849321042827796,
        43.44031841440301,
        18.615220958861755,
        39.83812663558638,
        22.818237813698943,
        11.121221892433823,
        43.02291980109294,
        23.279067375027807,
        115.84122890944127,
        21.304328519414412,
        0.149021927267313,
        46.94935883511789,
        63.2306764278037,
        81.557560154768,
        67.784266309347,
        33.892691371409455,
        92.33411880377389,
        27.9235869278491,
        30.910214703413658,
        37.8162945171498,
        34.7386786043935,
        -0.5555691812187433,
        54.144132185334456,
        6.114933168661082,
        15.692152606323361,
        -3.0087416796013713,
        59.61491373825993,
        74.27213865017984,
        59.08164696741733,
        45.53619987284765,
        -0.006375595927238464,
        -9.583753339480609,
        116.20313177142816,
        44.795302474914934,
        -12.56334258010611,
        39.56321600420051,
        50.40984367788769,
        31.6734912127431,
        -13.577558630146086,
        21.751463283551857,
        58.201521474373294,
        40.27664659183938,
        13.309021894820035,
        18.85222761640034,
        31.04203809407045,
        90.6335120057629,
        41.095198848401196,
        12.694482824881561,
        38.05208230379503,
        22.03077524928085,
        93.25886879600876,
        65.41197075064701,
        56.964034009259194,
        105.93938049628923,
        5.068373929185327,
        21.38482345826924,
        -10.786319949344033,
        3.7699950418027584,
        161.203714885487,
        104.95289245742606,
        20.35105071144062,
        5.611553460708819,
        52.9257349295367,
        59.10973745854426,
        0.46192261576652527,
        5.2412530731235165,
        36.7042575069936,
        3.2791771776537644,
        60.05434188316576,
        40.353304021817166,
        16.095310495700687,
        17.939323364757,
        20.300370163386106,
        4.994517238745175,
        6.685811158109573,
        134.99685390864033,
        27.631004305032548,
        35.85475948362728,
        90.56900096406025,
        4.343719018812408,
        47.5005136631371,
