{
    "hyperparameters": {
        "learning_rate": 0.0003,
        "discount_factor": 0.99,
        "epsilon": 0.1,
        "gae_lambda": 0.95,
        "value_function_coef": 0.5,
        "num_episodes": 300,
        "num_epochs": 10,
        "batch_size": 64,
        "horizon": 512,
        "entropy_coefficient_init": 0.1,
        "entropy_coefficient_target": 0.01,
        "entropy_coefficient_const": 0.01,
        "entropy_decay_steps": 100000
    },
    "run_configs": {
        "agent": "PPOBETA",
        "environment": "ADVANCED",
        "entropy_setting": "FIXED",
        "plotting_setting": "REWARDS_AND_TRACK_DISTANCE",
        "zero_brake": false,
        "automatic_restart": false,
        "use_existing_model": "20230710_145000.274_model",
        "save_as_onnx_model": false,
        "seed": 1
    },
    "episodes_reward_data": [
        42.234954687650315,
        9.892931902169948,
        16.821826488521765,
        51.118442514532944,
        77.36038011845085,
        76.10213193486561,
        0.10553782619535923,
        18.710478531196713,
        29.028263000916922,
        42.78724022093229,
        6.712994571353192,
        25.013558220118284,
        81.11893380165566,
        3.305002319160849,
        15.09028551823576,
        16.823681121575646,
        7.3794444154409575,
        50.331007870903704,
        35.635864812880754,
        40.54299389856169,
        47.95321423563291,
        13.096239044331014,
        0.9915814702399075,
        38.83745279870345,
        28.058337761845905,
        6.527990822054562,
        39.76573411969002,
        11.26017504830088,
        102.78946727150469,
        20.366240780218504,
        15.321792483184254,
        40.79247114696773,
        14.51389474896132,
        22.734967534226598,
        59.88392234541243,
        17.034033738193102,
        55.31158515118295,
        174.7772759917425,
        48.125061329541495,
        35.433808285743,
        15.196169802802615,
        4.7710892742616124,
        18.8394812400511,
        15.915694842347875,
        15.442234011978144,
        6.069681141227193,
        89.05978016069275,
        16.910931738675572,
        49.82058154739207,
        8.387919320317451,
        12.347251674931613,
        6.541935270826798,
        82.59519015380647,
        12.530142995048664,
        14.841155603062361,
        0.043888915330171585,
        25.99333557614591,
        43.40715948812431,
        17.224838340247516,
        2.832028806384187,
        6.256068507602322,
        82.41476533864625,
        53.81982867351326,
        128.6127819949761,
        6.6149316465016454,
        32.535987465817016,
        34.40946196037112,
        24.6505318665877,
        93.02219742644229,
        105.17270273523172,
        -0.059256624430418015,
        4.375775135573349,
        83.44577017257689,
        34.90597009367775,
        60.85541412579914,
        40.909020888619125,
        71.38230533304159,
        29.506267992779613,
        20.743902287445962,
        10.182157468872902,
        4.8907123509270605,
        84.23745304974727,
        -0.07031063921749592,
        43.48525730901747,
        64.82315432353062,
        43.73873405827908,
        37.43308654346038,
        25.314581757513224,
        48.10978264233563,
        31.370570057653822,
        36.499792117625475,
        63.58836075254658,
        8.681217361801828,
        30.501875467045465,
        0.09002813510596752,
        10.433497629739577,
        49.964851106808055,
        32.56970183929661,
        6.8971240390092134,
        51.29801154357847,
        60.81768149980053,
        35.35613464657217,
        44.779396158468444,
        12.029324136223295,
        67.54868729916052,
        29.413962066202657,
        82.7389912060462,
        8.030743963186978,
        33.27701093023643,
        20.413806499447674,
        29.99239929029136,
        28.660281388903968,
        30.078816387453116,
        34.330262675648555,
        19.73000032734126,
        54.34014846899663,
        16.52662676430191,
        21.804525959931198,
        -0.05656643025577068,
        18.51920047349995,
        19.46084688974952,
        0.05825660936534405,
        137.12922538543353,
        42.212974137743004,
        4.431537238531746,
        18.8664950907405,
        19.98636168707162,
        49.67131234053522,
        41.502791067177895,
        13.738371769984951,
        56.18894501077011,
        0.06586024723947048,
        2.81888985306432,
        53.90723105461802,
        35.12996943015605,
        34.991788536310196,
        33.696805956657045,
        0.22410987317562103,
        35.374909405596554,
        28.414761426858604,
        18.239510686486028,
        20.907449063452077,
        53.47361742518842,
        21.21853420572006,
        32.09230457145895,
        29.99812112863583,
        25.129004899878055,
        85.9360263653798,
        49.441118518356234,
        53.72808377511683,
        42.3268835330382,
        8.207897919521201,
        60.33987001354399,
        9.728179000987438,
        22.683720414192067,
        29.53745376128063,
        10.964370735164266,
        11.985810301921447,
        10.933069147344213,
        41.43541636550799,
        39.42111292295158,
        24.979965914710192,
        90.13203642051667,
        84.21394916228019,
        92.90259602546575,
        43.88710683112731,
        11.68491431811708,
        62.987741263379576,
        82.36931411871046,
        44.02544505603146,
        -1.1199210034683347,
        51.07216499722563,
        9.423969099123497,
        50.03719655479654,
        60.78822944239073,
        65.3635851466679,
        84.52039202634478,
        66.54229035420576,
        10.369955620029941,
        81.26152233002358,
        88.5110578777967,
        -0.08117593824863434,
        57.54756016602914,
        40.60991611145437,
        93.3323702798516,
        76.39231208761339,
        10.512005586962914,
        9.213343789553619,
        88.42883305135183,
        27.825526964385062,
        95.41538384804153,
        171.4429153825913,
        106.66684555640677,
        45.906554470420815,
        96.0835696948925,
        16.592045756988227,
        25.454439389402978,
        29.538905442896066,
        30.896002068184316,
        79.53428165554942,
        45.65879229735583,
        116.6200573987444,
        8.287188745161984,
        10.03739158748067,
        30.36006009450648,
        19.65201496674854,
        0.44619034603238106,
        58.58704417315312,
        16.5230643300456,
        91.76997810319881,
        8.814633689209586,
        39.100987863726914,
        47.99273246410303,
        20.20182322067558,
        72.59416819011676,
        82.98672549735056,
        10.660518609409337,
        29.73773413109302,
        50.90851770248264,
        31.038348031244823,
        27.315782210891484,
        112.90395319560776,
        31.358649943955243,
        30.65847870914149,
        44.24212786962744,
        17.650515803747112,
        170.29386036042706,
        76.54895047750324,
        50.09313957820996,
        17.458085061371094,
        27.14476854610257,
        97.40442986198468,
        95.51939825812588,
        0.18924020789563656,
        57.15446264127968,
        79.2929151809949,
        61.094949687772896,
        46.1789710065641,
        32.750667240150506,
        72.64083975937683,
        5.3161739299830515,
        92.25481512525585,
        8.604602530554985,
        71.76818255685794,
        71.15473405070952,
        26.310955090186326,
        27.931430196367728,
        86.41209563449956,
        75.76540177421703,
        137.306024806574,
        95.41070257208776,
        42.04665884326096,
        9.327706172713079,
        -0.2172145750373602,
        51.82816722110147,
        39.61356807500124,
        75.67339652581722,
        7.6549083958962,
        161.2398883330752,
        80.26524299019366,
