{
    "hyperparameters": {
        "learning_rate": 0.001,
        "discount_factor": 0.99,
        "epsilon": 0.1,
        "gae_lambda": 0.95,
        "value_function_coef": 0.5,
        "num_episodes": 300,
        "num_epochs": 10,
        "batch_size": 64,
        "horizon": 512,
        "entropy_coefficient_init": 0.1,
        "entropy_coefficient_target": 0.01,
        "entropy_coefficient_const": 0.01,
        "entropy_decay_steps": 100000
    },
    "run_configs": {
        "agent": "PPOBETA",
        "environment": "ORIGINAL",
        "entropy_setting": "SCHEDULED",
        "plotting_setting": "REWARDS_AND_TRACK_DISTANCE",
        "zero_brake": false,
        "automatic_restart": false,
        "use_existing_model": "",
        "save_as_onnx_model": false,
        "seed": 123
    },
    "episodes_reward_data": [
        1.046985422144644,
        0.3751926740515046,
        -0.37370136607205495,
        1.6285873441956937,
        -0.27358546457253397,
        6.495232640358154,
        3.8582041033369023,
        -0.55231472075684,
        1.1161986560327932,
        6.7461596023640595,
        1.3018480768660083,
        0.06859001092379913,
        2.9749652651371434,
        3.4637168855406344,
        4.065932715951931,
        0.21312947000842541,
        4.844723244459601,
        -0.4504698930250015,
        0.5536875288526062,
        1.3458426369761582,
        -1.01356264691276,
        6.304212885457673,
        0.9894701378070749,
        3.084225058701122,
        0.5694075249339221,
        5.801105674065184,
        1.5397765845409594,
        -0.021492137748282403,
        2.770796982687898,
        0.6088589625869645,
        -0.7975547533133067,
        -0.06243875197833404,
        0.6712653806753224,
        0.2402062736073276,
        21.002427739585983,
        1.3032528678886592,
        -0.30283979017985985,
        -0.3140680838841945,
        2.135877048931434,
        0.012274188629817218,
        4.497248569736257,
        2.5360906816786155,
        3.457750079513062,
        1.1207161858765176,
        7.297349157146527,
        1.7353645008115564,
        2.7818259748164564,
        0.9317170251015341,
        -1.892814436534536,
        -2.5825986847339664,
        -1.2372079185734037,
        3.6384560497826897,
        -1.2645739538711496,
        -0.16452114525600336,
        0.6923907017917372,
        1.4046794032328762,
        1.4887676160142291,
        -2.687182666384615,
        0.26983817340806127,
        4.418494623700099,
        -0.8126711083314149,
        3.7378578995121643,
        -0.3744269827438984,
        1.5090494918404147,
        10.12740691768704,
        2.6170170305704232,
        3.9882996045053005,
        3.309476167371031,
        0.7165536029497162,
        3.670970919993124,
        -0.6397260494413786,
        6.540796242770739,
        -1.7995104677393101,
        36.61107217997778,
        14.584055306360824,
        2.8567652325727977,
        2.1956966455618385,
        2.701790193619672,
        6.004799957037903,
        20.828135074465536,
        2.1616841908253264,
        4.228627357893856,
        96.47392761832452,
        33.58448509182199,
        10.70157320049475,
        6.740670246188529,
        3.6555519219691632,
        102.72312064401922,
        176.9983347365196,
        154.9757851488248,
        126.95991881226655,
        20.318165281729307,
        209.10757349536289,
        69.17480055775377,
        209.66417923365952,
        216.58797825002694,
        225.4150877899956,
        158.65320047144633,
        162.41273674822878,
        227.19185926800128,
        229.36567886325065,
        68.47695053786447,
        229.29397577091004,
        220.93467975824024,
        220.9001385124866,
        213.64840972253296,
        219.01803038525395,
        221.1099906990421,
        123.40797259533429,
        220.43879749509506,
        215.22040214581648,
        101.62656882713782,
        96.00766954533174,
        33.92080798104871,
        212.3185073023633,
        181.0162428386975,
        215.51442447400768,
        203.40204740327317,
        204.6397297681251,
        210.51781734314864,
        218.442280399031,
        199.25985049048904,
        199.91002076526638,
        145.60159013174416,
        197.87649913867062,
        77.79974289346137,
        205.3758557215915,
        212.44874094164697,
        219.66059762838995,
        179.49951402099396,
        165.58778238249943,
        194.69737196926144,
        184.53295712164254,
        206.82302366007934,
        206.93607413460268,
        134.05578138006967,
        190.27355150465155,
        200.78671966434922,
        211.68850760335044,
        192.8133081884589,
        199.42742209881544,
        205.1043027220294,
        55.33301154448418,
        206.42030239597807,
        208.50403978311806,
        215.8194884278637,
        198.1913396568416,
        198.01024267220055,
        211.74512756586773,
        204.3333830961492,
        212.6311962218315,
        214.61383948122966,
        197.30860096178367,
        213.40293856471544,
        32.2565804462356,
        51.473558112978935,
        199.40371563710505,
        28.24350618972676,
        29.51337286271155,
        190.52258768951287,
        197.1799690357002,
        198.61266285961028,
        94.38736878822965,
        30.071290604013484,
        94.1791361196083,
        201.55152708601963,
        199.87903201789595,
        205.9163457145769,
        189.87462747484096,
        195.7824732286972,
        193.7731352696428,
        207.3660624009499,
        210.92618071864126,
        200.36823460058076,
        151.65881886475836,
        3.032683089899365,
        219.5462875199737,
        52.20335503609385,
        208.7920052257832,
        84.36942445969908,
        215.7792121018574,
        183.4345111665898,
        161.1760479165241,
        25.787751004711026,
        13.215761626139283,
        22.123436560767004,
        210.17953265433607,
        163.1019618656137,
        225.93474850443454,
        222.1717021916411,
        223.74043260366307,
        23.861569091677666,
        213.1866170510766,
        215.26472275718697,
        224.20680685300613,
        230.26887607043318,
        229.11244136205642,
        232.13400949571223,
        84.94958611240145,
        234.7121863688226,
        239.08538706581749,
        236.51998777937843,
        127.25161144961021,
        116.6789330327374,
        41.72121085962863,
        235.27847853145795,
        236.07345189597982,
        234.3274833498872,
        83.73720182786928,
        38.051751830862486,
        239.55393803227344,
        55.31014960395987,
        227.1836231599882,
        238.13150718351244,
        218.46250687539577,
        214.46571307472186,
        31.17830107518239,
        236.33153481874615,
        6.6667327613104135,
        17.599155490635894,
        104.47562055689923,
        92.5798134507495,
        50.0656352572114,
        156.69849645148497,
        9.324671363305242,
        143.40378830402915,
        102.21001918474212,
        33.810370474588126,
        130.72579119494185,
        237.68604170158505,
        22.143264275960973,
        50.2714329403243,
        233.4511151767947,
        224.16354125684302,
        15.60117740315036,
        186.17847799684387,
        193.5598667099548,
        107.10950161071378,
        230.53888268493756,
        235.0929501586943,
        72.11933758276427,
        192.08001130954653,
        212.51676880122977,
        62.0087591460906,
        228.78411575511564,
        231.6007104315504,
        232.09111576731084,
        232.23202627483988,
        183.55455722351326,
        232.8358343571599,
        233.1336875137058,
        214.135425928107,
        230.25182779086754,
        233.80700000809156,
        230.67412828029774,
        12.893028915539617,
        231.5901199260843,
        233.45681320532458,
