{
    "hyperparameters": {
        "learning_rate": 0.0003,
        "discount_factor": 0.99,
        "epsilon": 0.1,
        "gae_lambda": 0.95,
        "value_function_coef": 0.5,
        "num_episodes": 300,
        "num_epochs": 10,
        "batch_size": 64,
        "horizon": 512,
        "entropy_coefficient_init": 0.1,
        "entropy_coefficient_target": 0.01,
        "entropy_coefficient_const": 0.01,
        "entropy_decay_steps": 100000
    },
    "run_configs": {
        "agent": "PPOBETA",
        "environment": "CURVES",
        "entropy_setting": "FIXED",
        "plotting_setting": "REWARDS_AND_TRACK_DISTANCE",
        "zero_brake": false,
        "automatic_restart": false,
        "use_existing_model": "20230709_223257.422_model",
        "save_as_onnx_model": false,
        "seed": 123
    },
    "episodes_reward_data": [
        14.402653272176394,
        7.031803857535124,
        4.13267801789334,
        35.26333546129172,
        10.207088443741668,
        30.973971723520663,
        9.05470565269934,
        21.254352208401542,
        8.656262221658835,
        28.262084749992937,
        13.329731567471754,
        54.560981347982306,
        3.244782029360067,
        59.902108020032756,
        32.08479234130937,
        71.97231983375968,
        28.479330866772216,
        30.307008757910808,
        14.128994004044216,
        0.2509743212140165,
        3.550182804116048,
        52.8262389060983,
        6.318073796865065,
        27.509377512615174,
        4.908737709978595,
        32.542615069192834,
        3.373214574996382,
        -0.24634552089264616,
        24.143226761370897,
        1.781812652014196,
        9.676482987299096,
        27.112128323875368,
        0.07395858818199486,
        32.160599869006546,
        26.303153445012867,
        13.451969504763838,
        48.77626927301753,
        65.67793413883192,
        57.800201820238726,
        7.267581835971214,
        21.264842049218714,
        25.904467362939613,
        5.74158377625281,
        3.6306101704831235,
        22.17889020097209,
        56.35604978297488,
        -0.03675148777256254,
        52.240903576486744,
        69.53271312854486,
        55.108396559226094,
        55.94714708003448,
        58.94593445409555,
        57.844424273236655,
        65.37922944733873,
        47.21990207914496,
        -0.5613845121115446,
        21.24694420490414,
        50.03174202417722,
        4.37071425258182,
        65.70257274381584,
        0.18842614302411675,
        59.471593099762686,
        59.74793360295007,
        61.695699058589526,
        55.679719572886825,
        37.75128709629644,
        26.3271140345023,
        62.103952669742284,
        60.41016863490222,
        41.02863581746351,
        57.38371799772722,
        6.157671249122359,
        59.544503332697786,
        15.282800684333779,
        52.18331188231241,
        1.165215841087047,
        26.452678545523668,
        61.10372427449329,
        52.7475696868496,
        9.52379854011815,
        59.569739443890285,
        -1.1221377024194226,
        -0.2305589914903976,
        61.54496572888456,
        7.9569933315506205,
        64.67978074110579,
        56.12867124454351,
        42.35269388870802,
        0.35592517984332517,
        8.67148550262209,
        0.19470301095861942,
        59.32777669571806,
        24.016186070191907,
        57.52682547492441,
        58.883992622897495,
        28.724982623651158,
        22.984888463979587,
        28.58560189907439,
        0.7458381536998786,
        68.88106458586117,
        57.46164628204133,
        1.2527015807572752,
        68.89521854708437,
        69.6516791312024,
        23.30493845959427,
        70.26174360513687,
        10.420954758184962,
        2.3158737706253305,
        50.58471598097822,
        62.10735481677693,
        66.28592050942825,
        64.21712207683595,
        69.88777123915497,
        52.66117273186683,
        32.45173527303268,
        46.16893234066083,
        66.10793860728154,
        21.028773219382856,
        71.29699691580026,
        70.2718761805445,
        32.96249420725508,
        -0.8411985713755712,
        67.27776621561497,
        0.3885797392576933,
        72.84642884111963,
        61.23762004560558,
        71.42132583638886,
        16.02638659288641,
        37.29792697142693,
        35.92629655802739,
        33.47565538485651,
        47.505111796665005,
        31.95382892244379,
        75.25878436438506,
        38.99013415607624,
        53.30212809855584,
        44.55564525965019,
        54.667100351303816,
        8.093262733658776,
        7.209720604470931,
        63.506240413786145,
        47.895738641382195,
        50.92899167799624,
        37.046709971968085,
        23.54485496674897,
        50.50001049682032,
        45.07854283598135,
        22.112658107536845,
        79.38349092245335,
        8.612004502909258,
        76.26378895429661,
        80.15620423783548,
        0.20365155109902844,
        72.7700299032731,
        4.703568151628133,
        4.4945310790790245,
        5.497658243082697,
        67.19583769928431,
        1.4327637369860895,
        70.19443172996398,
        14.686597841966432,
        18.58528429758735,
        55.94865264755208,
        57.09178144033649,
        2.4251577759569045,
        29.44232098403154,
        23.36731943965424,
        78.47215129050892,
        -1.71665763144847,
        68.4906451277202,
        80.67414313764311,
        46.55284752801526,
        47.4060282476421,
        44.07947349199094,
        78.75645951760816,
        14.309470376581885,
        1.5736618691589683,
        4.435847037471831,
        64.69061347082607,
        34.55586968746502,
        72.63156794311362,
        71.47008393448777,
        76.99135915166698,
        10.003365599433891,
        82.99137606361182,
        24.152627482253592,
        39.288154025533004,
        63.47843182447832,
        13.749073414393933,
        22.522785846958868,
        33.33919056990999,
        23.629028106224723,
        33.600543179316446,
        72.15646281035151,
        79.00901233020704,
        11.627964310988318,
        14.712655231473036,
        29.7524837385281,
        12.03960498906963,
        3.248800715053221,
        -2.3668584532570094,
        75.91236322841723,
        -2.6405192957026884,
        67.00802187045338,
        75.56888483458897,
        74.9392763345968,
        54.33861565601546,
        66.65025037078885,
        76.371905046748,
        30.147750844305847,
        9.678506988304434,
        17.79265590556315,
        76.8897419362911,
        74.04185320966644,
        5.484062594419811,
        68.31734362035058,
        73.95786403413513,
        10.22493580164155,
        2.154731384245679,
        3.880964226962533,
        71.16231311205775,
        2.1911946132895537,
        1.3206531595205888,
        33.642150773404865,
        1.5469746920280159,
        74.74823229253525,
        7.9204309835331514,
        81.61997741740197,
        25.26038872252684,
        67.17651514809404,
        75.93769532290753,
        70.8154205326864,
        0.9645310969208367,
        40.16895721448236,
        5.134934552945197,
        25.96156126074493,
        67.27199502185977,
        65.73292825365206,
        71.27108165598474,
        24.319223747588694,
        78.64630380622111,
        1.8427289882674813,
        72.74963627938996,
        69.28250632662093,
        -0.036837799358181655,
        78.54914512735559,
        66.95252140314551,
        67.91744131880114,
        79.1188426715089,
        7.524756041413639,
        31.705333259131294,
        47.12645431602141,
        64.26516386351432,
        82.27719645982143,
        2.005462953762617,
        77.4554993143538,
        77.48816680940217,
        54.45730422710767,
        69.54763225413626,
        0.7220667857909575,
        10.205137618933804,
