{
    "hyperparameters": {
        "learning_rate": 0.0003,
        "discount_factor": 0.99,
        "epsilon": 0.1,
        "gae_lambda": 0.95,
        "value_function_coef": 0.5,
        "num_episodes": 300,
        "num_epochs": 10,
        "batch_size": 64,
        "horizon": 512,
        "entropy_coefficient_init": 0.1,
        "entropy_coefficient_target": 0.01,
        "entropy_coefficient_const": 0.01,
        "entropy_decay_steps": 100000
    },
    "run_configs": {
        "agent": "PPOBETA",
        "environment": "ORIGINAL",
        "entropy_setting": "FIXED",
        "plotting_setting": "REWARDS_AND_TRACK_DISTANCE",
        "zero_brake": false,
        "automatic_restart": false,
        "use_existing_model": "",
        "seed": 42
    },
    "episodes_reward_data": [
        9.583225503956783,
        0.41345117962919176,
        1.6552356416141265,
        2.8424113739310997,
        -2.5828424534847727,
        -1.7299671449582092,
        9.917176763497991,
        2.838138960170909,
        0.5311675486154854,
        6.524135369836586,
        2.386675511923386,
        2.0873351068003103,
        2.0256802279909607,
        3.414937862835359,
        1.1321460373001173,
        -1.7559420688121463,
        -0.7575656344124582,
        14.697724174824543,
        -1.1007078222974087,
        -1.9808392453487613,
        7.64390570280375,
        4.612916372832842,
        1.939280905178748,
        3.0794865333955386,
        -0.826951234601438,
        4.122009350336157,
        9.04281596193323,
        3.763669321371708,
        -0.06162492575822398,
        3.2947657559707295,
        8.69550973863079,
        5.005772613236331,
        5.952442855748814,
        3.6761673097644234,
        6.403025265666656,
        1.9687474717502482,
        0.44299346779007465,
        7.48092932900181,
        43.386644426267594,
        2.0738274824107066,
        4.304523685059394,
        19.334155597767676,
        3.208386841142783,
        34.01049821911147,
        4.846731293946505,
        11.464598844300781,
        5.526266666391166,
        0.15998885504086502,
        4.385483241712791,
        6.779991621064255,
        8.862329441413749,
        15.57711333676707,
        26.589567327522673,
        95.98231038736412,
        1.3924817160586827,
        62.58026626141509,
        192.90676923966384,
        12.692747067078017,
        199.56627981271595,
        10.584342555899639,
        50.570650380221196,
        202.24397673200292,
        186.7192718470469,
        25.763364265993005,
        57.58694106779876,
        83.46747764473548,
        213.1814745395095,
        229.09499421085638,
        38.90512354843668,
        222.88259856711375,
        24.94801443570759,
        46.663518295565154,
        99.08629317379382,
        84.60232032448403,
        96.26883731142152,
        166.66310296265874,
        148.4635071097,
        24.6223106472753,
        187.60627293576545,
        14.845756410330068,
        131.117145789176,
        238.25906370469602,
        53.20493862661533,
        43.89350718690548,
        17.56167638246552,
        235.53950530209113,
        72.19961829910608,
        137.6046983228298,
        226.85690648189484,
        68.68091153001296,
        122.39501273771748,
        3.736042654229095,
        229.19807386794128,
        232.09763024628774,
        29.75134871643968,
        198.5315255852911,
        74.69431024948426,
        45.07203946466325,
        227.57614093867596,
        228.79278892971342,
        66.9586608117097,
        123.16634010249982,
        65.4272708731296,
        236.76250811513455,
        240.50886646617437,
        68.82352467614692,
        69.57808179495623,
        131.57642088187276,
        216.86476876278175,
        236.884042656573,
        28.665407859080005,
        102.392211841885,
        94.2343765378755,
        232.53173345502,
        186.87707293053973,
        79.53861208164017,
        228.52559420868056,
        205.02328823774587,
        91.91021620831452,
        232.51628448389965,
        226.92029351665406,
        240.67617050511762,
        243.7734598454117,
        204.4121869583032,
        28.797552675998304,
        244.03486612986308,
        240.54061790922424,
        237.17967069073347,
        244.92167025714298,
        10.533361833309755,
        28.730656327592442,
        238.9441035206546,
        234.9892978737189,
        92.16836121334927,
        235.51693539239932,
        233.3828062559769,
        243.5051748759579,
        45.658582027535886,
        183.5762778853241,
        236.05873899372818,
        35.55374054003914,
        247.5337882374297,
        242.23654738470213,
        132.6423065138806,
        220.34320581126667,
        176.64325929875486,
        242.0012287698628,
        247.21340994595084,
        243.61575496161822,
        243.99283757800004,
        230.5942427990085,
        240.83212366778753,
        244.12842950609047,
        248.91684137040284,
        243.70217044700985,
        240.32658006163547,
        240.1698832458933,
        243.53923328767996,
        232.59659687444218,
        69.07863648509374,
        235.11559855141968,
        229.40866997421836,
        93.99726093286881,
        88.75293787615374,
        238.05947986833053,
        182.78772152712918,
        234.047225112663,
        240.0149842800165,
        242.9924565407564,
        244.728470803675,
        141.4015474920161,
        239.72275378197082,
        243.6239688040514,
        245.69815207243664,
        133.99902980829938,
        244.61896265723044,
        72.27311647543684,
        28.312475154263666,
        238.8408108187141,
        247.37965872434143,
        241.6675486159511,
        74.9155948908301,
        239.62790035281796,
        16.730329510290176,
        242.85377122907084,
        240.2756712840055,
        243.62067682108318,
        64.23267730191583,
        62.703655239856744,
        245.47537169689895,
        12.912571972061414,
        95.55432254722109,
        245.20440693962155,
        248.3975259908184,
        45.99742330732988,
        42.761998001267784,
        26.000494525243994,
        239.0773692800285,
        243.0142597334343,
        240.09323948102974,
        233.17713672506216,
        237.9767537470325,
        243.5476585451397,
        241.727921345504,
        242.5529621160822,
        26.04278147831792,
        243.117929574335,
        242.48403924625018,
        247.03218878737243,
        45.92765507596778,
        196.374251556932,
        105.88630911440123,
        91.47940275222936,
        112.70560688624391,
        204.6660951529484,
        27.042541938018985,
        216.97471639847208,
        236.60231663030572,
        239.30001074555912,
        244.7947477446869,
        240.50886991867446,
        110.16317017877009,
        242.20554865020677,
        24.772187649447005,
        173.3501945367898,
        111.20441581023624,
        70.44335568015231,
        238.60105825716164,
        231.19892964191968,
        194.1812674071989,
        149.2425329897378,
        71.16777107905364,
        134.22589742379205,
        236.21318581000378,
        182.04340455454076,
        237.2890273967787,
        240.47971882653655,
        242.18536656045762,
        81.71564385751844,
        246.3567090543802,
        245.75864048552467,
        74.8442679636646,
        62.03287250876019,
        65.38926415517926,
        20.444296242465498,
        242.87711959070293,
        235.43203500122763,
        237.98901729646605,
        241.0950042608165,
        131.46182300016517,
        241.65737472678302,
        196.3364183937374,
        245.9253102268558,
        250.85295238747494,
        228.86926679802127,
        236.95050924132374,
        232.19681208170368,
        242.9411335780169,
        47.89091630332405,
        231.7370257511502,
        238.21222075291735,
        234.59187577130797,
