{
    "hyperparameters": {
        "learning_rate": 0.0003,
        "discount_factor": 0.99,
        "epsilon": 0.1,
        "gae_lambda": 0.95,
        "value_function_coef": 0.5,
        "num_episodes": 300,
        "num_epochs": 10,
        "batch_size": 64,
        "horizon": 512,
        "entropy_coefficient_init": 0.1,
        "entropy_coefficient_target": 0.01,
        "entropy_coefficient_const": 0.01,
        "entropy_decay_steps": 100000
    },
    "run_configs": {
        "agent": "PPOBETA",
        "environment": "CURVES",
        "entropy_setting": "FIXED",
        "plotting_setting": "REWARDS_AND_TRACK_DISTANCE",
        "zero_brake": false,
        "automatic_restart": false,
        "use_existing_model": "",
        "save_as_onnx_model": false,
        "seed": 2
    },
    "episodes_reward_data": [
        -5.768576034228317,
        -10.116495744790882,
        -0.08994862920371816,
        3.4415745598089416,
        -2.654412734147627,
        -3.4820921529317275,
        -10.189232410688419,
        -4.771316981932614,
        -5.988248856039718,
        -2.4572644197614864,
        -2.9086166797787882,
        0.5302667851356091,
        0.3024401694419794,
        -3.293115089647472,
        -0.620091448770836,
        0.0005896564689464867,
        0.8840793066774495,
        -1.7352937556570396,
        -0.36046178155811504,
        0.03864079067716375,
        -2.341611633542925,
        0.5032237292616628,
        0.30245175980962813,
        1.6274584626662545,
        0.7598312629852444,
        -2.7806827352032997,
        1.3481741656141821,
        -0.6228529084473848,
        1.574486149707809,
        1.2110004887799732,
        0.909949299733853,
        1.8963375649182126,
        -0.8168365156743675,
        -0.09332613757578656,
        -1.4553283192799427,
        2.0203169817687012,
        -0.9115284280851483,
        -0.11800692207179964,
        3.8918489976786077,
        -0.5742501844651997,
        0.3500174118671566,
        2.4312122520641424,
        -2.6246354878530838,
        -1.24565938411979,
        -4.74372869063518,
        0.009981158829759806,
        1.0690501085919095,
        0.11481383114005439,
        -0.5540897784521803,
        -0.43015962006757036,
        -1.4590389233198948,
        -1.0018014910456259,
        0.19154636043822393,
        3.290067128604278,
        -0.21293942432384938,
        3.52258626796538,
        1.8124461178376805,
        3.7229916866344865,
        0.23326004610862583,
        -0.4574955874704756,
        2.910971109115053,
        -0.4220033847668674,
        1.366435381991323,
        0.32845031889155507,
        7.923708627407905,
        -0.6651919356081635,
        -0.048394678480690345,
        -1.696479404286947,
        1.6689635523071047,
        0.7943576643883716,
        -0.8660091318015475,
        -0.5825896275346167,
        0.17035435291472822,
        1.8401173976017162,
        0.6693965710001066,
        0.22837874962715432,
        0.5684211616171524,
        0.3202678750967607,
        1.3203674743999727,
        0.8569356187654193,
        -0.144416772731347,
        1.6956200663698837,
        1.042487253434956,
        0.7668077475973405,
        2.157999264803948,
        0.7583149139245506,
        3.000969718035776,
        2.014201742509613,
        -1.4181091951322742,
        0.18250379798701033,
        3.5815144648368005,
        1.5571975969651248,
        2.02200521811028,
        1.992920301912818,
        0.13451829028781503,
        0.06942925596376881,
        2.755390108912252,
        -0.9274693120678421,
        0.9926027525216341,
        2.137849316583015,
        0.07642929896246642,
        2.6965822390047833,
        1.6508458961034194,
        0.019997542607598007,
        0.9909872708230978,
        0.5024490950163454,
        2.079771967139095,
        -0.1493040946079418,
        1.7433106756361667,
        2.089924254163634,
        1.3440617949527223,
        1.1895215620752424,
        1.5866120736172888,
        -0.8817938930296805,
        -0.3228992309886962,
        0.7281759540201165,
        -0.15170245856279507,
        -0.22576961637241766,
        0.2997122296656016,
        -0.23770969157340005,
        1.166873653884977,
        2.882745304843411,
        -0.5035611623898149,
        1.085473704035394,
        -0.7497163884690963,
        0.4314448345103301,
        1.4357011682586744,
        0.11853347148280591,
        1.2317423454951495,
        0.25294871599180624,
        2.2253570129105356,
        3.9624969030264765,
        1.0733254923834465,
        -0.35397435852792114,
        3.4625651027890854,
        1.0125168647500686,
        1.032515168102691,
        1.8072033029748127,
        2.327817647892516,
        0.7091586551396176,
        1.2560247206129134,
        0.6569829285144806,
        2.6331910055014305,
        -0.48562397639034316,
        2.361305380502017,
        1.5976869441801682,
        0.6117328631517012,
        -2.6077964536380023,
        1.097249100683257,
        -1.2833589355577715,
        0.5508817351947073,
        -0.25446330397971906,
        6.934375006676419,
        -0.3666179575957358,
        6.406559408205794,
        -0.2837675168993883,
        3.6759016311261803,
        6.782506308809388,
        1.7229012374882586,
        2.1693820293876342,
        1.5477497064275667,
        1.1646803077310324,
        -2.2506267297430895,
        1.7305399821780156,
        0.3084594268584624,
        -1.3082693460164592,
        8.996612122457009,
        2.4959902180708013,
        1.8005724000977352,
        -0.9981906277535018,
        1.1097738763783127,
        3.560327758284984,
        2.664977977357921,
        -0.3669486890139524,
        1.7234350090438966,
        1.9006018373765983,
        4.082019749301253,
        3.0924383770907298,
        0.27578118757810444,
        2.2600927936437074,
        -0.5132261959661264,
        2.2110851300822105,
        1.7575279381126165,
        3.2355287530226633,
        -0.6153173866332509,
        -0.95846345188329,
        3.3994511933415197,
        4.801100267388392,
        11.227046390413307,
        1.9605182653176598,
        4.339466314326273,
        -0.25870904279872775,
        -0.36635796178597957,
        1.01694298122311,
        -4.153979601775063,
        3.342373588238843,
        5.4506334899924695,
        2.667639272258384,
        1.072027151560178,
        2.5434147196938284,
        0.15717340633273125,
        -0.3544302301015705,
        -0.1539951854501851,
        6.575686212599976,
        2.182111726346193,
        2.5345661049650516,
        0.45428180473390967,
        0.6062798406346701,
        4.2930723339668475,
        -3.8193252969067544,
        -5.971275142510422,
        8.374984631635016,
        1.4707549233280588,
        -0.1418051536893472,
        -0.33910010795807466,
        -3.591056968900375,
        -2.9949109492008574,
        -1.2991501409560442,
        5.284861485299189,
        0.1045423663163092,
        -1.4989086377609055,
        6.378438243293203,
        2.3308276956086047,
        1.4540946348570287,
        0.5482963739195839,
        4.396380654419772,
        -1.097443917649798,
        0.8845825183088891,
        7.8942941405694,
        9.499367064679973,
        0.6599799773830455,
        -1.5560950243961997,
        11.936609876138391,
        1.2673986792797223,
        -3.9254339925246313,
        1.4324269116332289,
        1.3045807404851075,
        0.35530641628429294,
        5.983472252002684,
        1.7394579846295528,
        5.486575625254773,
        -0.7126365231233649,
        5.128761067811865,
        -0.5361354336491786,
        9.201329753239406,
        -8.595199589733966,
        -0.3043392929248512,
        0.10989590047392994,
        0.49617856671102345,
        0.13593665286316536,
        -4.720719336997718,
        3.086920266505331,
        2.727846020599827,
        -0.48735807894263417,
