{
    "hyperparameters": {
        "learning_rate": 0.0003,
        "discount_factor": 0.99,
        "epsilon": 0.1,
        "gae_lambda": 0.95,
        "value_function_coef": 0.5,
        "num_episodes": 300,
        "num_epochs": 10,
        "batch_size": 64,
        "horizon": 512,
        "entropy_coefficient_init": 0.1,
        "entropy_coefficient_target": 0.01,
        "entropy_coefficient_const": 0.01,
        "entropy_decay_steps": 100000
    },
    "run_configs": {
        "agent": "PPOBETA",
        "environment": "ORIGINAL",
        "entropy_setting": "SCHEDULED",
        "plotting_setting": "REWARDS_AND_TRACK_DISTANCE",
        "zero_brake": false,
        "automatic_restart": false,
        "use_existing_model": "",
        "save_as_onnx_model": false,
        "seed": 42
    },
    "episodes_reward_data": [
        8.86304261481564,
        0.38317036369699053,
        1.8831349880056223,
        2.669011303980369,
        -2.6255389471843955,
        -1.7159126983315218,
        7.630359760572901,
        0.2281456812925171,
        0.7822486660443246,
        3.065758506185375,
        6.4872850546380505,
        9.96672179712914,
        2.481151405372657,
        6.71686258923728,
        15.481918594974559,
        0.03250273200683296,
        6.859640754992142,
        13.819286938989535,
        -2.221335150919913,
        0.3529686083056731,
        2.142072117771022,
        1.610788244055584,
        0.8121022841078229,
        9.842077698995126,
        2.3398228039295645,
        1.0691581849532668,
        3.6270435815968085,
        3.024969575519208,
        9.698283287740196,
        1.53258732118411,
        7.548706170353398,
        -1.5051370437431615,
        3.3134524796623737,
        2.872473021678161,
        14.13434268248966,
        5.283153978525661,
        8.76486751291668,
        41.851920316927135,
        1.361354236752959,
        28.157698418668588,
        5.340218935540179,
        13.039362982279272,
        0.13589922567189205,
        -1.087182049814146,
        44.24642298974504,
        18.633186663915694,
        46.95631013487582,
        -0.053593735909089446,
        45.67155949129665,
        17.64795646147104,
        3.8237830882135313,
        8.476180141617078,
        9.521851023615454,
        15.819377891515614,
        2.6520358500420116,
        8.056094505183864,
        153.83166351000546,
        54.23684763870551,
        117.69490066828439,
        28.12303474455257,
        146.06427458982216,
        67.52822779004055,
        167.43982929343474,
        179.6007729106641,
        204.21162633485073,
        213.87112109933514,
        210.54003341769567,
        84.2585824119451,
        127.4834676667233,
        117.25166474885191,
        195.3982445493166,
        176.68477251209697,
        218.54547270102194,
        200.5284845106362,
        199.02239913749509,
        198.51412942955358,
        208.02296170213958,
        202.95063903906703,
        219.3679660515627,
        199.1266725830792,
        214.1261039696983,
        207.6956256464473,
        200.09086761786602,
        103.12125423974067,
        210.40027374695637,
        213.5796854540822,
        206.79756164780702,
        217.46740688769933,
        207.57670916423376,
        205.52350041805767,
        208.7071457542188,
        203.08938642591238,
        193.96331252779055,
        197.38364155119052,
        206.83399929464213,
        201.34930289973272,
        197.83684047494899,
        199.51767412616755,
        205.84995340794558,
        37.69752678729128,
        188.94480722947628,
        214.848815951118,
        217.0166729000921,
        215.55141051395913,
        201.61237446595624,
        192.24375348007015,
        206.9916134311352,
        215.7821959615685,
        214.680186566693,
        222.69453186725877,
        219.7847720523714,
        174.36392514152976,
        217.1034957690572,
        208.98140955070267,
        222.3618760023528,
        189.61351586261299,
        204.65143851417815,
        107.45984432671685,
        223.99734042337514,
        28.155856470635626,
        209.98650071007432,
        216.92092188860988,
        215.55474710256385,
        67.84964853385463,
        32.344732923898846,
        215.13808322399564,
        222.1122283678269,
        222.5294113842392,
        220.41255791470758,
        238.72143642156152,
        218.95110807789024,
        231.20057766127866,
        213.33979772171006,
        203.39004198706243,
        212.76609974133316,
        49.23485222415184,
        215.91484504000982,
        219.4831277619378,
        199.90543474192964,
        217.12527404689172,
        191.92607293181936,
        209.82517220953014,
        215.67709285583987,
        221.69617889916117,
        224.57829686856712,
        226.10544447985012,
        227.069550514585,
        229.18884482736757,
        233.47037544901832,
        228.03735777374823,
        225.8802543203783,
        229.62740071932785,
        225.13782958872616,
        217.57861518490245,
        219.7505825157059,
        186.065198781871,
        213.3095933313307,
        224.90096218141844,
        218.69225963650388,
        218.37973629194312,
        214.16116779371805,
        217.17475991367246,
        223.1230943105911,
        215.17213804929634,
        222.3605424757843,
        59.11918556818273,
        224.16591423007776,
        98.94134212352219,
        224.64588127050956,
        234.33564500621287,
        233.30999017844442,
        236.33104045657092,
        92.6397163435322,
        234.75510862801457,
        26.470947055153374,
        132.80467931795283,
        232.47285191927222,
        39.86803528232849,
        189.47826633712975,
        233.50470359119936,
        93.0888224231021,
        207.60341810889076,
        241.19777086057002,
        172.8651326841209,
        90.44345268025063,
        60.11708919657394,
        109.49700185476104,
        123.85542818452814,
        231.18586023437092,
        240.64307051514334,
        36.518021822252194,
        96.81221384374658,
        5.96321635262575,
        238.2005751520337,
        58.38400585821364,
        239.85692321398528,
        228.36353103956208,
        9.540527440738515,
        244.0253350751882,
        141.27262407488888,
        246.4547177649074,
        223.3694182340405,
        250.29213046259247,
        183.49317698096274,
        247.49172621802427,
        72.59422722939053,
        164.093949113274,
        36.13725042290753,
        245.66749267705018,
        242.81418642940844,
        70.92847757972777,
        10.820541831766604,
        188.1743207668187,
        241.92637704571825,
        245.50753164855996,
        136.06513065166655,
        247.65857630147366,
        92.24026415095432,
        52.53106671740534,
        238.13789940506103,
        22.609814858296886,
        58.23393748694798,
        202.45117725164164,
        234.1746363004204,
        241.46689579513622,
        104.17101575760171,
        14.98925673213671,
        242.25204189567012,
        11.91071291163098,
        245.64897481260414,
        246.13671044798684,
        245.10029553546337,
        249.59984991216334,
        144.23830898903543,
        219.85419295885367,
        250.4249278815696,
        244.72432538564317,
        249.91054846943007,
        253.9361336166039,
        182.59022552435636,
        7.058344879551441,
        237.2468894754711,
        178.58704129510443,
        58.058185620990116,
        26.483589487877907,
        253.2546252822649,
        111.72895969571255,
        248.00609678804176,
        219.77412071148865,
        26.568329519912368,
        18.24961204981082,
        245.43681383717922,
        37.281102582695894,
        210.58499696204672,
        243.11586580472067,
        245.17315556737594,
        246.93622714513913,
        244.08747777354438,
        245.69091480658972,
