{
    "hyperparameters": {
        "learning_rate": 0.0003,
        "discount_factor": 0.99,
        "epsilon": 0.1,
        "gae_lambda": 0.95,
        "value_function_coef": 0.5,
        "num_episodes": 300,
        "num_epochs": 10,
        "batch_size": 64,
        "horizon": 512,
        "entropy_coefficient_init": 0.1,
        "entropy_coefficient_target": 0.01,
        "entropy_coefficient_const": 0.01,
        "entropy_decay_steps": 100000
    },
    "run_configs": {
        "agent": "PPOBETA",
        "environment": "ORIGINAL",
        "entropy_setting": "SCHEDULED",
        "plotting_setting": "REWARDS_AND_TRACK_DISTANCE",
        "zero_brake": false,
        "automatic_restart": false,
        "use_existing_model": "",
        "save_as_onnx_model": false
    },
    "episodes_reward_data": [
        -1.3328617714869324,
        0.520288611354772,
        -2.9241162108955905,
        -4.7874550049891695,
        -0.8994060329569038,
        4.325141291381442,
        -0.17628966461052187,
        -3.0701449722982943,
        -0.748393326648511,
        -1.7961972586344928,
        -0.7853227908781264,
        0.19980069235316478,
        1.4928554829384666,
        0.5022993369493634,
        1.2262899004854262,
        0.3098400261515053,
        0.9829141315422021,
        -0.012232732216943987,
        -1.3243649627547711,
        0.24878715787781402,
        1.756416164134862,
        6.335610180423828,
        -0.7852853507502005,
        0.9073553135967813,
        0.8555427160026738,
        1.6439769421122037,
        0.3502503388444893,
        2.6323026684694923,
        0.18539035026333295,
        -1.5660975106584374,
        1.7858999414893333,
        -0.22183518861129414,
        -0.5002993149391841,
        1.8393670461809961,
        -0.3120631824422162,
        1.94595729210414,
        -0.5676989548082929,
        1.6826167863910086,
        1.394322029693285,
        0.08558887569233775,
        3.185700760775944,
        0.4129120741854422,
        0.1736889908206649,
        0.36994672715081833,
        -5.514215404473362,
        -0.6263733135565417,
        -0.2554565080499742,
        -0.35088626184733585,
        -2.138649402942974,
        -0.36454984598822193,
        0.4307899155828636,
        1.65667667138041,
        3.023906969552627,
        0.6155787391180638,
        3.132134728686651,
        3.4687560695165303,
        1.2230145001667552,
        -0.5576349593466148,
        -0.754579818691127,
        2.745830518004368,
        3.51254523616808,
        -0.06367350283835549,
        -0.5539298929070355,
        0.522513180389069,
        1.0638367883802857,
        0.830925166097586,
        0.2376009551808238,
        -2.6917768611456268,
        -1.4372260721866041,
        3.876962682552403,
        0.27564637990144547,
        0.7869205164606683,
        2.220419743040111,
        -0.7497238260111772,
        0.3928296370722819,
        2.207539980765432,
        -0.3632823962252587,
        1.9713442914944608,
        4.4418643275494105,
        2.67933967045974,
        -2.338988585455809,
        1.3416406279429793,
        3.1598273824201897,
        0.2807091137219686,
        -0.9134708065539598,
        0.5986278703494463,
        4.879235009313561,
        2.7114542070194148,
        0.17575038767245132,
        -1.4186614171485417,
        4.036525080213323,
        5.994182885217015,
        2.265291860734578,
        0.13802434684475884,
        -0.2910103546164464,
        2.827471580792917,
        1.9255589880049229,
        0.061477627910790034,
        -0.6670789513736963,
        3.4708298643527087,
        1.1402506783488207,
        1.0717038061848143,
        -2.278328578249784,
        1.58662021215423,
        0.7371602596249431,
        0.13317956549144583,
        1.137485734274378,
        1.3391570342937484,
        5.4474487628322095,
        1.157784156035632,
        0.8121421348769218,
        0.3750664499239065,
        0.9069692777702585,
        2.907277914273436,
        6.043714623781852,
        10.080905293987598,
        0.32777323920163326,
        -0.904896614869358,
        0.4602398994320538,
        11.375202086812351,
        6.290964294923469,
        4.115532145195175,
        3.651298619748559,
        5.8559390840819106,
        2.745023592200596,
        7.720857190390234,
        5.190436286764452,
        1.2913764959666878,
        -0.4798928411328234,
        3.521369284877437,
        46.243412643438205,
        1.1409008268383332,
        6.050525475817267,
        2.352610999107128,
        14.8302810965979,
        4.526490229734918,
        30.664899851602968,
        132.16230382190406,
        29.947257162450114,
        122.14541518801707,
        7.293981620110571,
        1.6831852042523678,
        53.19561315608735,
        28.487401234946446,
        13.641212705493672,
        165.0549672412235,
        117.50772512375988,
        138.59719979134388,
        184.19112479187606,
        192.4147227932408,
        170.4640090414032,
        180.06603676150553,
        186.47295218714862,
        183.19224656626466,
        189.23608387057902,
        163.74706994146254,
        188.7560873276234,
        183.40987303499423,
        153.0777430011367,
        163.31875716724608,
        145.10644148418214,
        -0.9935481929278467,
        52.80883856356377,
        140.94631261405448,
        107.72952558088582,
        167.090614984103,
        158.63545060815522,
        166.77619486433105,
        158.11293269169983,
        155.48039461110602,
        155.4157925505133,
        160.81679209010326,
        144.92638986784732,
        170.2393494999269,
        161.18803574482445,
        112.49129110755166,
        141.5219082242984,
        92.01960688598047,
        149.19409452131367,
        140.80028711183695,
        146.52858717355411,
        146.6042558742338,
        136.78423787775682,
        146.87787198013393,
        143.8655895224656,
        124.58429782450548,
        156.87295775092207,
        134.1546858487418,
        150.51762331981445,
        144.70633498512325,
        145.00464389676927,
        157.73247998963052,
        161.36576783820055,
        156.1259034962859,
        135.05554911357467,
        134.69074662767525,
        157.0105462749343,
        175.73030261113308,
        117.24283035084954,
        171.19460013473872,
        157.01531721945503,
        24.403297342461883,
        169.4095868008444,
        161.3890276342281,
        179.61988580989419,
        66.53491821241914,
        165.1933439875138,
        166.40865902986843,
        176.70488261050195,
        95.58104996290058,
        177.08224489212444,
        180.31013811565936,
        162.0776036993775,
        160.64393017164548,
        161.69672551007534,
        169.55885351554025,
        157.28754521347582,
        172.55075633554952,
        156.18600944045465,
        168.86784427471866,
        178.44206441340793,
        167.0135226236307,
        183.25417444697814,
        191.89373728015926,
        178.30845228940598,
        190.22736341602285,
        128.4889974121761,
        195.76466270698438,
        194.83142965190927,
        197.57971656638256,
        197.93541707233817,
        208.43240513614728,
        202.14132816321217,
        206.26860878861044,
        205.0521575108869,
        214.75026944614365,
        210.21723108005244,
        216.489918298641,
        229.86001844264683,
        230.26834967407922,
        225.57497511181282,
        217.62432306510163,
        179.32643398537766,
        231.48475689160114,
        227.82159567193594,
        233.0979736073059,
        226.74136889079819,
        229.30772007029736,
        232.4720742093923,
        237.98752575949766,
        236.93997386665433,
        85.74248650785012,
        19.741323581532924,
        168.20399157401698,
        198.63996646823944,
        4.723852999020892,
        236.6847250232604,
