{
    "hyperparameters": {
        "learning_rate": 0.0003,
        "discount_factor": 0.99,
        "epsilon": 0.1,
        "gae_lambda": 0.95,
        "value_function_coef": 0.5,
        "num_episodes": 300,
        "num_epochs": 10,
        "batch_size": 64,
        "horizon": 512,
        "entropy_coefficient_init": 0.1,
        "entropy_coefficient_target": 0.01,
        "entropy_coefficient_const": 0.01,
        "entropy_decay_steps": 100000
    },
    "run_configs": {
        "agent": "PPOBETA",
        "environment": "ORIGINAL",
        "entropy_setting": "FIXED",
        "plotting_setting": "REWARDS_AND_TRACK_DISTANCE",
        "zero_brake": false,
        "automatic_restart": false,
        "use_existing_model": "",
        "seed": 5
    },
    "episodes_reward_data": [
        -4.215135045873467,
        -9.463259762647795,
        -2.976985696266638,
        -2.4288633193355054,
        -6.893601910385769,
        -0.6970647006237414,
        -10.10629094815522,
        -0.60120529710548,
        -8.203955325123388,
        -8.962271662894636,
        -4.496101591736078,
        0.09161592037708033,
        0.785528370848624,
        -1.9042184552672552,
        -0.3101281870622188,
        0.6666359172086231,
        0.15531699400162324,
        2.7312630012165755,
        1.8831357997260056,
        -1.9160701745713595,
        -0.41386077034985647,
        0.22371018848207314,
        -1.2626089192053769,
        -0.3091657135664718,
        8.059575014427537,
        -4.0469295227958355,
        -0.7666929378465284,
        1.7151685295248171,
        0.05754486337536946,
        1.301631651353091,
        -0.02218700060620904,
        4.280827496317215,
        -0.5965519093515468,
        -2.347042184890597,
        -1.813040489127161,
        0.05494876560987905,
        -0.7542894915968645,
        7.443342975224368,
        2.435133156570373,
        2.1672883589635603,
        0.09220262076996733,
        1.4002868556999601,
        3.8549810009426437,
        3.9084350976045243,
        -0.9845032886078116,
        -1.9545589496992761,
        -0.03660465680877678,
        3.3765705347177573,
        14.387327652046224,
        -1.136361549346475,
        4.1529885311611,
        -2.478330335172359,
        1.2985306425980525,
        3.8639952693192754,
        2.9402010629855795,
        1.4124117928586202,
        1.30198037304217,
        -1.0135942744091153,
        -1.3520235651085386,
        6.318297572492156,
        7.514660566142993,
        -2.7739180646894965,
        5.589792109298287,
        4.229087626459659,
        2.4744451880687848,
        9.315691861673258,
        4.737887889787089,
        -1.42272343224613,
        3.047802952118218,
        7.945032053830801,
        6.094263081147801,
        -1.1841995711729396,
        23.841634688222257,
        1.2304067395889433,
        0.8170524224406108,
        13.43622811906971,
        -0.8734202443738468,
        6.751490607159212,
        9.305071072281862,
        10.11927820686833,
        12.983595407436951,
        3.280046450177906,
        51.152733529830584,
        18.47982303221943,
        15.779933381534647,
        20.360950178699568,
        151.5057122001599,
        29.615384082666424,
        35.29558681015624,
        46.256591726792976,
        55.54160357883666,
        162.67677829350578,
        124.37628004357975,
        207.51894575176993,
        135.81056914033252,
        4.0434434387716465,
        61.01095307941432,
        187.37779261771357,
        66.04302887544327,
        172.6516059623391,
        212.36525247371173,
        226.31356091061025,
        231.7520203836175,
        79.14468901400687,
        16.4114470720815,
        228.40847674112592,
        123.7222385952482,
        225.21968197490787,
        82.69558859977406,
        47.00472722327686,
        40.94673376507126,
        162.8272884770122,
        206.2791624138481,
        202.0222033885948,
        220.34603409809642,
        221.5255734041275,
        229.20120085326198,
        233.36250831192592,
        155.2956176061998,
        37.425647689189645,
        36.29885297312285,
        99.03213771391893,
        119.63105927177821,
        235.2772260549391,
        233.30016650853213,
        242.0367741919472,
        141.7007452296093,
        248.10609274264425,
        230.58458858299127,
        66.89673184190178,
        63.05462337782956,
        243.9189381817996,
        244.4338656756736,
        7.63482757541351,
        117.95057943661232,
        239.0491743327584,
        236.48703956371173,
        166.6747507575783,
        105.22399387379119,
        233.3109024714795,
        233.9004890646611,
        190.29330409353133,
        93.9890596283949,
        234.54388819774613,
        230.18348731423612,
        93.9397543190571,
        231.10015632773866,
        239.0567548920808,
        240.52031642140355,
        37.392456556008256,
        237.51644289019168,
        246.50494622789847,
        245.38942874909844,
        251.0254525053897,
        31.188516841852106,
        26.319424295637873,
        248.39679754257668,
        244.782834327023,
        236.7612520721159,
        215.61991605805815,
        104.98569367671735,
        248.03934769306215,
        128.4112370851799,
        152.62718332977965,
        241.94475675016292,
        240.90552562786615,
        76.89001658686902,
        243.02179658209207,
        240.39133831427898,
        248.8945384380786,
        35.529486768413335,
        252.85993979134946,
        104.9920033676608,
        251.90561811632506,
        251.7094595630624,
        113.01893856085371,
        143.98727105982834,
        251.32573448240873,
        243.17556474736193,
        252.25549307652545,
        253.75563762249658,
        250.2709109190182,
        79.51113762556633,
        60.99127420970035,
        253.40231205808232,
        253.25142652960494,
        248.52999627773534,
        253.17084593963227,
        222.36944387521362,
        249.39893347444013,
        247.5304456591257,
        133.6950595110393,
        247.90561424437328,
        239.53554722110857,
        244.80975810450036,
        247.8833846276102,
        129.25820387016574,
        153.72212219657376,
        208.57741357036866,
        248.40849663352128,
        241.88381902634865,
        248.01048485579668,
        253.03006869595265,
        250.98316162981791,
        250.73189643176738,
        180.58061950298725,
        255.2995833948953,
        255.05138919089222,
        253.30953419525758,
        7.549501382833114,
        40.464970113214804,
        11.900686019049317,
        25.172383051511133,
        9.12803188932594,
        5.656705690431409,
        80.26771226013079,
        160.50506660310202,
        241.5648831300059,
        46.328703318111366,
        243.19433391914936,
        243.42156199360033,
        240.8862958924292,
        13.159344913758105,
        242.68105679989094,
        21.32987324547139,
        239.39735298760934,
        240.0952309859349,
        234.69647371367319,
        224.21693414406036,
        228.25198601794546,
        235.0483284154907,
        240.22813850625244,
        247.26260884566,
        250.34133917291183,
        256.5888330031885,
        175.88122365399613,
        256.4743179854704,
        253.12992967787432,
        254.49721569693065,
        256.3940708518494,
        31.44048678528634,
        251.50603433532524,
        90.17544060377986,
        258.58314444056305,
        252.31842038669856,
        186.16474548037513,
        250.54981806114665,
        248.62372096980107,
        247.23822053073673,
        103.23440179403406,
        249.1424003506836,
        242.44181360551738,
        250.86274184280774,
        253.46940885734512,
        251.8072532978258,
        255.5956395532121,
        252.94388875515142,
        149.47253579788958,
        253.15959830566135,
        254.13752091806236,
