{
    "hyperparameters": {
        "learning_rate": 0.001,
        "discount_factor": 0.99,
        "epsilon": 0.1,
        "gae_lambda": 0.95,
        "value_function_coef": 0.5,
        "num_episodes": 300,
        "num_epochs": 10,
        "batch_size": 64,
        "horizon": 512,
        "entropy_coefficient_init": 0.1,
        "entropy_coefficient_target": 0.01,
        "entropy_coefficient_const": 0.01,
        "entropy_decay_steps": 100000
    },
    "run_configs": {
        "agent": "PPOBETA",
        "environment": "ORIGINAL",
        "entropy_setting": "SCHEDULED",
        "plotting_setting": "REWARDS_AND_TRACK_DISTANCE",
        "zero_brake": false,
        "automatic_restart": false,
        "use_existing_model": "",
        "save_as_onnx_model": false,
        "seed": 2
    },
    "episodes_reward_data": [
        -7.587536711187568,
        -5.579848948225845,
        -0.062314455019077286,
        0.023601190318004228,
        -3.467584573547356,
        -11.887948756339028,
        -5.518885133322328,
        -4.397437295032432,
        -7.52246793161612,
        -1.2352008344023488,
        -2.4087428513448685,
        0.4369234883924946,
        -1.9112794482207391,
        -2.482852055982221,
        -0.3001145680027548,
        0.06427723856177181,
        2.448074740052107,
        -0.4859793546493165,
        -1.222067622715258,
        -0.45798461606318597,
        -4.999955145030981,
        0.1722794185843668,
        0.7892720294184983,
        0.0384923237725161,
        -0.057513772902893834,
        -0.5854606924986001,
        0.7449318925500847,
        -2.159309283888433,
        -4.600093343484332,
        -1.977805128757609,
        -0.7960128410777543,
        -0.39537974921404384,
        -0.2522650762402918,
        -0.8780079392017797,
        -3.5591711261949968,
        -2.745411846553907,
        -3.1195180031936616,
        -0.3605331765720621,
        -0.6751211580703966,
        -0.08713130274554715,
        0.7311969989095815,
        -2.551643052313011,
        0.05687463376671076,
        -0.12914791314688046,
        0.5451630887691863,
        2.8898380784667097,
        1.5114609907686827,
        -1.124969137723383,
        1.2830099177663215,
        0.6017693225876428,
        -0.411611504299799,
        -1.0241643064946402,
        2.22694931391743,
        -0.46028246155765373,
        -0.8957279687165283,
        0.4842990165343508,
        0.8223253514006501,
        1.4904139572172426,
        -0.17529731975810137,
        0.9389089613978285,
        -3.80031815887196,
        0.4760270749393385,
        -0.7332887265947647,
        0.35562363496865146,
        1.1704289459157735,
        0.8033259961812291,
        -0.9761430183716584,
        1.1756956606259337,
        0.5579078249429585,
        -0.09596784114546608,
        1.493074350146344,
        0.21085710008628666,
        0.3309279383975081,
        0.3418868543521967,
        8.040473732537066,
        1.0818356074159965,
        0.30432313615165185,
        0.16099625863716938,
        -2.1958298473473405,
        0.6244883605686482,
        0.5438530467217788,
        0.38180993363494053,
        0.1580252069979906,
        1.5677490417729132,
        1.287539518903941,
        0.192258545794175,
        0.7302028528938536,
        -0.12243115468299948,
        1.4680830672150478,
        0.3926087945874315,
        0.3098946564568905,
        9.950550204477622,
        -0.06872987779206596,
        0.6303865479421802,
        1.4345215665962314,
        0.7695169175567571,
        -0.00470597852836363,
        0.11259311041794717,
        1.4488374105130788,
        2.5329318659205455,
        0.6536953286267817,
        1.5709647170151584,
        -1.1706322335812729,
        10.660891370302124,
        9.164376665728923,
        -0.2040883414738346,
        0.6683004389342386,
        -0.3874726142385043,
        3.8827383216412272,
        6.024052816384938,
        -0.22384162072557956,
        -0.3218441512071877,
        3.0259230336669134,
        -0.38188106700545177,
        9.590260589931859,
        4.867795386642683,
        4.830977070014342,
        2.561510465471656,
        -0.4195668908942025,
        1.6010072066856083,
        -0.6252252038684674,
        2.6235213931358885,
        -2.2710658175637946,
        4.973510681273183,
        -0.09632108034566045,
        4.141970243566902,
        1.4834354706981685,
        -0.44735826045507565,
        -0.26964418560964987,
        16.432078046665993,
        1.363635537418304,
        -0.41284926657681353,
        8.571971729106735,
        8.309023616311606,
        -2.162909545659204,
        0.1719384139869362,
        1.568020801874809,
        7.023896694008727,
        -0.15736095418105833,
        0.9767301939427853,
        22.577580864788615,
        13.427943315036828,
        1.6911548943608068,
        4.700740870408481,
        29.3574641852465,
        13.776641717209714,
        -0.09474338564905338,
        7.986870745939086,
        3.4633384547487367,
        12.20511556591373,
        11.604619559948333,
        2.470630665833596,
        1.2305210393387824,
        13.280654266985948,
        13.877432591747493,
        15.120331698315567,
        45.809930150193395,
        80.6353114170488,
        -2.376247766587767,
        7.3340001211036,
        14.234231355469092,
        38.132181088090874,
        141.06737210869323,
        2.034295622477657,
        156.9355870859581,
        163.97665710933506,
        164.33258462732192,
        148.7336527389125,
        44.6686572044855,
        175.56429451800068,
        163.06426293199183,
        158.3329709227255,
        138.05390346382046,
        148.82297977276903,
        75.43904347671196,
        158.47654771298403,
        154.2180918228405,
        142.3632419515925,
        61.04082572995685,
        153.3735667555593,
        137.30111824184132,
        139.98285554430913,
        151.78527749123168,
        145.21995700331172,
        151.09159935096977,
        139.51205555573688,
        163.0700296216528,
        165.77392399168457,
        170.0073294711765,
        181.50497256941162,
        176.50223607718362,
        167.78966496651992,
        184.62556638481328,
        146.20050355122657,
        146.95904436407727,
        55.800572206804645,
        161.12727819837164,
        12.361559452285292,
        167.59707442991203,
        34.83449476666283,
        169.82497420122672,
        176.54000235852436,
        187.74719967029523,
        181.65695582905028,
        184.78976778851938,
        22.286194219253957,
        183.79508526227437,
        182.59318226210598,
        195.71878725034185,
        193.56485043134307,
        179.23047089033935,
        194.72238736657891,
        202.38767686513893,
        200.0489985739987,
        193.8076994370058,
        197.00485838204622,
        195.59426501431153,
        201.74613133777166,
        186.6574332598684,
        204.34385643839778,
        194.05830831894127,
        189.7956639631011,
        193.79777707379253,
        205.7505643836048,
        184.2940958107356,
        199.9308516100573,
        201.6521339592291,
        188.0775368523755,
        204.07035019854084,
        191.3103025466553,
        203.69156405856484,
        197.0517270113778,
        208.1085577319318,
        126.28932291772799,
        194.59012101395638,
        192.8863180210319,
        214.98600541285123,
        108.35262275769492,
        226.97454627527623,
        212.62366989030852,
        216.96251058322378,
        18.31209775659954,
        218.31919793374254,
        11.295914296468254,
        225.08635325403884,
        224.4216770194471,
        200.18024074772256,
        82.71554780936276,
        233.94562038168078,
        56.811254725034814,
        233.2812083834433,
        231.33884127665078,
        234.04569320808514,
        92.71258711768314,
        235.35128177673323,
