{
    "hyperparameters": {
        "learning_rate": 0.0003,
        "discount_factor": 0.99,
        "epsilon": 0.1,
        "gae_lambda": 0.95,
        "value_function_coef": 0.5,
        "num_episodes": 300,
        "num_epochs": 10,
        "batch_size": 64,
        "horizon": 512,
        "entropy_coefficient_init": 0.1,
        "entropy_coefficient_target": 0.01,
        "entropy_coefficient_const": 0.01,
        "entropy_decay_steps": 100000
    },
    "run_configs": {
        "agent": "PPOBETA",
        "environment": "CURVES",
        "entropy_setting": "FIXED",
        "plotting_setting": "REWARDS_AND_TRACK_DISTANCE",
        "zero_brake": false,
        "automatic_restart": false,
        "use_existing_model": "20230709_223257.422_model",
        "save_as_onnx_model": false,
        "seed": 2
    },
    "episodes_reward_data": [
        27.29241043247748,
        27.312807804963086,
        11.848049830994569,
        0.337144011980854,
        5.2647992802085355,
        8.557821397378575,
        67.59352842031512,
        -1.4496404838282615,
        29.78130734449951,
        0.29222733463393524,
        36.660093594458885,
        6.8199228987214155,
        13.101669036754174,
        71.02417980748578,
        2.896958409808576,
        62.44363494811114,
        0.27456172212259844,
        -0.5660586769809015,
        5.652803676377516,
        2.417553151200991,
        5.712426614947617,
        24.360403952479828,
        60.92641596967587,
        62.50937861262355,
        2.148190494161099,
        62.24757913762005,
        27.943430016282946,
        38.91417731111869,
        44.75923752668314,
        21.512909086770378,
        4.21362760203192,
        55.66650513099739,
        -1.0807612964999862,
        -2.2620763831655495,
        30.98622561857337,
        53.380138049222296,
        5.964156560250558,
        62.44039259420242,
        54.275647313916124,
        58.55777229787782,
        1.35424941329984,
        2.014018495741766,
        11.329995991138276,
        66.54663640627405,
        16.3260606166441,
        55.65443158952985,
        8.423727936693467,
        66.01318909419933,
        55.58798700175248,
        53.219505923916586,
        71.29161138850031,
        66.94261137937428,
        24.864011679950636,
        26.416432160767727,
        38.40135481656762,
        67.54759705046308,
        68.34370689539355,
        67.83357287742547,
        62.264925013820175,
        25.45787586690858,
        69.30856357974699,
        64.15376525942702,
        63.6281201983802,
        9.882339158677496,
        35.30048318777699,
        0.6548728755442426,
        69.51855123811401,
        68.52767714578658,
        72.3058728100732,
        54.13442614860833,
        20.379944629909005,
        68.20214655785821,
        64.70977245742688,
        68.7231327665504,
        70.09620706544956,
        68.84601172723342,
        64.89997344196308,
        67.81868335517356,
        73.72842576255789,
        59.368730415182654,
        63.95733747590566,
        76.6430158218136,
        73.59107158868574,
        70.23894183061202,
        64.03224932518788,
        71.05154210526962,
        79.9214750379615,
        70.44048559083603,
        70.29419271938968,
        62.84752982365899,
        1.8053398329066113,
        4.155089814274106,
        78.26671985766734,
        1.7992518012761138,
        59.059197198279435,
        67.51593653461896,
        69.223100628471,
        7.526914670597762,
        62.575536550284596,
        62.31155243230751,
        24.463292249827646,
        11.949275486389524,
        70.67440132374759,
        36.37642500153743,
        68.72449389705434,
        45.396290752629284,
        68.95872436044738,
        61.31700106948847,
        38.83118178497534,
        6.6467555379495025,
        60.208429616177455,
        34.82165579870343,
        64.38429311354412,
        7.557663470506668,
        15.371749747311696,
        71.00057159247808,
        63.15516540885437,
        36.907114563538926,
        7.221855267998762,
        39.96697359252721,
        8.6083906730928,
        45.673873162450036,
        2.6595539647969417,
        13.876443656976335,
        50.436011907760985,
        39.76418840448605,
        66.94339440547628,
        78.1788966972963,
        67.70816091145389,
        7.978045271534938,
        75.58588106418028,
        55.807144528778736,
        64.32617765059695,
        38.62896454142174,
        18.25114184472477,
        68.96433681156486,
        1.5743189140921459,
        32.89392407904961,
        1.999351107806433,
        50.85466590884607,
        62.69563479011413,
        74.69778802065412,
        64.45687933365116,
        66.3293285081163,
        66.24104919412639,
        6.027115344651975,
        35.57179686811287,
        2.3906090001109987,
        63.26552021410316,
        74.79297356121242,
        70.28295065625571,
        41.18303522493807,
        31.92985610209871,
        66.39113713835832,
        31.152941480773734,
        62.078537022985984,
        57.94165897439234,
        64.64309832110303,
        9.865698233392322,
        -1.055732368666213,
        46.19320927921217,
        17.424538628431037,
        5.453975258569699,
        15.555128506501205,
        28.052232724556234,
        18.417434677336132,
        6.441211100318469,
        24.539538994897157,
        33.81112895194383,
        0.5091694983129855,
        62.01990044058766,
        2.0238780818181112,
        65.14429225813365,
        65.04484406975098,
        71.83803156641079,
        36.21822039381368,
        2.634263484564144,
        37.66783021466108,
        71.80310063570505,
        26.18427619180875,
        64.80387500923825,
        15.75731787935365,
        12.148483645403758,
        9.024188253970351,
        -2.7804977303021587,
        1.333112411404727,
        70.4854408451065,
        -3.5194616959197447,
        66.03328144116676,
        1.7694938043132424,
        58.79349208838539,
        87.31882359195151,
        3.6486348363105208,
        5.595921733271098,
        -1.9758244988042861,
        2.393013791705016,
        63.39984823545092,
        48.991990304668434,
        1.7555512773105875,
        2.051983521087095,
        8.349216337548569,
        18.088290938991122,
        45.995457323326264,
        8.839829120552167,
        37.37501767714275,
        69.656850064639,
        13.598158562148456,
        37.47991297941189,
        28.876316073990893,
        -0.5602060040982906,
        62.30923223274294,
        47.85764186014421,
        15.104418689617887,
        10.15858221903909,
        68.93726646475261,
        38.02860698616132,
        39.89628948789323,
        85.1004076487734,
        3.727186428499408,
        38.02191123456578,
        4.80394956440432,
        -0.3848838248522952,
        2.895707574120024,
        2.7155543913831934,
        0.7610631684074178,
        0.17248583416221663,
        12.777779438358266,
        34.22144266226678,
        51.84060443972703,
        46.9799352575792,
        11.722003074595705,
        72.47660146656563,
        9.530144922086038,
        11.601346105424454,
        4.444378713262267,
        10.818294441676699,
        31.73367630224675,
        0.8532333559123799,
        64.46919441095088,
        21.61915323534049,
        49.707567396981176,
        72.55431770405266,
        47.60264238610398,
        3.572146954422351,
        3.0392464502947405,
        3.2841651649505366,
        19.327122103539295,
        16.023455432616174,
        85.37404911895283,
        65.51545437624736,
        3.586776650394313,
        65.81567743816413,
        32.271287042996846,
        15.834097017592285,
        44.66238079292816,
        67.43253261197242,
        25.317782999831252,
        50.413672921364196,
        4.424777137581259,
        30.90789457858773,
        56.848820437822724,
