{
    "hyperparameters": {
        "learning_rate": 0.001,
        "discount_factor": 0.99,
        "epsilon": 0.1,
        "gae_lambda": 0.95,
        "value_function_coef": 0.5,
        "num_episodes": 300,
        "num_epochs": 10,
        "batch_size": 64,
        "horizon": 1028,
        "entropy_coefficient_init": 0.1,
        "entropy_coefficient_target": 0.01,
        "entropy_coefficient_const": 0.01,
        "entropy_decay_steps": 100000
    },
    "run_configs": {
        "agent": "PPO",
        "environment": "ORIGINAL",
        "entropy_setting": "FIXED",
        "plotting_setting": "REWARDS_AND_TRACK_DISTANCE",
        "zero_brake": false,
        "automatic_restart": false,
        "use_existing_model": "",
        "save_as_onnx_model": false,
        "seed": 123
    },
    "episodes_reward_data": [
        -3.0658731439325493,
        -2.25620868630358,
        -11.430490769445896,
        2.5642528723110445,
        -5.178009757248219,
        -3.2511924933060072,
        -1.0536991256522015,
        -8.931776497338433,
        -4.8028975269407965,
        -1.3385380579566117,
        -4.147193218173925,
        -5.7919033922371455,
        0.3066492067373474,
        -5.119544321838475,
        -1.1672069339547306,
        -5.263251971045975,
        -7.56740139683825,
        -6.090264117810875,
        -4.331893691502046,
        -0.9527883291302714,
        0.26622692748787813,
        -10.068875866534654,
        -3.938590046367608,
        -3.44276109628845,
        -1.3669081538973842,
        -1.756441625271691,
        1.3360896608501207,
        -3.2269162498851074,
        -1.5288063760381192,
        -6.514760691759875,
        -1.2181262394879013,
        0.5761353658745065,
        -2.829760067499592,
        -1.6711196706164628,
        -2.43007699357986,
        -2.455028324504383,
        -3.802794791859924,
        0.12054129096213728,
        0.7381249623722397,
        2.2511892215989064,
        0.8850426680292003,
        0.28861378875444643,
        -0.74748049282789,
        -1.1653887723514345,
        1.3182318751350977,
        1.2096602634410374,
        -0.5107031752122566,
        7.60175689967582,
        2.5503210733950255,
        4.363722353024059,
        0.8278064450132661,
        0.21292864914721576,
        0.6578551078418968,
        -0.3694064265291672,
        0.9455560908463667,
        1.0509088221588172,
        -1.4455196017443086,
        1.2481004752335139,
        -2.0042729023844004,
        -3.6572752380452584,
        -0.25221392401726916,
        -0.033167796180350706,
        -0.6390014128410257,
        0.9457049259654013,
        3.8249966927978676,
        4.767428265535273,
        -0.9393733216274995,
        1.697804696566891,
        0.45224748156033456,
        -1.3852049458655529,
        -0.6943012762567378,
        0.028880614874651656,
        -2.7704070271138335,
        -0.19582688744412735,
        1.1258606070477981,
        1.7269434964837274,
        -0.852053456059366,
        0.1917246392549714,
        0.8674280500999885,
        4.365866012987681,
        0.9625888173468411,
        0.3952234016614966,
        -1.6548368682269938,
        3.882385181321297,
        0.34911711247696076,
        -0.10008690523682162,
        0.8244005792512326,
        -0.3572139639145462,
        -2.674234600053751,
        0.04606112417241093,
        -0.45448538330674637,
        0.0368899168970529,
        1.2407651018875185,
        1.1590160550258588,
        0.5494933993031736,
        7.507344572150032,
        0.5597201458876953,
        -1.5205761558609083,
        3.3376928574143676,
        5.495671129436232,
        0.842018064489821,
        0.1614698957564542,
        5.568807095231023,
        0.6141098710359074,
        2.5364184510544874,
        0.11367753078229725,
        -0.11404659925028682,
        3.4119694074906874,
        0.49658659877604805,
        0.9209149183006957,
        2.817250254272949,
        3.550834952708101,
        1.7999230435234495,
        1.1013842802494764,
        -0.6174450268154033,
        8.56007134684478,
        1.4016008414910175,
        -0.409357767959591,
        0.43692357843974605,
        1.8400771172018722,
        -0.9551426141697448,
        2.6265758506197017,
        2.694531587068923,
        0.4026702740229666,
        6.1074168993509375,
        0.1835867776098894,
        1.9251190707436763,
        1.1216865710448474,
        4.777162321668584,
        0.11700865835882723,
        0.7852746634453069,
        3.1544333492638543,
        -1.4835097116156248,
        1.2951813010004116,
        5.459081554989098,
        -1.1400724434643053,
        0.6934076167817693,
        4.0307687955209985,
        2.457077444822062,
        7.926985321071697,
        6.888515806000214,
        3.751036364614265,
        0.9412730967742391,
        0.012703520653303713,
        1.1015108213759959,
        4.811698458739556,
        0.13867789827054366,
        10.139413345663343,
        0.5328677530633286,
        0.9851051366640604,
        0.8542502258060267,
        1.9525232912565116,
        9.259281749313232,
        -1.671288001452922,
        -1.6744215394428466,
        2.10150329300086,
        7.279500005475711,
        0.5233164643868804,
        -2.435840358812129,
        1.2430473011481808,
        -1.2947259782522451,
        11.545033140399028,
        -2.261187374999281,
        4.8126044002128765,
        -0.8509785247297259,
        -0.4380850392917637,
        8.787759281083709,
        8.784669084270718,
        12.130227977322647,
        -0.819612509367289,
        3.2522253678762354,
        1.094350772415055,
        1.4017817619314883,
        1.3766067144897534,
        4.515911570779281,
        1.0907205511175562,
        8.066834835743066,
        13.517536201092298,
        4.103497274409165,
        3.989223766286159,
        4.9902150851121405,
        -0.011049639579141513,
        6.5428059523692355,
        2.256418456643587,
        -0.5893222988815978,
        2.597549606114626,
        8.787494934509596,
        -0.7088741751213092,
        27.369409849430667,
        1.3429009013343602,
        0.09620793419890106,
        24.5055422194564,
        0.7430377074633725,
        0.9131335541605949,
        3.855993477947777,
        4.485427495703334,
        1.9075857709976844,
        31.512990912917303,
        0.6910011209838558,
        10.195063932100311,
        8.500665020837914,
        4.095377944235224,
        2.950648668978829,
        41.05930123804137,
        2.8549651341163553,
        3.316039308963809,
        7.407161112809263,
        1.7245173648407217,
        42.418480662221555,
        13.094460691972927,
        5.017608840949833,
        30.459507084684446,
        1.994082844357763,
        19.378216444456484,
        39.993079208245035,
        28.998612560564652,
        50.56633892902755,
        75.09544664772693,
        5.43570306993206,
        22.08795811672462,
        21.91597957891645,
        21.40766028064536,
        102.78704731795006,
        9.635834982676897,
        128.94449654128402,
        27.9745533689711,
        21.361000311386306,
        185.66687258557067,
        109.30970313295256,
        108.52466704507242,
        196.97730791239883,
        1.8210232305136742,
        44.0963695817336,
        45.0395988526725,
        63.1570273154648,
        144.42895026970655,
        27.907954440568574,
        9.085662776364188,
        -0.4526060887146741,
        56.33445746416692,
        12.63837112528563,
        102.52042366637033,
        31.96504216255562,
        59.07800241463701,
        12.17537053320848,
        189.17748755386856,
        210.74273067794275,
        132.15270361908188,
        35.18361647007987,
        214.43763587751891,
        107.98645007153391,
        63.09777597268112,
        209.7645774406119,
        210.51929367915727,
        225.233565749455,
        229.03831903899845,
