{
    "hyperparameters": {
        "learning_rate": 0.001,
        "discount_factor": 0.99,
        "epsilon": 0.1,
        "gae_lambda": 0.95,
        "value_function_coef": 0.5,
        "num_episodes": 300,
        "num_epochs": 10,
        "batch_size": 64,
        "horizon": 512,
        "entropy_coefficient_init": 0.1,
        "entropy_coefficient_target": 0.01,
        "entropy_coefficient_const": 0.01,
        "entropy_decay_steps": 50000
    },
    "run_configs": {
        "agent": "PPO",
        "environment": "ORIGINAL",
        "entropy_setting": "SCHEDULED",
        "plotting_setting": "REWARDS_AND_TRACK_DISTANCE",
        "zero_brake": false,
        "automatic_restart": false
    },
    "episodes_reward_data": [
        -7.781326674798038,
        -0.907912808121182,
        -8.378035692643607,
        -6.446412006407627,
        -2.5343548145901877,
        2.452320296317339,
        -0.6060296592186205,
        -5.827962653740542,
        -0.6803385263265227,
        4.0672374224013765,
        31.507576601441542,
        -5.521395559946541,
        -3.947527643002104,
        1.1173494999238756,
        20.178680200100644,
        22.839470056889695,
        0.9059790200917632,
        6.480541978657129,
        31.241009752018726,
        9.487909944611602,
        105.31915920370375,
        41.16865697407775,
        19.382786426576786,
        14.840870555461152,
        126.7928676312149,
        43.8969190884236,
        44.86069451889489,
        2.861860166172846,
        123.85812144476222,
        12.581980480084894,
        159.62647596739407,
        38.068843829561956,
        34.32173286548641,
        49.642866135720396,
        144.60535593828536,
        43.24080360849621,
        68.01240375038469,
        28.2905611601891,
        142.20249063774827,
        50.82437403703807,
        138.65163734270027,
        143.76274631597335,
        80.89024822993088,
        92.31013518245163,
        46.49957478666329,
        38.06604804820381,
        3.5174585972126806,
        4.56013369030552,
        21.025436652824283,
        14.132914960500784,
        16.19974752695998,
        29.108169007566175,
        7.829641875898233,
        5.75588450403302,
        23.462055180745665,
        -1.300232366847922,
        12.982258365140297,
        24.116995970231073,
        24.592217642682954,
        15.919602409558138,
        5.688895278319251,
        0.14716328217764385,
        7.444162244966719,
        0.01915035571437329,
        35.5525607489908,
        97.06721060264681,
        15.197332547730184,
        72.75006622844376,
        32.589983678895805,
        12.691196159285028,
        97.56799224852875,
        85.89540292508536,
        21.122384428759688,
        142.64566607982852,
        150.00124787754612,
        137.9971095823421,
        17.23504847532604,
        56.475465043768054,
        144.7300109484204,
        23.509315341769252,
        148.68027835682733,
        120.44374477957172,
        145.61852298254962,
        112.81695280654822,
        107.10435994245927,
        151.1724413460688,
        21.523478035844164,
        152.53910532062582,
        139.67690262454562,
        142.04613473959034,
        151.69474566107965,
        67.62989027402364,
        138.15853230661014,
        14.324144393889583,
        10.933261055790354,
        105.16623995528789,
        114.55922890716465,
        137.35002601695305,
        52.430066905741114,
        30.368241497053532,
        146.46523310999328,
        109.6289497842954,
        19.737632321252022,
        162.47101777674834,
        157.80489464754646,
        162.62924561269756,
        153.71943065003143,
        99.75164489146846,
        29.95051936301752,
        103.1397753470228,
        64.74312817714235,
        177.9172546986665,
        18.300603780167876,
        107.91639317839872,
        76.77362152382557,
        168.59644431897323,
        36.724032703990815,
        153.67802903450502,
        159.99147586915933,
        150.31046847923426,
        178.0337486543649,
        1.4038697153810062,
        25.693670224194648,
        49.996811072924174,
        146.30834134329052,
        52.107770077331224,
        17.966744583274703,
        37.42783335069544,
        81.51003752485849,
        188.3714497458277,
        176.2582146730274,
        128.87992647354258,
        196.63252408112749,
        126.26462467736565,
        75.82955767920066,
        135.31218384768,
        207.4223894275492,
        214.85281145121553,
        23.324921800551238,
        215.51041294044262,
        31.52493742859224,
        43.93732339411508,
        101.80670578446006,
        57.74345289320627,
        206.49514567881124,
        208.589634162141,
        121.10645115148509,
        126.49758681886306,
        215.94975116004935,
        146.77926969752298,
        59.71299771650229,
        8.730626981974638,
        125.39897491587908,
        215.57593166051083,
        15.669639306361205,
        25.06573130299512,
        22.12027384107205,
        139.99382504980167,
        7.876014328649035,
        49.986060324714344,
        207.49043623587932,
        59.98232362183626,
        14.1264731886331,
        35.0940871030034,
        103.49952534673503,
        30.142116334704042,
        216.7710309679387,
        97.97412332330714,
        53.88090565589664,
        21.57122163043823,
        211.08246590678755,
        53.542825093027204,
        25.950894968736975,
        181.1611680449132,
        53.466290042466426,
        41.31916076349444,
        15.013975333233248,
        203.0454396129062,
        118.86007966753095,
        83.20024450993515,
        50.81838060481823,
        189.02841082023224,
        196.21214198572852,
        192.84187941367418,
        162.7205237695016,
        134.74404891752056,
        198.64333989392617,
        58.35392238314671,
        201.98420565365814,
        67.0944874548004,
        209.72647927153594,
        36.75601399477455,
        215.29810805282614,
        108.2249844805192,
        138.32104071823414,
        214.26067028279067,
        156.33236318890704,
        217.76189882360632,
        89.05766735743964,
        25.68766477605095,
        221.98817847733153,
        210.59995045005053,
        190.8528298601741,
        218.5809174186943,
        79.12507585040294,
        213.28955146542285,
        169.3247892341751,
        39.951903196692,
        58.78377997751522,
        209.6312637840456,
        211.93320019538805,
        220.25943611835828,
        178.78745896668988,
        94.89249009123887,
        75.467363810807,
        204.46761057416734,
        81.88529481232399,
        108.04740271289484,
        102.60728175057739,
        108.78150326080504,
        213.90150732189795,
        31.50491270753264,
        77.93710233499587,
        208.981034258235,
        29.347408891131636,
        200.8539113674342,
        52.73958671838045,
        207.0551116868155,
        210.5995311854058,
        198.83805425901664,
        206.96136753784958,
        189.213275431277,
        15.305794358668209,
        97.23442669372889,
        18.878393799022888,
        203.11317359036912,
        217.57487926637987,
        210.03747841666336,
        225.16221896442585,
        13.408242272140342,
        208.89683921367396,
        29.65724879701156,
        214.22800612129504,
        129.12953431357164,
        214.13070289912866,
        214.6711786869564,
        210.25188495175098,
        207.0022903731733,
        207.1239983457781,
        210.2580437985598,
        135.95717549088295,
        30.12499513849616,
        14.906033288221806,
        198.43933145937626,
        125.77421734266682,
        88.38305630136165,
        203.70774280198384,
        192.707756065618,
        199.03514102386544,
        52.69664514780743,
        1.4604779275687179,
        215.46220599176013,
        104.87362435183604,
