{
    "hyperparameters": {
        "learning_rate": 0.0003,
        "discount_factor": 0.99,
        "epsilon": 0.1,
        "gae_lambda": 0.95,
        "value_function_coef": 0.5,
        "num_episodes": 300,
        "num_epochs": 10,
        "batch_size": 64,
        "horizon": 512,
        "entropy_coefficient_init": 0.1,
        "entropy_coefficient_target": 0.01,
        "entropy_coefficient_const": 0.01,
        "entropy_decay_steps": 100000
    },
    "run_configs": {
        "agent": "PPOBETA",
        "environment": "ORIGINAL",
        "entropy_setting": "SCHEDULED",
        "plotting_setting": "REWARDS_AND_TRACK_DISTANCE",
        "zero_brake": false,
        "automatic_restart": false,
        "use_existing_model": "",
        "save_as_onnx_model": false,
        "seed": 123
    },
    "episodes_reward_data": [
        0.9407356024312321,
        -0.8009153131279163,
        4.036040156701347,
        3.747973002435174,
        0.11435259963036515,
        0.8075336467009038,
        -0.5882487864873838,
        -0.4117861305712722,
        3.306578162999358,
        4.034945213701576,
        -1.3729637493379414,
        -1.7248257867177017,
        2.1739458301162813,
        4.867763903377636,
        1.1594147018622607,
        -0.7841448998951819,
        6.439880625810474,
        -1.8314348197600339,
        0.5147677642526105,
        20.566306633176282,
        1.1082573383318959,
        6.162964114861097,
        3.1433202088810503,
        1.7513824497000314,
        -0.8031219144613715,
        1.2871290449984372,
        1.9027459471835755,
        1.6088285083533265,
        5.129318865161622,
        1.2997471070266329,
        -0.1100262423424283,
        -0.7173915997409495,
        13.795753028753097,
        -0.5568473324528895,
        -0.3782767534721643,
        -0.5729912978131324,
        0.35441842637374066,
        2.3617263594060205,
        9.424236836435739,
        0.082682627835311,
        11.23791978196823,
        4.012845128949266,
        1.7877127443352947,
        0.4203513401153032,
        5.004925994435325,
        2.9370133443153463,
        2.694917174099828,
        3.146846398769412,
        1.2970345818030182,
        0.08602453113417141,
        1.4219983528601006,
        3.967064770120487,
        36.49513729149476,
        2.2871997253314476,
        -2.832358726343955,
        20.636770388751756,
        73.48431525678461,
        15.781125691370107,
        16.960338755932753,
        73.95137255225563,
        76.9972789286403,
        49.81071738169703,
        133.1942629944242,
        60.609955617488595,
        26.942123142885976,
        25.547262033447623,
        120.54072083601204,
        159.3787418247084,
        55.8508190777211,
        207.10211381639238,
        31.52031204578816,
        207.84792723399005,
        220.62223517827806,
        208.3388701682852,
        77.46554092121369,
        7.477010564936791,
        108.18658919532027,
        199.58341635280522,
        222.2554529889021,
        68.33274643552431,
        34.02313056157436,
        210.5710707101971,
        154.91978498373646,
        27.53367359683034,
        34.162496979231946,
        212.78182793222368,
        23.336587513738777,
        198.69145990689867,
        205.39402477213298,
        212.40687033992435,
        202.69099053239916,
        192.21731232039747,
        58.63438232379849,
        204.03013284603367,
        206.05460055885487,
        202.34013809649332,
        131.70493407832691,
        187.51301849959418,
        197.93752578174463,
        178.31784592481563,
        122.60007502889493,
        191.4509291623035,
        191.44768663455034,
        190.4442007720936,
        27.79821056246874,
        186.31989074283047,
        200.41507241883664,
        204.65310207149014,
        202.09688800104777,
        215.71397564953077,
        201.67842471189215,
        194.95775411755312,
        68.9981775325432,
        203.78609045228222,
        140.89315576246008,
        40.23294262087438,
        67.54221514261735,
        191.35471618146403,
        67.43745218371623,
        75.99241782433819,
        148.0501221472514,
        179.76462428149534,
        161.4027310043166,
        177.66627566172974,
        204.2936411358387,
        180.91150595332147,
        186.15260478107666,
        191.5988258337893,
        180.3960876914207,
        188.58806554137846,
        197.8680923091306,
        191.98501982341986,
        191.03266863687895,
        188.5978603507392,
        199.2247533791815,
        214.29776468631462,
        199.45468918405822,
        111.49016589770326,
        199.0990189591539,
        212.4138051753689,
        210.2277998587233,
        203.19056191167329,
        214.31463147854083,
        224.51777099451283,
        225.88786542136222,
        55.69573022384429,
        173.31222089502262,
        212.7559831511462,
        216.7332493850845,
        207.6902418526588,
        204.99591757031158,
        6.19320863916073,
        85.62452877731994,
        223.08862385657267,
        120.83045459476125,
        214.67384515580488,
        175.7280018684687,
        236.85358724638354,
        228.20117368656793,
        22.482183830812573,
        25.79307801334653,
        224.63722802812117,
        116.6148384300177,
        228.377129023007,
        141.5639947387972,
        90.7385678540013,
        86.54435527895112,
        219.56878440589935,
        237.24193929089233,
        188.82235962263076,
        100.61194189084927,
        215.20746005709225,
        218.01689723166783,
        221.84365415299544,
        80.0618409770832,
        225.43105760052276,
        222.37860439048382,
        80.36169117927784,
        232.74860342640022,
        231.92895851226058,
        152.69756528284051,
        237.0228719501174,
        101.6908918103727,
        14.09255213169672,
        238.1267704226193,
        95.03595874385792,
        168.89286388465553,
        233.05113546707435,
        236.64589140057797,
        43.367703305673786,
        238.3461696942104,
        28.722930572926998,
        177.33831730105157,
        160.0507572057104,
        78.83378000851371,
        240.69850185108953,
        102.65242840262363,
        140.61297467778786,
        237.0386790770499,
        237.96182321297238,
        229.80397701004404,
        127.46946852255496,
        36.59339863155037,
        25.358426855120342,
        127.86467487481423,
        228.13890389481094,
        87.29155637611984,
        224.80046089872485,
        124.96024483433575,
        236.72428993313224,
        233.98351062560687,
        230.8118121638836,
        229.77997150662122,
        236.45111946956604,
        114.13740927921026,
        215.30104652780574,
        232.2514165872053,
        28.264169515343383,
        115.03197409857239,
        151.4730690747674,
        232.33782601781422,
        237.36744332849048,
        204.57400862846407,
        227.97592278808588,
        47.4839848143165,
        78.83017061612918,
        233.8173638881999,
        131.04977988864994,
        243.92413866217248,
        80.1470614830614,
        123.5868748507637,
        239.07768986007432,
        242.42940274364082,
        228.67947398792603,
        233.031999784449,
        163.51345310850593,
        104.44518014325877,
        238.88029903484858,
        232.42523109883768,
        100.03499846608611,
        231.52005774332792,
        9.588407597184414,
        233.71993576077512,
        229.25327233313874,
        34.35743714502314,
        242.51657324336702,
        225.63638335914584,
        223.85059573841863,
        232.58323501684936,
        234.24681967242213,
        241.95159541083558,
        114.66798035544343,
        233.13938291568775,
        24.300832579348935,
        240.1640583436092,
        238.9451694013551,
        240.1780417455011,
        236.5162787780937,
        240.2294531763764,
