{
    "hyperparameters": {
        "learning_rate": 0.0003,
        "discount_factor": 0.99,
        "epsilon": 0.1,
        "gae_lambda": 0.95,
        "value_function_coef": 0.5,
        "num_episodes": 300,
        "num_epochs": 10,
        "batch_size": 64,
        "horizon": 512,
        "entropy_coefficient_init": 0.1,
        "entropy_coefficient_target": 0.01,
        "entropy_coefficient_const": 0.01,
        "entropy_decay_steps": 100000
    },
    "run_configs": {
        "agent": "PPOBETA",
        "environment": "CURVES",
        "entropy_setting": "FIXED",
        "plotting_setting": "REWARDS_AND_TRACK_DISTANCE",
        "zero_brake": false,
        "automatic_restart": false,
        "use_existing_model": "20230709_223257.422_model",
        "save_as_onnx_model": false,
        "seed": 1
    },
    "episodes_reward_data": [
        30.128161883039866,
        2.9240356717491522,
        4.070539938751608,
        23.125365896266885,
        46.93122764851432,
        -0.6088426174828783,
        55.56770519306883,
        32.27943835585029,
        54.852951612032484,
        -0.9834643636131659,
        10.796477559313644,
        4.917644133034628,
        10.383999039331684,
        4.080677554011345,
        54.25402485241648,
        66.37153231055709,
        40.0905560721294,
        22.868162168277195,
        2.098799856961705,
        3.459094425837975,
        23.32049442117568,
        49.94620545802172,
        71.58348475705134,
        6.832084114314057,
        9.500312564952765,
        61.54128188078175,
        76.26559338590596,
        2.2255824258900248,
        10.33860369445756,
        6.450794393604156,
        47.2668308551074,
        73.71256306456053,
        0.8009365220204927,
        24.999573968583718,
        32.684510732244235,
        27.507218301063403,
        50.30725816381164,
        10.8906727200374,
        27.030289904621895,
        4.962258414772805,
        19.12457193012233,
        13.316584676504135,
        29.4203527175996,
        4.42955457395874,
        0.8306051213294268,
        3.577434446197003,
        65.8440588688245,
        37.436523395736,
        63.92259671923239,
        34.912191058538156,
        81.75546283612493,
        71.25161850056611,
        46.70684904442169,
        75.1700375302753,
        66.14954210055294,
        25.985202025040053,
        79.16094203700777,
        30.369451992679387,
        0.5162365804135334,
        2.6448697643354535,
        4.366035747400019,
        30.4690881127608,
        73.5053090430738,
        27.269333170668688,
        33.86555513978237,
        23.61914931292995,
        23.436110391223338,
        2.1031544530997053,
        9.488777281949297,
        2.94050485783373,
        46.183680315560196,
        21.923642017616658,
        70.21411453641485,
        60.28396749339299,
        66.38216516797547,
        27.56053343359963,
        69.40437876497163,
        0.9794991055969149,
        79.43456466507632,
        77.29847283277195,
        3.742213878344046,
        32.51375289593125,
        22.639381570363184,
        49.67504882591311,
        72.88595999527024,
        38.52424060169142,
        44.743854362517595,
        67.95368047250668,
        4.078260526468512,
        66.30700168709154,
        4.457921668450581,
        26.733538260683417,
        4.982612961088307,
        71.69698900016374,
        64.67677135730628,
        6.6168392015388235,
        67.87885486858431,
        32.55303937679855,
        8.614474316942506,
        57.23062134522479,
        15.764891299855663,
        35.446407512165024,
        2.119510152435396,
        0.31796657107770443,
        7.155714772990905,
        59.99132320584613,
        10.952361581614241,
        4.7668502841261216,
        75.73079635959584,
        64.91803030669689,
        34.084030402009375,
        56.133057563973125,
        63.98122558966861,
        62.4309672069503,
        27.5207659304142,
        47.252545292372815,
        36.485108121618396,
        2.208018860896118,
        4.636365027414286,
        16.90584151278017,
        28.217544812549022,
        1.7920830440416466,
        2.4029869122605305,
        37.58597851914237,
        49.20806276804069,
        9.530426970406552,
        64.8923700148298,
        0.8927271304419264,
        21.02624500618549,
        5.474158473836724,
        37.921333141159266,
        65.13960554348887,
        71.79872625449207,
        36.78423770656809,
        66.260378779436,
        51.910555318783736,
        12.773345029097982,
        70.90378088483703,
        -0.6768972545105498,
        70.19480981159722,
        43.37193925774773,
        3.9975587766675744,
        70.225952934823,
        1.2322602752246894,
        6.413976240932243,
        38.894617566867964,
        25.23414296131523,
        28.478391338401707,
        67.83572834992083,
        60.764167575747706,
        4.289584735844983,
        64.45045007084263,
        1.84434341522865,
        0.66389090125449,
        11.604222763911821,
        45.79555207595695,
        12.132893042173237,
        31.738544420688413,
        63.13573857807205,
        70.34102390875341,
        57.40760740661062,
        32.905586809676606,
        69.99729804950766,
        68.99719971430022,
        75.22812976571731,
        29.992570076399716,
        65.98475248849718,
        0.6560299188713543,
        73.64472956673126,
        73.24821332853753,
        64.59952111291932,
        58.79364691954106,
        32.85179513844196,
        68.92623867717339,
        70.35896668583155,
        69.93692067227676,
        67.55359003471676,
        44.32949774060398,
        80.64800592692336,
        70.4833241814049,
        71.37052292050794,
        40.48590607900405,
        67.61891935335007,
        -0.8526535144774243,
        69.20948870741995,
        70.59872191218892,
        59.51748263754416,
        33.77468820317881,
        69.89032800728455,
        28.64543852081988,
        46.75012017885456,
        64.12635275966022,
        12.903519535029773,
        65.5925605528173,
        68.76618544396479,
        66.75216066231951,
        65.82228365621995,
        51.24926533352118,
        65.74136936239665,
        64.75882770476164,
        65.00438927282812,
        71.9378468626528,
        60.33382671751315,
        62.21424897550605,
        62.94612946745474,
        63.73985699182958,
        65.15454188606236,
        39.941407933598384,
        16.174929629836697,
        57.84590585628757,
        66.97769351332681,
        71.78093394369353,
        71.1825113259838,
        67.91173566260841,
        38.96909174286702,
        17.555280304222833,
        66.57185225584544,
        61.28735444555059,
        4.655218049767427,
        -0.08945775183383375,
        42.77067419223022,
        -2.263808134885039,
        34.654978560633026,
        28.675129614130128,
        22.28718103998108,
        33.247977891238406,
        5.687117079156451,
        73.46014107749215,
        60.24136408837512,
        62.56304630881641,
        11.999217925709672,
        25.203959438716993,
        56.98688034916995,
        17.20337741851108,
        21.224509782798123,
        68.77199668751564,
        4.266284610959701,
        66.00063835788751,
        8.661719907773659,
        63.58761245472124,
        37.4433162076748,
        41.58470693626441,
        36.50270066576195,
        66.63924575259443,
        71.17388006736292,
        66.96952299168333,
        65.75637324294075,
        5.167944571585394,
        59.931977792293765,
        33.653207664901856,
        75.66993862338131,
        56.64362789894221,
        16.6131802185555,
        61.91329131135717,
        61.831303801503964,
        54.90500542038353,
        1.5069512839545496,
        35.132779583917,
        59.95092736923834,
        67.26800463843392,
        70.25727388178348,
        74.29345088248374,
