{
    "hyperparameters": {
        "learning_rate": 0.001,
        "discount_factor": 0.99,
        "epsilon": 0.1,
        "gae_lambda": 0.95,
        "value_function_coef": 0.5,
        "num_episodes": 300,
        "num_epochs": 10,
        "batch_size": 64,
        "horizon": 512,
        "entropy_coefficient_init": 0.1,
        "entropy_coefficient_target": 0.01,
        "entropy_coefficient_const": 0.3,
        "entropy_decay_steps": 100000
    },
    "run_configs": {
        "agent": "PPO",
        "environment": "ORIGINAL",
        "entropy_setting": "FIXED",
        "plotting_setting": "REWARDS_AND_TRACK_DISTANCE",
        "zero_brake": false,
        "automatic_restart": false
    },
    "episodes_reward_data": [
        2.7157281058025546,
        0.362262487586122,
        -6.974710944850813,
        2.6357211164868204,
        -0.5956918534648139,
        0.8533077499305364,
        2.5092142813446117,
        0.03162299416726455,
        1.4315560108479986,
        2.6033716986712534,
        -1.346030898981553,
        0.0889627760334406,
        2.7450740057684015,
        16.77255336055532,
        1.3036635543685406,
        7.319843740580836,
        2.008659796905704,
        0.11245227743347641,
        13.929582852128078,
        -0.4588106909941416,
        12.43268404698756,
        0.3089420109936327,
        2.3506249613128603,
        1.2282133346307091,
        -0.6528430792677682,
        1.6397449893556768,
        4.313044209120562,
        3.1387438547535567,
        3.756226630473975,
        5.615377832087688,
        3.344415535146254,
        -1.3162180085782893,
        13.143216774682514,
        16.78756816170062,
        3.8752208616933785,
        0.19231651921290904,
        11.05209348956123,
        0.22411861064028926,
        2.5507622818404343,
        9.515108643285203,
        12.19259602954844,
        14.74509687893078,
        11.3709117504186,
        15.278470980563725,
        0.9203477254341124,
        12.479703466960927,
        12.624118550182175,
        76.49817600671668,
        6.1074263821938075,
        -2.786200984948664,
        6.640537726751063,
        8.115956043009646,
        13.69534092133108,
        30.603741854749387,
        -4.322781416791258,
        13.506068424452678,
        24.4387303835465,
        19.69729802204529,
        5.286285128851887,
        8.713547960171127,
        18.52189881024242,
        25.205893838166958,
        35.78786248055985,
        29.721509911993053,
        69.51151377160568,
        2.9379809591919184,
        0.29261326088453643,
        67.69994211250742,
        5.826995600567898,
        13.487984839041019,
        17.93562472423946,
        122.00416483203298,
        6.844960357469972,
        50.882429343091644,
        1.2173297845365596,
        58.326730492990464,
        8.186409354617354,
        96.53426111282897,
        6.423759132230771,
        13.17696565281949,
        3.717027615144616,
        27.708712282197666,
        53.07392149718362,
        8.613407854405523,
        41.26118031624355,
        109.37031752664188,
        11.360275075829122,
        113.8423124156543,
        80.14068815170322,
        58.17888439432136,
        56.721315848932136,
        4.631574311846634,
        82.54724395204539,
        3.597052504403109,
        58.05442713544471,
        24.757039526070002,
        64.37958818023617,
        50.38588257835363,
        -1.5635405985558464,
        18.283157287107315,
        14.195790227444377,
        54.960777824235265,
        32.0911359005695,
        12.71790775860427,
        0.37593771872343495,
        66.4616178557626,
        39.04115004790947,
        -2.101470653899014,
        -1.0501548467436805,
        59.54768032117863,
        37.91836125700502,
        71.4759624733415,
        110.55155453919724,
        131.66345057115177,
        5.94373067363631,
        24.149411098915152,
        78.17382414580061,
        84.18630913249217,
        23.93084378117055,
        16.923383250366896,
        60.032886813161895,
        39.85491311970691,
        1.077404164148902,
        21.823662463066285,
        41.946220829704544,
        50.346701627160655,
        34.03319762603496,
        80.6646980151636,
        12.744966464815661,
        29.714220756315626,
        60.01118441435392,
        31.456745602976298,
        16.778486170063843,
        51.191916359515744,
        66.89313888529432,
        72.08474464705796,
        40.18245728514739,
        7.1323090353180305,
        15.474777253355569,
        61.775756982155144,
        38.17774923106481,
        43.83377786821802,
        17.186531750208815,
        95.25726311519975,
        42.83849231695058,
        36.300751398535795,
        2.094021585508017,
        11.61313271628751,
        34.03098340095312,
        75.84107854369358,
        119.48019725136692,
        -0.2497789395711152,
        39.06898736276344,
        17.16798606319935,
        45.009522406209726,
        76.34321933281899,
        4.594837894139346,
        7.285486576234689,
        5.097679624217562,
        35.06646704807645,
        11.180567015326233,
        68.70534648938337,
        40.07473576415214,
        137.9957553774293,
        7.5042751351429615,
        74.96184627679759,
        31.269039843056817,
        -0.20990116948087234,
        16.66184702780447,
        11.52712396789866,
        82.42082460457459,
        142.6297421027266,
        57.92097275087144,
        31.97423833693756,
        4.834551358129829,
        24.072629471469554,
        4.569335465290351,
        51.15998367150314,
        3.0843150520231575,
        37.78801737219328,
        89.9612405027292,
        2.052837944647763,
        86.99650178404409,
        27.63287499713624,
        7.589987612969708,
        134.29202033483307,
        59.036315554287285,
        102.98553691763664,
        20.990585314226337,
        84.18062664386525,
        11.876056621200405,
        20.34393740259111,
        26.50214305244299,
        7.680193597319885,
        33.335343242943054,
        82.81884490835364,
        53.338377559455694,
        8.373608127425541,
        15.16804550436791,
        16.962402951248805,
        2.0030265347886598,
        44.47036356078752,
        1.9830666700727306,
        32.10404386562004,
        72.430671225884,
        86.95579559510224,
        36.140108221850824,
        39.993667850329075,
        50.6848932702851,
        24.798051562120236,
        18.64186718645942,
        70.49487711416441,
        66.40885539300507,
        12.238996008847607,
        14.469104984833393,
        0.6695094158349093,
        47.58807507826714,
        1.316768345721357,
        -1.6896444123995025,
        135.75599233077082,
        4.116998937475728,
        20.52001974725863,
        24.849439540848834,
        14.075597887305776,
        102.04022579746379,
        8.864702992446837,
        9.663730264175683,
        18.753236135817133,
        5.99477577075595,
        2.0375266442424618,
        25.96733011836477,
        55.815973275894066,
        43.87053124532031,
        24.782003326836275,
        9.99449087260291,
        44.47214615267876,
        3.682031433505472,
        10.929977806372335,
        81.4417961004001,
        6.896478001304786,
        19.57912566167215,
        92.68114185906597,
        14.432738202158362,
        18.260916162689682,
        138.27534441740136,
        77.54738694321713,
        17.47299416025635,
        57.595594298880314,
        39.21145296658506,
        33.24876731814584,
        111.21610637533013,
        53.56007920233242,
        64.0777330174169,
        11.063941375570721,
        5.02907677051553,
        5.198811317066429,
        41.80363729194505,
        45.19136212832382,
        122.83721744998911,
        76.9379546669079,
        12.68155005283188,
        17.267500799207482,
        30.344307741463126,
        33.38578193857393,
