{
    "hyperparameters": {
        "learning_rate": 0.0003,
        "discount_factor": 0.99,
        "epsilon": 0.1,
        "gae_lambda": 0.95,
        "value_function_coef": 0.5,
        "num_episodes": 300,
        "num_epochs": 10,
        "batch_size": 64,
        "horizon": 512,
        "entropy_coefficient_init": 0.1,
        "entropy_coefficient_target": 0.01,
        "entropy_coefficient_const": 0.01,
        "entropy_decay_steps": 100000
    },
    "run_configs": {
        "agent": "PPOBETA",
        "environment": "CURVES",
        "entropy_setting": "FIXED",
        "plotting_setting": "REWARDS_AND_TRACK_DISTANCE",
        "zero_brake": false,
        "automatic_restart": false,
        "use_existing_model": "20230709_223257.422_model",
        "save_as_onnx_model": false,
        "seed": 123
    },
    "episodes_reward_data": [
        24.10846114801825,
        35.56351395233651,
        6.4282353502349,
        0.186557361332234,
        10.711395153339254,
        4.636744442337658,
        6.5054637407301925,
        22.19352887972491,
        23.001864457444753,
        25.819150765339145,
        23.326994299830403,
        5.320616207711282,
        71.15290150808869,
        29.858064714702778,
        66.63374950538855,
        14.148038375758915,
        29.0141874087858,
        56.562137319822796,
        24.35563914658269,
        19.655527764058206,
        62.77971206436632,
        29.355701116204727,
        75.37593011523131,
        64.38481693679933,
        28.078243684605695,
        33.23798681772314,
        28.327071223320672,
        -1.0958289504633285,
        -0.10794284264557064,
        28.637064002919942,
        25.293955235858448,
        71.15273582644295,
        24.3975490340963,
        57.85796583438059,
        65.67648259364069,
        59.20215710878256,
        60.008558513975004,
        38.96947713039117,
        1.029029151861323,
        38.04172754357569,
        4.070630369475111,
        26.50925956410356,
        23.34842036094051,
        66.8476911157195,
        28.75224791179062,
        31.686619189364137,
        4.583529460651334,
        24.169127545319498,
        71.08351959736319,
        13.318713429267518,
        65.18577487056609,
        64.68588969408302,
        30.99124726210721,
        55.33714137325296,
        53.725181788555346,
        54.1097225487174,
        24.765618091332726,
        58.132518023310695,
        48.75425493973307,
        2.918293748574797,
        26.01413005788345,
        74.14450718811713,
        49.49732658499852,
        26.951374448020943,
        35.62802577216644,
        36.707711674505845,
        63.82608634204371,
        56.0117777378764,
        30.348581094527617,
        63.838022294279654,
        67.0526912988862,
        2.7166307711449917,
        23.417552537459414,
        25.431516957003623,
        57.049150487349834,
        59.647034320631064,
        76.16666789492592,
        3.853844166500494,
        72.09535670891637,
        63.47223086259328,
        68.23404878296424,
        66.66269683418795,
        19.90520699735498,
        74.68197839910863,
        68.45566841808613,
        68.92185647264705,
        65.85719802169478,
        28.053261072956957,
        1.2070701265183743,
        68.29371677560266,
        2.7346980790025555,
        69.4563270653016,
        40.120340513356496,
        67.27410928002791,
        1.832917699124664,
        71.99617152501014,
        66.54724858992267,
        69.00904108787654,
        50.7628485794412,
        66.56490613776259,
        62.27769829821773,
        63.938085907604545,
        5.166093385894783,
        58.63221150141908,
        33.73900198639603,
        42.33168258779915,
        59.9513780765119,
        73.42219826417568,
        67.92334775393829,
        66.83243193797534,
        57.408361191744916,
        57.089476401684806,
        60.591331510746386,
        64.14097790373489,
        57.833835514611565,
        64.29415552638238,
        64.38858679152327,
        67.8989708761801,
        67.47990756944637,
        71.25592023690115,
        33.56027970951982,
        67.67010125744855,
        58.76037956934306,
        53.17922431496845,
        8.554770972987171,
        1.39881372867967,
        65.83904910643469,
        1.7269968412583694,
        11.677296537556686,
        40.51283263775986,
        66.57536291281576,
        31.221530522656394,
        69.15164146811003,
        5.293801383697428,
        5.416980837268056,
        0.1854110971908085,
        69.46961397893028,
        79.4521980631398,
        73.4992341514444,
        53.74727322597755,
        -1.7063779399904888,
        9.848977235233178,
        32.98174547706731,
        72.85857289409614,
        73.30296220700257,
        68.78425516060088,
        31.510166395251872,
        -2.3531203363090754,
        13.25067661673529,
        18.062739521003095,
        60.08241455355892,
        76.37194816104602,
        49.206497459555976,
        7.197019796818495,
        0.3079422947485,
        3.6173482638550922,
        74.75566621281905,
        24.663160096213687,
        66.91604297090089,
        78.353394813661,
        70.52404354244936,
        53.10968315010541,
        2.8677484062791336,
        76.82243411894888,
        78.33165766508318,
        77.91594624679419,
        78.07137073087506,
        55.72380869096378,
        52.53681555608637,
        2.7899169919546694,
        58.44943402564968,
        81.50962451874511,
        77.08371892187279,
        0.7870659905602224,
        68.95317354839062,
        0.5457361116423272,
        6.495399331513909,
        56.54603976297949,
        0.10118030026205815,
        7.190237325237831,
        72.46196811267873,
        74.18455735174939,
        65.49090356985107,
        45.087671619228786,
        0.049348251544870436,
        81.233378451725,
        47.32617763511371,
        75.06421987403883,
        27.285913548024837,
        1.960038390418049,
        1.9072455449932022,
        7.0075351238192525,
        30.732472581323236,
        1.4087561402120627,
        28.30331343540456,
        9.747134270961396,
        75.43863853416406,
        48.24126375990454,
        76.14880235551391,
        69.48303698375821,
        73.30704403549316,
        10.095312897406984,
        -1.9306093913328368,
        28.51965189445764,
        54.15478367317701,
        -0.04418961860937998,
        74.22351251752116,
        77.68682551098755,
        29.067830053856596,
        1.6648248975980096,
        0.9859377304674126,
        -1.6703150054381695,
        0.8062114293861669,
        38.99951806390891,
        -0.5306709606666118,
        31.443094460730208,
        30.2369775971747,
        4.384416415792657,
        79.11636301863473,
        76.74108693294693,
        37.546336146246176,
        0.7236772284959443,
        27.213418571278453,
        32.047608160588425,
        3.4827912171022035,
        17.232797549309907,
        0.51544203289086,
        59.261833829805255,
        4.21655685143196,
        50.37356473211548,
        71.60651378944749,
        80.29683965997538,
        70.41716754846857,
        2.6716898523736745,
        20.398720891738776,
        70.02439791781944,
        9.913073770803749,
        5.132774582336424,
        1.1035868927137926,
        27.581826574722072,
        76.20934715826297,
        25.087652502494166,
        72.83280290619587,
        3.2041604231344536,
        1.9059396669035777,
        25.062584306288045,
        69.73157851444557,
        29.913441201439127,
        2.1146875582053326,
        22.68782163155265,
        26.188627424940933,
        6.109096741565736,
        7.421546522382414,
        5.256680106875137,
        -2.689883220300544,
        0.5191426087985747,
        4.494528291164897,
        -2.225824170454871,
        29.968570326804183,
        3.1687879166565835,
        27.470569201745093,
