{
    "hyperparameters": {
        "learning_rate": 0.0003,
        "discount_factor": 0.99,
        "epsilon": 0.1,
        "gae_lambda": 0.95,
        "value_function_coef": 0.5,
        "num_episodes": 300,
        "num_epochs": 10,
        "batch_size": 64,
        "horizon": 512,
        "entropy_coefficient_init": 0.1,
        "entropy_coefficient_target": 0.01,
        "entropy_coefficient_const": 0.01,
        "entropy_decay_steps": 100000
    },
    "run_configs": {
        "agent": "PPO",
        "environment": "ORIGINAL",
        "entropy_setting": "FIXED",
        "plotting_setting": "REWARDS_AND_TRACK_DISTANCE",
        "zero_brake": false,
        "automatic_restart": false,
        "use_existing_model": "",
        "save_as_onnx_model": false,
        "seed": 42
    },
    "episodes_reward_data": [
        -4.497729959140997,
        -5.625758677779231,
        -1.4360692801710684,
        -10.021570263139438,
        -1.9315829678962473,
        -1.4037975712199113,
        -4.864050181407947,
        -3.471345200261567,
        0.4051465920638293,
        -4.444499692472164,
        -2.703183286037529,
        -0.6797856079065241,
        -6.247665981063619,
        -11.956924452329986,
        -2.3625395088165533,
        -0.8396203831653111,
        -1.4677541417768225,
        -2.002535269159125,
        -2.1099424460553564,
        -1.0439129141450394,
        -0.706482002948178,
        -1.266554426685616,
        -0.6432035806647036,
        0.06223405373748392,
        -0.9287038334878162,
        -0.2266781225334853,
        0.01691368719912134,
        -0.22723440412664786,
        0.5757324864389375,
        0.8495511998480652,
        0.47558749493327923,
        -0.4104695810528938,
        0.5791429702512687,
        -0.9841049566166475,
        1.1173480815632502,
        1.0865396935842,
        -3.060034739348339,
        -0.9892502966686152,
        -1.6056108086340828,
        1.0395744476263644,
        -2.4511899457720574,
        1.6410924176161643,
        -0.8387889571022242,
        0.6967481779574882,
        -0.7885104632587172,
        0.46035995775309857,
        0.06392748019425198,
        1.4408225927618332,
        -1.7140666470804717,
        -1.442671036151296,
        -0.9620430094946641,
        -1.15431037847884,
        0.6380556809017435,
        -3.7938880925648846,
        0.562177218918805,
        0.48858849456883036,
        0.2374309721053578,
        1.2399064634810202,
        -1.7748007975169457,
        -2.2258996368473163,
        1.1691489486111095,
        0.08660890137252863,
        1.274403213057667,
        0.5529713362338953,
        -5.525441099773161,
        -2.1127356508513913,
        0.01069702225504443,
        0.8003012169283465,
        -0.1387016544758808,
        -1.9243405286688358,
        -1.0930737397866324,
        0.5489021811226849,
        0.316035777941579,
        1.467787297675386,
        -0.7451634520257358,
        1.1026362561970018,
        0.23310753039550036,
        -3.416047499398701,
        -2.3511230980802793,
        0.29057953928713687,
        2.012142199338996,
        -1.0320073068141937,
        -0.22128167503979057,
        0.8600133539584931,
        -0.2447000777174253,
        1.610965327883605,
        0.9184074820659589,
        1.983543117705267,
        0.9501448757946491,
        1.310218157566851,
        0.32677008566679433,
        1.0997421942156507,
        0.4575515019532759,
        2.246289505623281,
        -0.5032762918126537,
        0.740484570938861,
        -0.7952857842319645,
        -0.4343389920977643,
        -1.1365124325384386,
        -0.31071766959212255,
        -0.048237207636702806,
        -1.0651130883197766,
        1.1009021849604324,
        -0.6593185512028867,
        2.4538463272037916,
        -1.1535589482664363,
        0.8367188920383342,
        0.09416547272121534,
        1.3836238628427964,
        1.4742885932791978,
        -0.7956295168114593,
        0.5754481028416194,
        -0.17922669666586444,
        -1.3480527036590502,
        1.4412495653377846,
        0.8077650793420617,
        1.7838408696115948,
        -1.2459099539701128,
        2.3528185926843435,
        0.6842190690222196,
        0.5870791284687584,
        0.026187728391960263,
        -4.058374039595947,
        0.05001458161859773,
        1.2977875557844527,
        2.192363764566835,
        0.5236778207181487,
        -2.364664976950735,
        -1.6292610451200744,
        0.3935781557811424,
        2.153834961616667,
        1.2099852117389673,
        -1.073719626845559,
        -1.5915681714832317,
        -0.07703326467890292,
        1.3390513889025897,
        0.7568545546964742,
        -1.2180940107355127,
        1.1519375382631551,
        0.3861181357788155,
        0.7984994828002527,
        0.9632727127755061,
        0.8248559876810759,
        -0.7348031636793166,
        -0.30512912401900394,
        -1.7131935214347322,
        1.0514670068369014,
        -1.8648645385692362,
        1.809421833793749,
        0.47238640225259587,
        1.697689427091973,
        0.6568935573668568,
        1.6223607503343374,
        -0.27153966879996005,
        -0.7533987248461926,
        -0.5127716532442719,
        -0.3251618747599423,
        1.5148422011116054,
        0.6996709328377619,
        0.4252798335219268,
        0.5615490022755694,
        0.695185755554121,
        -1.4799221426364966,
        -1.613858464799705,
        1.324362143073813,
        -2.2608377924989327,
        0.2955940187093802,
        1.0070496468688361,
        -0.6982623751682695,
        2.067325015028473,
        1.0890486382122617,
        1.565651061508106,
        -0.49734195388737135,
        -0.3060240354971029,
        0.3875790723832324,
        -0.3930339855141938,
        -0.42588283302029595,
        0.5559218210692052,
        2.2713050965685397,
        0.04831749724689871,
        0.5017659226723481,
        -0.6081739467044827,
        0.4594931713072583,
        0.5972006559022702,
        -1.5086813552916283,
        -1.0916068074729992,
        -1.470019804284675,
        0.08742358963354491,
        -1.680013292003423,
        0.39048717520199716,
        3.4998611622140743,
        0.2160092628619168,
        1.929835342161823,
        0.37000818506930955,
        0.3208571809809655,
        1.756684894207865,
        0.9642890216782689,
        1.0564178348286077,
        -1.5354137409012765,
        -0.8343670750400634,
        1.7307864382964908,
        2.253603912948165,
        2.309612848373945,
        0.9378924017073587,
        -3.046990819799248,
        -0.4948720691172639,
        -0.9260270100494381,
        0.8502242071554065,
        1.5600557152938563,
        1.2853257379611023,
        2.328185635327827,
        1.1239749530795962,
        2.3533288862672634,
        -1.271540021749388,
        1.1986379436275456,
        0.2885415032505989,
        0.8478613367187791,
        -1.2844699498091359,
        1.1459020869806409,
        1.1302346810116433,
        1.2031643409864046,
        -1.2959144826018019,
        2.137943578636623,
        4.041869123815559,
        -1.9273940747370943,
        3.8008503479941282,
        2.1333247183356434,
        -0.42913646256783977,
        1.7216187618323602,
        1.2924324458872434,
        -1.008807285965304,
        1.2827500961284386,
        0.44258682655345183,
        0.23553201381582767,
        2.0348135483436636,
        1.3435757903789636,
        -1.2096171885496005,
        1.2132789932802552,
        -1.5360962913619005,
        1.1577957067929674,
        3.6852347956155427,
        1.5932026062509976,
        -1.5368380999643705,
        0.687182750669308,
        0.8183353520580567,
        1.3493963512592018,
        1.4004059362778207,
        2.6025398151832633,
        -0.21988196688471362,
        -0.3301926885906141,
        0.5703517075744458,
        2.097345239657443,
        6.840814708484686,
