{
    "hyperparameters": {
        "learning_rate": 0.001,
        "discount_factor": 0.99,
        "epsilon": 0.1,
        "gae_lambda": 0.95,
        "value_function_coef": 0.5,
        "num_episodes": 300,
        "num_epochs": 10,
        "batch_size": 64,
        "horizon": 512,
        "entropy_coefficient_init": 0.1,
        "entropy_coefficient_target": 0.01,
        "entropy_coefficient_const": 0.01,
        "entropy_decay_steps": 100000
    },
    "run_configs": {
        "agent": "SB_PPO",
        "environment": "ORIGINAL",
        "entropy_setting": "FIXED",
        "plotting_setting": "REWARDS_AND_TRACK_DISTANCE",
        "zero_brake": false,
        "automatic_restart": false,
        "use_existing_model": "",
        "save_as_onnx_model": false
    },
    "episodes_reward_data": [
        1.4072886991489213,
        1.57643747725524,
        -2.5503109129858785,
        1.517720034957165,
        1.1364813266409328,
        0.29062884399900213,
        0.36598548518668395,
        2.8414826311636716,
        1.4997284269993543,
        0.6460150202037767,
        -1.9564327200932894,
        0.9973991571605438,
        22.3395056266163,
        7.40486569229688,
        4.93144366965862,
        9.461710027171648,
        4.716860554704908,
        1.5784420126947225,
        1.3737888240721077,
        0.4254958583624102,
        6.008863638184266,
        -1.1450737981649581,
        -0.7646619199367706,
        0.3449271610152209,
        0.5845075291581452,
        -0.8051016352837905,
        4.847241003866657,
        1.7218137269665021,
        5.299485936091514,
        3.2868872502294835,
        15.549918147542485,
        -0.5129372913506813,
        -0.7013240254455013,
        3.427488775952952,
        6.876804193248972,
        9.118421770035638,
        32.161644048959715,
        5.481422231383476,
        14.27019265978015,
        -0.48743784952239366,
        2.212998944465653,
        7.816943833226105,
        0.4063717826793436,
        12.200411532714497,
        0.6077006066043396,
        5.6810381652612705,
        5.111553196446039,
        10.150907356422977,
        0.06567593901127111,
        50.94689858471975,
        9.059744854443124,
        -0.009676482091890648,
        3.7233944437175523,
        16.43387296304718,
        0.48487401055172086,
        35.34277531619591,
        4.42172385082813,
        4.607032544678077,
        5.969179219275247,
        -1.4654970527262776,
        3.3505031824461184,
        1.9871321787213674,
        28.518049723337754,
        22.690875266074727,
        20.5359003347221,
        35.47131020919187,
        69.53536818745488,
        137.48081220665335,
        126.26864747400396,
        90.27871175528344,
        152.3219510500203,
        175.57015174228582,
        17.79631612531375,
        40.64365093291053,
        181.27457345830044,
        14.30307445465587,
        193.38520324302954,
        42.34813509703963,
        196.22345948708244,
        181.52849865038297,
        98.4471114326443,
        96.96706466309843,
        130.57226509835164,
        4.4135342939407565,
        216.0490539741877,
        220.02053463898483,
        36.538221957627684,
        208.98174754205684,
        40.050409205199685,
        40.24589209651458,
        172.9248612553929,
        26.746785047493177,
        204.22258325640723,
        37.82308323899633,
        108.0871861182386,
        111.85898566583637,
        220.86831123878073,
        220.10206492355792,
        225.71312747836055,
        89.57216611935291,
        178.8272590713168,
        230.75960055143514,
        98.38947093358729,
        31.057822007664072,
        224.52785108730313,
        90.40768969623605,
        227.7017378903547,
        134.14612666986068,
        8.775218250986654,
        232.673978577237,
        231.42220934279612,
        199.98684796958696,
        72.19582279716269,
        238.02645787710208,
        237.52173633029452,
        169.5600631803245,
        239.93615763892012,
        241.9376021723001,
        118.88017893015058,
        59.318996076341136,
        185.28491087383009,
        32.66268893214874,
        241.94917903927853,
        245.83209423796507,
        239.24081932083936,
        244.06545418180758,
        245.84644417939126,
        244.54913357409532,
        16.673031675629318,
        77.92755567686982,
        243.08150421000755,
        106.44504697882803,
        115.09137909172568,
        244.16008696280187,
        247.55833413708024,
        57.16413489088882,
        248.58750727104052,
        226.25394487485755,
        70.54337141895667,
        65.50691633406677,
        249.32078274915693,
        141.42686953765224,
        63.31172368011903,
        13.043664380420523,
        53.002659883670276,
        35.55966314516263,
        256.32058825631975,
        252.73917418179917,
        250.11330308947072,
        133.53917670386727,
        129.53324433507805,
        73.99432137475378,
        50.846484932510066,
        49.658683422981994,
        251.39557485474506,
        224.8784858181025,
        154.30006045431946,
        184.0352557253791,
        250.63894891366363,
        23.690300779911922,
        119.34598723445379,
        151.25787097522698,
        85.74353239371703,
        254.39012741387705,
        253.42379281827016,
        254.51761465417803,
        253.49510354196536,
        99.68690711952513,
        49.68250839303073,
        83.19933578645578,
        238.6341772080632,
        217.42831257139915,
        81.01861052800086,
        252.36352597094083,
        250.7568467463425,
        254.46367026308144,
        174.04809967226174,
        127.32996011905925,
        157.3203571492195,
        252.4951523441414,
        67.99910955358064,
        49.85594788304297,
        253.94335777591914,
        256.3012171089067,
        178.84053688071435,
        80.3624926317134,
        251.81750212541374,
        25.615519889513962,
        207.36503422778333,
        16.711379783053417,
        252.79133942558838,
        254.53826097390265,
        114.84600267883798,
        85.3279837424343,
        249.07507922350487,
        250.97115880053025,
        247.32139724935405,
        248.9114566804201,
        101.8061121389037,
        24.215165179411997
    ],